200404270002,2004,4,27,"",0,"",200,10,Middle East & North Africa,Damascus,Damascus,33.515244,36.292084,1,0,The incident occurred in the Mazza district of Damascus.,"04/27/2004: Four gunmen detonated a car bomb in the diplomatic quarters of Damascus, Syria in the Mazza district. Syrian security forces then surrounded the gunmen and a gunbattle ensued. One police officer and one civilian was killed as well as two of the gunmen. The two other gunmen were wounded in the attack.",1,1,1,0,"","",0,1,0,3,Bombing/Explosion,2,Armed Assault,"","",7,Government (Diplomatic),46,Embassy/Consulate,Diplomatic Quarters in Damascus,Diplomatic Quarters in Damascus,422,International,3,Police,25,Police Security Forces/Officers,Syrian Police,Syrian police officer,200,Syria,14,Private Citizens & Property,67,Unnamed Civilian/Unspecified,Civilian,Indiscriminate Syrian civilian near the Diplomatic Quarters in Damascus,200,Syria,Unknown,"","","","","",Unknown,0,"","",0,4,2,0,"","","","","","","","","",6,Explosives,15,Vehicle,5,Firearms,5,Unknown Gun Type,"","","","","","","","","",4,0,2,2,0,2,1,4,Unknown,"","",0,"","","","","","","","","","","","","","","",Government officials believe that Al-Qaida was responsible for the attack but have not officially confirmed it.,"\"Zeina Karam, \"\"Gunmen",police clash in Syrian capital; 4 killed,"\"\" Associated Press",April 27,"2004.\"","\"\"\"Clash follows Syria bombing","\"\" The International Herald Tribune",April 29,"2004.\""
197408140001,1974,8,14,"",0,"",200,10,Middle East & North Africa,Aleppo,Aleppo,36.201721,37.14352,1,0,"","",1,1,1,0,"","",0,1,0,3,Bombing/Explosion,"","","","",7,Government (Diplomatic),46,Embassy/Consulate,"",US pavilion at Damascus International Fair,217,United States,"","","","","","","","","","","","","","","","",Arab Communist Organization,"","","","","","",0,"","",0,"","","","","","","","","","","","",6,Explosives,16,Unknown Explosive Type,"","","","","","","","","","","","",Explosive,0,0,"",2,2,"",1,3,Minor (likely < $1 million),5000,"",0,"","","","","","",0,"","","","","","","","","","","","",PGIS,0,1,1,1,""
200609120004,2006,9,12,"",0,"",200,10,Middle East & North Africa,Damascus,Damascus,33.515244,36.292084,1,0,The incident occurred at the U.S. Embassy in Damascus.,"09/12/2006: Islamic militants attacked the US embassy in Damascus, Syria, with hand grenades, rifles, and a vehicle rigged with explosives; one guard died while the four attackers died. No group claimed responsibility for the attack.",1,1,1,0,"","",0,1,0,3,Bombing/Explosion,2,Armed Assault,"","",7,Government (Diplomatic),46,Embassy/Consulate,U.S. Embassy in Damascus,Unknown,217,United States,"","","","","","","","","","","","","","","","",Unknown,"","","","","",Unknown,0,"","",0,4,0,-9,"","","","","","","","",-9,6,Explosives,15,Vehicle,6,Explosives,7,Grenade,5,Firearms,4,Rifle/Shotgun (non-automatic),"","","","","",5,0,4,0,0,0,-9,"","","","",0,"","","","","","","","","","","","","","","","","�Militants attempt to storm U.S. Embassy in Syria; Syrian forces kill three attackers, government reports,� Grand Rapid Press (Michigan), September 12, 2006.","�Gunmen attack US embassy in Syria,� Guardian Unlimited, September 12, 2006.","Albert Aji, �At least three attackers killed after gunmen apparently blow up car outside U.S. Embassy in Damascus,� Associated Press Worldstream, September 12, 2006.",CETIS,-9,-9,1,1,""
197409140001,1974,9,14,"",0,"",200,10,Middle East & North Africa,Aleppo,Aleppo,36.201721,37.14352,1,0,"","",1,1,1,0,"","",0,1,0,3,Bombing/Explosion,"","","","",7,Government (Diplomatic),46,Embassy/Consulate,"",USIS Construction Site,217,United States,"","","","","","","","","","","","","","","","",Arab Communist Organization,"","","","","","",0,"","",0,"","","","","","","","","","","","",6,Explosives,16,Unknown Explosive Type,"","","","","","","","","","","","",Explosive,0,"","",6,"","",1,3,Minor (likely < $1 million),10000,"",0,"","","","","","",0,"","","","","","","","","","","","",PGIS,0,1,1,1,""
197410100001,1974,10,10,"",0,"",200,10,Middle East & North Africa,Aleppo,Aleppo,36.201721,37.14352,1,0,"","",1,1,1,0,"","",0,1,0,3,Bombing/Explosion,"","","","",1,Business,3,Bank/Commerce,"",National Cash Register Office,217,United States,"","","","","","","","","","","","","","","","",Arab Communist Organization,"","","","","","",0,"","",0,"","","","","","","","","","","","",6,Explosives,16,Unknown Explosive Type,"","","","","","","","","","","","",Explosive,1,1,"",1,1,"",1,3,Minor (likely < $1 million),10000,"",0,"","","","","","",0,"","","","","","","","","","","","",PGIS,0,1,1,1,""
197410110002,1974,10,11,"",0,"",200,10,Middle East & North Africa,Aleppo,Aleppo,36.201721,37.14352,1,0,"","",1,1,1,0,"","",0,1,0,3,Bombing/Explosion,"","","","",1,Business,3,Bank/Commerce,"",National Cash Register Company Offices,217,United States,"","","","","","","","","","","","","","","","",Arab Communist Organization,"","","","","","",0,"","",0,"","","","","","","","","","","","",6,Explosives,16,Unknown Explosive Type,"","","","","","","","","","","","",Explosive,0,0,"",0,0,"",1,3,Minor (likely < $1 million),5000,"",0,"","","","","","",0,"","","","","","","","","","","","",PGIS,0,1,1,1,""
197501030001,1975,1,3,"",0,"",200,10,Middle East & North Africa,Aleppo,Aleppo,36.201721,37.14352,1,0,"","",1,1,1,0,"","",0,1,0,3,Bombing/Explosion,"","","","",7,Government (Diplomatic),46,Embassy/Consulate,"",Jordanian Embassy,102,Jordan,"","","","","","","","","","","","","","","","",Popular Front for the Liberation of Palestine (PFLP),"","","","","","",0,"","",0,"","","","","","","","","","","","",6,Explosives,16,Unknown Explosive Type,"","","","","","","","","","","","",Explosive,0,"","",0,"","",1,3,Minor (likely < $1 million),15000,"",0,"","","","","","",0,"","","","","","","","","","","","",PGIS,0,1,1,1,""
197501030002,1975,1,3,"",0,"",200,10,Middle East & North Africa,Aleppo,Aleppo,36.201721,37.14352,1,0,"","",1,1,1,0,"","",0,1,0,3,Bombing/Explosion,"","","","",7,Government (Diplomatic),46,Embassy/Consulate,"",Egyptian Embassy,60,Egypt,"","","","","","","","","","","","","","","","",Popular Front for the Liberation of Palestine (PFLP),"","","","","","",0,"","",0,"","","","","","","","","","","","",6,Explosives,16,Unknown Explosive Type,"","","","","","","","","","","","",Explosive,0,"","",0,"","",1,"","","","",0,"","","","","","",0,"","","","","","","","","","","","",PGIS,0,1,1,1,""
197609260001,1976,9,26,"",0,"",200,10,Middle East & North Africa,Aleppo,Aleppo,36.201721,37.14352,1,0,"","",1,1,1,0,"","",0,1,0,5,Hostage Taking (Barricade Incident),"","","","",1,Business,8,Hotel/Resort,"",hotel,200,Syria,"","","","","","","","","","","","","","","","",Abu Nidal Organization (ANO),Black June,"","","","","",0,"","",0,4,"","","","","","","","","","","",5,Firearms,2,Automatic or Semi-Automatic Rifle,"","","","","","","","","","","","",Automatic firearm,5,"","",34,"","",1,3,Minor (likely < $1 million),100000,"",1,90,0,"","","","",0,"","","","","","","","","","","","",PGIS,0,1,0,1,""
197612010001,1976,12,1,"",0,"",200,10,Middle East & North Africa,Aleppo,Aleppo,36.201721,37.14352,1,0,"","",1,1,1,0,"","",0,0,0,1,Assassination,"","","","",7,Government (Diplomatic),45,"Diplomatic Personnel (outside of embassy, consulate)",Syrian Govt,"Abd-al-Halim Khaddam, Foreign Minister",200,Syria,"","","","","","","","","","","","","","","","",Abu Nidal Organization (ANO),Black June,"","","","","",0,"","",0,"","","","","","","","","","","","",5,Firearms,2,Automatic or Semi-Automatic Rifle,"","","","","","","","","","","","",Automatic firearm,0,"","",1,"","",0,"","","","",0,"","","","","","",0,"","","","","","","","","","","","",PGIS,0,1,0,1,""
197706180001,1977,6,18,"",0,"",200,10,Middle East & North Africa,Aleppo,Aleppo,36.201721,37.14352,1,0,"","",1,1,0,1,1,Insurgency/Guerilla Action,0,1,0,1,Assassination,"","","","",4,Military,34,"Military Personnel (soldiers, troops, officers, forces)",Syrian Army,General,200,Syria,"","","","","","","","","","","","","","","","",Unknown,"","","","","","",0,"","",0,"","","","","","","","","","","","",5,Firearms,2,Automatic or Semi-Automatic Rifle,"","","","","","","","","","","","",Automatic firearm,1,"","",0,"","",0,"","","","",0,"","","","","","",0,"","","","","","","","","","","","",PGIS,-9,-9,0,-9,""
197707040002,1977,7,4,"",0,"",200,10,Middle East & North Africa,Aleppo,Aleppo,36.201721,37.14352,1,0,"","",1,1,0,1,1,Insurgency/Guerilla Action,0,1,0,3,Bombing/Explosion,"","","","",4,Military,27,Military Barracks/Base/Headquarters/Checkpost,Syrian Air and Air Defense Forces,Headquarters,200,Syria,"","","","","","","","","","","","","","","","",Unknown,"","","","","","",0,"","",0,"","","","","","","","","","","","",6,Explosives,16,Unknown Explosive Type,"","","","","","","","","","","","",Explosive,"","","","","","",1,3,Minor (likely < $1 million),15000,"",0,"","","","","","",0,"","","","","","","","","","","","",PGIS,-9,-9,0,-9,""
197707100003,1977,7,10,"",0,"",200,10,Middle East & North Africa,Aleppo,Aleppo,36.201721,37.14352,1,0,"","",1,1,1,0,"","",0,1,0,3,Bombing/Explosion,"","","","",2,Government (General),18,"Government Personnel (excluding police, military)","",Ministry of the luterior,200,Syria,"","","","","","","","","","","","","","","","",Unknown,"","","","","","",0,"","",0,"","","","","","","","","","","","",6,Explosives,16,Unknown Explosive Type,"","","","","","","","","","","","",Explosive,0,"","",0,"","",1,"","","","",0,"","","","","","",0,"","","","","","","","","","","","",PGIS,-9,-9,0,-9,""
197810030002,1978,10,3,"",0,"",200,10,Middle East & North Africa,Daraa,Jenin,32.980668,36.269916,1,0,"","",1,1,1,-9,"","",0,1,0,2,Armed Assault,"","","","",19,Transportation,99,Bus (excluding tourists),"",bus,200,Syria,"","","","","","","","","","","","","","","","",Unknown,"","","","","","",0,"","",0,"","","","","","","","","","","","",8,Incendiary,"","","","","","","","","","","","","","",Incendiary,"","","","","","",1,4,Unknown,"","",0,"","","","","","",0,"","","","","","","","","","","","",PGIS,-9,-9,0,-9,""
197903000002,1979,3,0,"",0,"",200,10,Middle East & North Africa,Aleppo,Aleppo,36.201721,37.14352,1,0,"","",1,1,1,-9,"","",0,1,0,2,Armed Assault,"","","","",3,Police,23,Police Patrol (including vehicles and convoys),"",Police pat,200,Syria,"","","","","","","","","","","","","","","","",Unknown,"","","","","","",0,"","",0,"","","","","","","","","","","","",5,Firearms,2,Automatic or Semi-Automatic Rifle,"","","","","","","","","","","","",Automatic firearms,"","","","","","",1,4,Unknown,"","",0,"","","","","","",0,"","","","","","","","","","","","",PGIS,-9,-9,0,-9,""
197906000010,1979,6,0,"",0,"",200,10,Middle East & North Africa,Hamah,Hamah,35.129181,36.760738,1,0,"","",1,1,0,1,1,Insurgency/Guerilla Action,0,1,0,1,Assassination,"","","","",4,Military,34,"Military Personnel (soldiers, troops, officers, forces)",Syrian Armed Forces (SAF),Military intelligence officers,200,Syria,"","","","","","","","","","","","","","","","",Unknown,"","","","","","",0,"","",0,"","","","","","","","","","","","",5,Firearms,3,Handgun,"","","","","","","","","","","","",Pistol,3,"","",0,"","",0,"","","","",0,"","","","","","",0,"","","","","","","","","","","","",PGIS,-9,-9,0,-9,""
197906000011,1979,6,0,"",0,"",200,10,Middle East & North Africa,Aleppo,Aleppo,36.201721,37.14352,1,0,"","",1,1,0,1,1,Insurgency/Guerilla Action,0,1,0,1,Assassination,"","","","",4,Military,34,"Military Personnel (soldiers, troops, officers, forces)",Syrian Army,Major,200,Syria,"","","","","","","","","","","","","","","","",Unknown,"","","","","","",0,"","",0,"","","","","","","","","","","","",13,Unknown,"","","","","","","","","","","","","","","",1,"","",0,"","",0,"","","","",0,"","","","","","",0,"","","","","","","","","","","","",PGIS,-9,-9,0,-9,""
197906000012,1979,6,0,"",0,"",200,10,Middle East & North Africa,Aleppo,Aleppo,36.201721,37.14352,1,0,"","",1,1,1,0,"","",0,1,0,1,Assassination,"","","","",2,Government (General),18,"Government Personnel (excluding police, military)",Mezze Prison,Deputy Governor,200,Syria,"","","","","","","","","","","","","","","","",Unknown,"","","","","","",0,"","",0,"","","","","","","","","","","","",13,Unknown,"","","","","","","","","","","","","","","",1,"","",0,"","",0,"","","","",0,"","","","","","",0,"","","","","","","","","","","","",PGIS,-9,-9,0,-9,""
197906160007,1979,6,16,"",0,"",200,10,Middle East & North Africa,Aleppo,Aleppo,36.201721,37.14352,1,0,"","",1,1,0,1,1,Insurgency/Guerilla Action,0,1,0,3,Bombing/Explosion,"","","","",4,Military,28,Military Recruiting Station/Academy,Syrian Armed Forces (SAF),Artillery School,200,Syria,"","","","","","","","","","","","","","","","",Muslim Brotherhood,"","","","","","",1,"","",0,14,"","","","","","","","","","","",5,Firearms,2,Automatic or Semi-Automatic Rifle,6,Explosives,7,Grenade,"","","","","","","","",Automatic firearm; Grenades,54,"","","","","",1,3,Minor (likely < $1 million),25000,"",0,"","","","","","",0,"","","","","","","","","","","","",PGIS,0,1,0,1,""
197906240008,1979,6,24,"",0,"",200,10,Middle East & North Africa,Rif Dimashq,Zabandani,33.725571,36.104458,1,1,"","",1,1,0,1,1,Insurgency/Guerilla Action,0,1,0,1,Assassination,"","","","",4,Military,34,"Military Personnel (soldiers, troops, officers, forces)",Syrian Army,Major,200,Syria,"","","","","","","","","","","","","","","","",Unknown,"","","","","","",0,"","",0,"","","","","","","","","","","","",13,Unknown,"","","","","","","","","","","","","","","",1,"","",0,"","",0,"","","","",0,"","","","","","",0,"","","","","","","","","","","","",PGIS,-9,-9,0,-9,""
197906250002,1979,6,25,"",0,"",200,10,Middle East & North Africa,Damascus,Damascus,33.515244,36.292084,1,0,"","",1,1,1,0,"","",0,1,0,1,Assassination,"","","","",4,Military,27,Military Barracks/Base/Headquarters/Checkpost,Syrian Armed Forces (SAF),Colonel,200,Syria,"","","","","","","","","","","","","","","","",Unknown,"","","","","","",0,"","",0,"","","","","","","","","","","","",5,Firearms,5,Unknown Gun Type,"","","","","","","","","","","","",Firearm,1,"","",0,"","",0,"","","","",0,"","","","","","",0,"","","","","","","","","","","","",PGIS,-9,-9,0,-9,""
197906260011,1979,6,26,"",0,"",200,10,Middle East & North Africa,Unknown,Unknown,"","",5,0,"","",1,1,0,1,1,Insurgency/Guerilla Action,0,1,0,2,Armed Assault,"","","","",4,Military,35,Military Transportation/Vehicle (excluding convoys),Syrian Armed Forces (SAF),Buses,200,Syria,"","","","","","","","","","","","","","","","",Unknown,"","","","","","",0,"","",0,"","","","","","","","","","","","",8,Incendiary,"","","","","","","","","","","","","","",Incendiary,"","","",30,"","",1,3,Minor (likely < $1 million),10000,"",0,"","","","","","",0,"","","","","","","","","","","","",PGIS,-9,-9,0,-9,""
197907100003,1979,7,10,"",0,"",200,10,Middle East & North Africa,Aleppo,Aleppo,36.201721,37.14352,1,0,"","",1,1,1,0,"","",0,0,0,3,Bombing/Explosion,"","","","",2,Government (General),15,Politician or Political Party Movement/Meeting/Rally,"",Afab Socialist Bath Party Center,200,Syria,"","","","","","","","","","","","","","","","",Muslim Brotherhood,"","","","","","",0,"","",0,3,"","","","","","","","","","","",13,Unknown,"","","","","","","","","","","","","","","",2,"","",1,"","",0,"","","","",0,"","","","","","",0,"","","","","","","","","","","","",PGIS,0,1,0,1,""
197907100004,1979,7,10,"",0,"",200,10,Middle East & North Africa,Damascus,Damascus,33.515244,36.292084,1,0,"","",1,1,1,0,"","",0,1,0,3,Bombing/Explosion,"","","","",2,Government (General),20,Intelligence,"",Headquarters of intelligence service,200,Syria,"","","","","","","","","","","","","","","","",Opponents of Regime,"","","","","","",0,"","",0,"","","","","","","","","","","","",6,Explosives,16,Unknown Explosive Type,"","","","","","","","","","","","",Explosive,"","","","","","",1,"","","","",0,"","","","","","",0,"","","","","","","","","","","","",PGIS,-9,-9,0,-9,""
197908030003,1979,8,3,"",0,"",200,10,Middle East & North Africa,Aleppo,Aleppo,36.201721,37.14352,1,0,"","",1,1,1,0,"","",0,1,0,1,Assassination,"","","","",2,Government (General),15,Politician or Political Party Movement/Meeting/Rally,Presidetn Assail,"Dr. Mahmoud Shehadeh and Chaffeur, Personal physician",200,Syria,"","","","","","","","","","","","","","","","",Unknown,"","","","","","",0,"","",0,"","","","","","","","","","","","",5,Firearms,5,Unknown Gun Type,"","","","","","","","","","","","",Firearm,2,"","",0,"","",0,"","","","",0,"","","","","","",0,"","","","","","","","","","","","",PGIS,-9,-9,0,-9,""
197908070006,1979,8,7,"",0,"",200,10,Middle East & North Africa,Homs,Homs,34.717705,36.722824,1,0,"","",0,1,1,1,2,Other Crime Type,0,1,0,1,Assassination,"","","","",14,Private Citizens & Property,77,Laborer (General)/Occupation Identified,"","Dr. Mahmoud Dayoud, Physician",200,Syria,"","","","","","","","","","","","","","","","",Unknown,"","","","","","",0,"","",0,"","","","","","","","","","","","",5,Firearms,3,Handgun,"","","","","","","","","","","","",Pistol,1,"","",0,"","",0,"","","","",0,"","","","","","",0,"","","","","","","","","","","","",PGIS,-9,-9,0,-9,""
197908140010,1979,8,14,"",0,"",200,10,Middle East & North Africa,Hamah,Hamah,35.129181,36.760738,1,0,"","",0,1,1,1,2,Other Crime Type,0,1,0,1,Assassination,"","","","",14,Private Citizens & Property,77,Laborer (General)/Occupation Identified,"","Dr Assam Zaim, physican",200,Syria,"","","","","","","","","","","","","","","","",Unknown,"","","","","","",0,"","",0,"","","","","","","","","","","","",5,Firearms,5,Unknown Gun Type,"","","","","","","","","","","","",Firearm,1,"","",0,"","",0,"","","","",0,"","","","","","",0,"","","","","","","","","","","","",PGIS,-9,-9,0,-9,""
197908230005,1979,8,23,"",0,"",200,10,Middle East & North Africa,Latakia,Latakia,35.528404,35.79232,1,0,"","",1,1,1,0,"","",0,1,0,1,Assassination,"","","","",15,Religious Figures/Institutions,85,Religious Figure,Alawite Sect,"Yousuf Sarim, Sheikia, Religious leader",200,Syria,"","","","","","","","","","","","","","","","",Muslim Brotherhood,"","","","","","",0,"","",0,"","","","","","","","","","","","",5,Firearms,5,Unknown Gun Type,"","","","","","","","","","","","",Firearms,1,"","",0,"","",0,"","","","",0,"","","","","","",0,"","","","","","","","","","","","",PGIS,0,1,0,1,""
197908310004,1979,8,31,"",0,"",200,10,Middle East & North Africa,Latakia,Latakia,35.528404,35.79232,1,0,"","",1,1,1,0,"","",0,1,0,1,Assassination,"","","","",2,Government (General),18,"Government Personnel (excluding police, military)","","Governmen official, local, Nader Hussry",200,Syria,"","","","","","","","","","","","","","","","",Muslim Brotherhood,"","","","","","",0,"","",0,"","","","","","","","","","","","",13,Unknown,"","","","","","","","","","","","","","","",1,"","",0,"","",0,"","","","",0,"","","","","","",0,"","","","","","","","","","","","",PGIS,0,1,0,1,""
197909010002,1979,9,1,"",0,"",200,10,Middle East & North Africa,Aleppo,Aleppo,36.201721,37.14352,1,1,"","",1,1,0,1,1,Insurgency/Guerilla Action,0,1,0,1,Assassination,"","","","",4,Military,34,"Military Personnel (soldiers, troops, officers, forces)",Syrian Army,Major,200,Syria,"","","","","","","","","","","","","","","","",Muslim Brotherhood,"","","","","","",0,"","",0,"","","","","","","","","","","","",13,Unknown,"","","","","","","","","","","","","","","",1,"","",0,"","",0,"","","","",0,"","","","","","",0,"","","","","","","","","","","","",PGIS,0,1,0,1,""
197909020001,1979,9,2,"",0,"",200,10,Middle East & North Africa,Latakia,Latakia,35.528404,35.79232,1,0,"","",1,1,1,0,"","",0,1,0,3,Bombing/Explosion,"","","","",14,Private Citizens & Property,73,Vehicles/Transportation,"",Parked Cars,200,Syria,"","","","","","","","","","","","","","","","",Muslim Brotherhood,"","","","","","",0,"","",0,"","","","","","","","","","","","",6,Explosives,16,Unknown Explosive Type,"","","","","","","","","","","","",Explosive,"","","","","","",1,"","","","",0,"","","","","","",0,"","","","","","","","","","","","",PGIS,0,1,0,1,""
197909020002,1979,9,2,"",0,"",200,10,Middle East & North Africa,Latakia,Latakia,35.528404,35.79232,1,0,"","",1,1,1,0,"","",0,1,0,7,Facility/Infrastructure Attack,"","","","",1,Business,11,Entertainment/Cultural/Stadium/Casino,"",Theater,200,Syria,"","","","","","","","","","","","","","","","",Muslim Brotherhood,"","","","","","",0,"","",0,"","","","","","","","","","","","",8,Incendiary,"","","","","","","","","","","","","","",Incendiary,"","","","","","",1,"","","","",0,"","","","","","",0,"","","","","","","","","","","","",PGIS,0,1,0,1,""
197909020003,1979,9,2,"",0,"",200,10,Middle East & North Africa,Latakia,Latakia,35.528404,35.79232,1,0,"","",1,1,1,0,"","",0,1,0,3,Bombing/Explosion,"","","","",1,Business,11,Entertainment/Cultural/Stadium/Casino,"",Beach Club,200,Syria,"","","","","","","","","","","","","","","","",Muslim Brotherhood,"","","","","","",0,"","",0,"","","","","","","","","","","","",6,Explosives,16,Unknown Explosive Type,"","","","","","","","","","","","",Explosive,"","","","","","",1,"","","","",0,"","","","","","",0,"","","","","","","","","","","","",PGIS,0,1,0,1,""
197909080002,1979,9,8,"",0,"",200,10,Middle East & North Africa,Aleppo,Aleppo,36.201721,37.14352,1,0,"","",1,1,1,0,"","",0,1,0,3,Bombing/Explosion,"","","","",6,Airports & Aircraft,43,Airline Officer/Personnel,"",Airline Sales office,200,Syria,"","","","","","","","","","","","","","","","",Muslim Brotherhood,"","","","","","",0,"","",0,"","","","","","","","","","","","",6,Explosives,16,Unknown Explosive Type,"","","","","","","","","","","","",Explosive,0,"","",0,"","",1,"","","","",0,"","","","","","",0,"","","","","","","","","","","","",PGIS,0,1,0,1,""
197909120003,1979,9,12,"",0,"",200,10,Middle East & North Africa,Aleppo,Aleppo,36.201721,37.14352,1,0,"","",1,1,1,0,"","",0,1,0,3,Bombing/Explosion,"","","","",2,Government (General),21,Government Building/Facility/Office,"",Government Security Service Range Rover,200,Syria,"","","","","","","","","","","","","","","","",Muslim Brotherhood,"","","","","","",1,"","",0,"","","","","","","","","","","","",6,Explosives,16,Unknown Explosive Type,"","","","","","","","","","","","",Explosive,4,"","",0,"","",1,3,Minor (likely < $1 million),10000,"",0,"","","","","","",0,"","","","","","","","","","","","",PGIS,0,1,0,1,""
197909140004,1979,9,14,"",0,"",200,10,Middle East & North Africa,Homs,Homs,34.717705,36.722824,1,0,"","",1,1,0,1,1,Insurgency/Guerilla Action,0,1,0,1,Assassination,"","","","",4,Military,34,"Military Personnel (soldiers, troops, officers, forces)",Syrian Army,Lieutenant Colonel Ibramim Alia,200,Syria,"","","","","","","","","","","","","","","","",Shia Muslim extremists,"","","","","","",0,"","",0,"","","","","","","","","","","","",5,Firearms,5,Unknown Gun Type,"","","","","","","","","","","","",Firearm,1,"","",0,"","",0,"","","","",0,"","","","","","",0,"","","","","","","","","","","","",PGIS,-9,-9,0,-9,""
197909140005,1979,9,14,"",0,"",200,10,Middle East & North Africa,Hamah,Hamah,35.129181,36.760738,1,0,"","",1,1,0,1,1,Insurgency/Guerilla Action,0,1,0,2,Armed Assault,"","","","",4,Military,34,"Military Personnel (soldiers, troops, officers, forces)",Syrian Army,Sergeant,200,Syria,"","","","","","","","","","","","","","","","",Muslim extremists,"","","","","","",0,"","",0,"","","","","","","","","","","","",5,Firearms,5,Unknown Gun Type,"","","","","","","","","","","","",Firearm,1,"","",0,"","",0,"","","","",0,"","","","","","",0,"","","","","","","","","","","","",PGIS,-9,-9,0,-9,""
197909200007,1979,9,20,"",0,"",200,10,Middle East & North Africa,Aleppo,Aleppo,36.201721,37.14352,1,0,"","",1,1,0,1,1,Insurgency/Guerilla Action,0,1,0,1,Assassination,"","","","",4,Military,34,"Military Personnel (soldiers, troops, officers, forces)",Syrian Army,Colonel Mohammed Jamil Naddahh,200,Syria,"","","","","","","","","","","","","","","","",Shia Muslim extremists,"","","","","","",1,"","",0,"","","","","","","","","","","","",5,Firearms,5,Unknown Gun Type,"","","","","","","","","","","","",Firearm,1,"","",0,"","",0,"","","","",0,"","","","","","",0,"","","","","","","","","","","","",PGIS,-9,-9,0,-9,""
197909240002,1979,9,24,"",0,"",200,10,Middle East & North Africa,Aleppo,Aleppo,36.201721,37.14352,1,0,"","",1,1,1,0,"","",0,1,0,3,Bombing/Explosion,"","","","",2,Government (General),15,Politician or Political Party Movement/Meeting/Rally,"",Ba'ath Party Office,200,Syria,"","","","","","","","","","","","","","","","",Muslim Brotherhood,"","","","","","",0,"","",0,"","","","","","","","","","","","",6,Explosives,16,Unknown Explosive Type,"","","","","","","","","","","","",Explosive,0,"","",0,"","",1,"","","","",0,"","","","","","",0,"","","","","","","","","","","","",PGIS,0,1,0,1,""
197910150003,1979,10,15,"",0,"",200,10,Middle East & North Africa,Aleppo,Aleppo,36.201721,37.14352,1,0,"","",1,1,1,0,"","",0,1,0,1,Assassination,"","","","",14,Private Citizens & Property,84,Political Party Member/Rally,Members Alawite Ruling Sect led by President Assad,Prominent members of Alawite Community,200,Syria,"","","","","","","","","","","","","","","","",Muslim Brotherhood,"","","","","","",0,"","",0,"","","","","","","","","","","","",5,Firearms,5,Unknown Gun Type,"","","","","","","","","","","","",Firearms,2,"","",0,"","",0,"","","","",0,"","","","","","",0,"","","","","","","","","","","","",PGIS,0,1,0,1,""
197912030004,1979,12,3,"",0,"",200,10,Middle East & North Africa,Aleppo,Aleppo,36.201721,37.14352,1,0,"","",1,1,1,0,"","",0,1,0,3,Bombing/Explosion,"","","","",15,Religious Figures/Institutions,86,Place of Worship,"",Al-Ghfran Mosque (Near Aleppo University),200,Syria,"","","","","","","","","","","","","","","","",Muslim Brotherhood,"","","","","","",0,"","",0,"","","","","","","","","","","","",6,Explosives,16,Unknown Explosive Type,"","","","","","","","","","","","",Explosive,"","","","","","",1,"","","","",0,"","","","","","",0,"","","","","","","","","","","","",PGIS,0,1,0,1,""
197912030007,1979,12,3,"",0,"",200,10,Middle East & North Africa,Aleppo,Aleppo,36.201721,37.14352,1,0,"","",1,1,1,0,"","",0,1,0,1,Assassination,"","","","",14,Private Citizens & Property,68,Named Civilian,"",Riyad Abd Al-Karim Jiyah,200,Syria,"","","","","","","","","","","","","","","","",Muslim Brotherhood,"","","","","","",0,"","",0,"","","","","","","","","","","","",5,Firearms,5,Unknown Gun Type,"","","","","","","","","","","","",Firearms,1,"","",0,"","",0,"","","","",0,"","","","","","",0,"","","","","","","","","","","","",PGIS,0,1,0,1,""
198001160002,1980,1,16,"",0,"",200,10,Middle East & North Africa,Aleppo,Aleppo,36.201721,37.14352,1,0,"","",1,1,1,0,"","",0,1,0,3,Bombing/Explosion,"","","","",6,Airports & Aircraft,43,Airline Officer/Personnel,"",Aeroflot Office,359,Soviet Union,"","","","","","","","","","","","","","","","",Unknown,"","","","","","",0,"","",0,"","","","","","","","","","","","",6,Explosives,16,Unknown Explosive Type,"","","","","","","","","","","","",Explosive,0,"","",0,"","",1,3,Minor (likely < $1 million),75000,"",0,"","","","","","",0,"","","","","","","","","","","","",PGIS,-9,-9,1,1,""
198001160003,1980,1,16,"",0,"",200,10,Middle East & North Africa,Aleppo,Aleppo,36.201721,37.14352,1,0,"","",1,1,1,0,"","",0,1,0,3,Bombing/Explosion,"","","","",6,Airports & Aircraft,43,Airline Officer/Personnel,"",Aeroflot Office,359,Soviet Union,"","","","","","","","","","","","","","","","",Unknown,"","","","","","",0,"","",0,"","","","","","","","","","","","",6,Explosives,16,Unknown Explosive Type,"","","","","","","","","","","","",Explosive,0,"","",0,"","",1,"","","","",0,"","","","","","",0,"","","","","","","","","","","","",PGIS,-9,-9,1,1,""
198001190006,1980,1,19,"",0,"",200,10,Middle East & North Africa,Aleppo,Aleppo,36.201721,37.14352,1,0,"","",1,1,1,0,"","",0,1,0,1,Assassination,"","","","",2,Government (General),18,"Government Personnel (excluding police, military)",Syrian Gov't,Advisors,359,Soviet Union,"","","","","","","","","","","","","","","","",Muslim Brotherhood,"","","","","","",0,"","",0,"","","","","","","","","","","","",5,Firearms,3,Handgun,"","","","","","","","","","","","",Pistol,6,"","",0,"","",0,"","","","",0,"","","","","","",0,"","","","","","","","","","","","",PGIS,0,1,1,1,""
198001240004,1980,1,24,"",0,"",200,10,Middle East & North Africa,Aleppo,Aleppo,36.201721,37.14352,1,0,"","",1,1,1,0,"","",0,1,0,1,Assassination,"","","","",14,Private Citizens & Property,68,Named Civilian,unk,"\"Soviet \"\"Expert\"\"","Soviet National\"",359,Soviet Union,"","","","","","","","","","","","","","","","",Muslim Brotherhood,"","","","","","",0,"","",0,"","","","","","","","","","","","",5,Firearms,5,Unknown Gun Type,"","","","","","","","","","","","",Firearms,1,"","",0,"","",0,"","","","",0,"","","","","","",0,"","","","","","","","","","","","",PGIS,0,1,1,1
198002020004,1980,2,2,"",0,"",200,10,Middle East & North Africa,Aleppo,Aleppo,36.201721,37.14352,1,0,"","",1,1,1,0,"","",0,1,0,1,Assassination,"","","","",15,Religious Figures/Institutions,85,Religious Figure,Sunni Moslem,Leading Clergyman Mohammed Chami,200,Syria,"","","","","","","","","","","","","","","","",Muslim Brotherhood,"","","","","","",0,"","",0,"","","","","","","","","","","","",5,Firearms,3,Handgun,"","","","","","","","","","","","",Pistol,1,"","",0,"","",0,"","","","",0,"","","","","","",0,"","","","","","","","","","","","",PGIS,0,1,0,1,""
198002180012,1980,2,18,"",0,"",200,10,Middle East & North Africa,Aleppo,Aleppo,36.201721,37.14352,1,0,"","",1,1,1,0,"","",0,1,0,3,Bombing/Explosion,"","","","",19,Transportation,99,Bus (excluding tourists),"",Bus,200,Syria,"","","","","","","","","","","","","","","","",Muslim Brotherhood,"","","","","","",0,"","",0,"","","","","","","","","","","","",5,Firearms,2,Automatic or Semi-Automatic Rifle,6,Explosives,11,"Projectile (rockets, mortars, RPGs, etc.)","","","","","","","","",Automatic firearm; Rockets,34,"","",0,"","",1,"","","","",0,"","","","","","",0,"","","","","","","","","","","","",PGIS,0,1,0,1,""
198002260002,1980,2,26,"",0,"",200,10,Middle East & North Africa,Latakia,Latakia,35.528404,35.79232,1,0,"","",1,1,0,1,1,Insurgency/Guerilla Action,0,1,0,3,Bombing/Explosion,"","","","",4,Military,35,Military Transportation/Vehicle (excluding convoys),Syrian Armed Forces (SAF),Vehicle,200,Syria,"","","","","","","","","","","","","","","","",Muslim Brotherhood,"","","","","","",0,"","",0,"","","","","","","","","","","","",6,Explosives,16,Unknown Explosive Type,"","","","","","","","","","","","",Explosive,0,"","",10,"","",1,"","","","",0,"","","","","","",0,"","","","","","","","","","","","",PGIS,0,1,0,1,""
198002260003,1980,2,26,"",0,"",200,10,Middle East & North Africa,Latakia,Latakia,35.528404,35.79232,1,0,"","",1,1,1,0,"","",0,1,0,3,Bombing/Explosion,"","","","",8,Educational Institution,49,School/University/Educational Building,"",National Hospital Nurse's School,200,Syria,"","","","","","","","","","","","","","","","",Muslim Brotherhood,"","","","","","",0,"","",0,"","","","","","","","","","","","",6,Explosives,16,Unknown Explosive Type,"","","","","","","","","","","","",Explosive,0,"","",0,"","",1,4,Unknown,"","",0,"","","","","","",0,"","","","","","","","","","","","",PGIS,0,1,0,1,""
198002260004,1980,2,26,"",0,"",200,10,Middle East & North Africa,Latakia,Latakia,35.528404,35.79232,1,0,"","",1,1,1,0,"","",0,1,0,3,Bombing/Explosion,"","","","",1,Business,"","","",Regis building,200,Syria,"","","","","","","","","","","","","","","","",Muslim Brotherhood,"","","","","","",0,"","",0,"","","","","","","","","","","","",6,Explosives,16,Unknown Explosive Type,"","","","","","","","","","","","",Explosive,0,"","",0,"","",1,"","","","",0,"","","","","","",0,"","","","","","","","","","","","",PGIS,0,1,0,1,""
198003140003,1980,3,14,"",0,"",200,10,Middle East & North Africa,Aleppo,Aleppo,36.201721,37.14352,1,0,"","",1,1,1,0,"","",0,1,0,3,Bombing/Explosion,"","","","",14,Private Citizens & Property,84,Political Party Member/Rally,"",Busy square near office of ruling Ba'ath Party (AL-AFIF Square),200,Syria,"","","","","","","","","","","","","","","","",Muslim Brotherhood,"","","","","","",0,"","",0,"","","","","","","","","","","","",6,Explosives,16,Unknown Explosive Type,"","","","","","","","","","","","",Explosive,"","","","","","",1,4,Unknown,"","",0,"","","","","","",0,"","","","","","","","","","","","",PGIS,0,1,0,1,""
198003140007,1980,3,14,"",0,"",200,10,Middle East & North Africa,Aleppo,Aleppo,36.201721,37.14352,1,0,"","",1,1,1,0,"","",0,1,0,3,Bombing/Explosion,"","","","",1,Business,5,Industrial/Textiles/Factory,"",Construction workshop(near Sheraton Hotel),200,Syria,"","","","","","","","","","","","","","","","",Muslim Brotherhood,"","","","","","",0,"","",0,"","","","","","","","","","","","",5,Firearms,2,Automatic or Semi-Automatic Rifle,6,Explosives,16,Unknown Explosive Type,"","","","","","","","",Automatic firearm; Explosive,"","","","","","",1,"","","","",0,"","","","","","",0,"","","","","","","","","","","","",PGIS,0,1,0,1,""
198004000002,1980,4,0,"",0,"",200,10,Middle East & North Africa,Aleppo,Aleppo,36.201721,37.14352,1,0,"","",1,1,1,0,"","",0,1,0,1,Assassination,"","","","",2,Government (General),15,Politician or Political Party Movement/Meeting/Rally,Communist Party Office,Syrian Communist Part Member and Leader,200,Syria,"","","","","","","","","","","","","","","","",Muslim Brotherhood,"","","","","","",0,"","",0,"","","","","","","","","","","","",13,Unknown,"","","","","","","","","","","","","","","",1,"","",0,"","",0,"","","","",0,"","","","","","",0,"","","","","","","","","","","","",PGIS,0,1,0,1,""
198004050003,1980,4,5,"",0,"",200,10,Middle East & North Africa,Aleppo,Aleppo,36.201721,37.14352,1,0,"","",1,1,0,1,1,Insurgency/Guerilla Action,0,1,0,2,Armed Assault,"","","","",4,Military,29,Military Unit/Patrol/Convoy,Syrian Armed Forces (SAF),Unit,200,Syria,"","","","","","","","","","","","","","","","",Muslim Brotherhood,"","","","","","",0,"","",0,"","","","","","","","","","","","",5,Firearms,2,Automatic or Semi-Automatic Rifle,"","","","","","","","","","","","",Automatic firearm,"","","","","","",1,4,Unknown,"","",0,"","","","","","",0,"","","","","","","","","","","","",PGIS,0,1,0,1,""
198004280009,1980,4,28,"",0,"",200,10,Middle East & North Africa,Aleppo,Aleppo,36.201721,37.14352,1,0,"","",1,1,1,0,"","",0,1,0,1,Assassination,"","","","",2,Government (General),15,Politician or Political Party Movement/Meeting/Rally,Syrian Communist Party,Communist Leader Antoine Sarraf,200,Syria,"","","","","","","","","","","","","","","","",Unknown,"","","","","","",0,"","",0,"","","","","","","","","","","","",13,Unknown,"","","","","","","","","","","","","","","",1,"","",0,"","",0,"","","","",0,"","","","","","",0,"","","","","","","","","","","","",PGIS,-9,-9,0,-9,""
198004290006,1980,4,29,"",0,"",200,10,Middle East & North Africa,Aleppo,Aleppo,36.201721,37.14352,1,0,"","",1,1,1,0,"","",0,1,0,6,Hostage Taking (Kidnapping),"","","","",8,Educational Institution,50,Other Personnel,Aleppo University,Director Abdallah Awjah,200,Syria,"","","","","","","","","","","","","","","","",Muslim Brotherhood,"","","","","","",0,"","",0,"","","","","","","","","","","","",5,Firearms,3,Handgun,"","","","","","","","","","","","",Pistol,1,"","",0,"","",0,"","","","",0,"","","","","","",0,"","","","","","","","","","","","",PGIS,0,1,0,1,""
198005220005,1980,5,22,"",0,"",200,10,Middle East & North Africa,Aleppo,Aleppo,36.201721,37.14352,1,0,"","",1,1,1,0,"","",0,1,0,1,Assassination,"","","","",2,Government (General),18,"Government Personnel (excluding police, military)",Soviet Mission,Advisor,359,Soviet Union,"","","","","","","","","","","","","","","","",Muslim Brotherhood,"","","","","","",0,"","",0,"","","","","","","","","","","","",13,Unknown,"","","","","","","","","","","","","","","",1,"","",0,"","",0,"","","","",0,"","","","","","",0,"","","","","","","","","","","","",PGIS,0,1,1,1,""
198005280013,1980,5,28,"",0,"",200,10,Middle East & North Africa,Aleppo,Aleppo,36.201721,37.14352,1,0,"","",1,1,1,0,"","",0,1,0,9,Unknown,"","","","",20,Unknown,"","",unk,unk,200,Syria,"","","","","","","","","","","","","","","","",Muslim Brotherhood,"","","","","","",0,"","",0,"","","","","","","","","","","","",13,Unknown,"","","","","","","","","","","","","","","",3,"","",0,"","",0,"","","","",0,"","","","","","",0,"","","","","","","","","","","","",PGIS,0,1,0,1,""
198006000001,1980,6,0,"",0,"",200,10,Middle East & North Africa,Al Hasakah,Matafiyah,36.232222,40.971944,1,0,"","",1,1,0,1,1,Insurgency/Guerilla Action,0,0,0,1,Assassination,"","","","",4,Military,"","",Al-Attafia,Military Governor,200,Syria,"","","","","","","","","","","","","","","","",Muslim Brotherhood,"","","","","","",0,"","",0,"","","","","","","","","","","","",5,Firearms,2,Automatic or Semi-Automatic Rifle,"","","","","","","","","","","","",Automatic firearm,1,"","",0,"","",0,"","","","",0,"","","","","","",0,"","","","","","","","","","","","",PGIS,0,1,0,1,""
198006180005,1980,6,18,"",0,"",200,10,Middle East & North Africa,Aleppo,Aleppo,36.201721,37.14352,1,0,"","",1,1,1,0,"","",0,1,0,1,Assassination,"","","","",1,Business,"","",Damascus Branch Syrian Lawyers Assoc.,President Najib-al-Jamali,200,Syria,"","","","","","","","","","","","","","","","",Muslim Brotherhood,"","","","","","",0,"","",0,"","","","","","","","","","","","",13,Unknown,"","","","","","","","","","","","","","","",1,"","",0,"","",0,"","","","",0,"","","","","","",0,"","","","","","","","","","","","",PGIS,0,1,0,1,""
198006190003,1980,6,19,"",0,"",200,10,Middle East & North Africa,Homs,Homs,34.717705,36.722824,1,0,"","",1,1,1,0,"","",0,1,0,1,Assassination,"","","","",10,Journalists & Media,53,Newspaper Journalist/Staff/Facility,Al Aruba Newspaper,Chief Editor,200,Syria,"","","","","","","","","","","","","","","","",Muslim Brotherhood,"","","","","","",0,"","",0,"","","","","","","","","","","","",5,Firearms,3,Handgun,"","","","","","","","","","","","",Pistol,1,"","",0,"","",0,"","","","",0,"","","","","","",0,"","","","","","","","","","","","",PGIS,0,1,0,1,""
198006220002,1980,6,22,"",0,"",200,10,Middle East & North Africa,Aleppo,Aleppo,36.201721,37.14352,1,0,"","",1,1,0,1,1,Insurgency/Guerilla Action,0,1,0,3,Bombing/Explosion,"","","","",4,Military,27,Military Barracks/Base/Headquarters/Checkpost,"","Building, Near Military Hospital",200,Syria,"","","","","","","","","","","","","","","","",Muslim Brotherhood,"","","","","","",0,"","",0,"","","","","","","","","","","","",6,Explosives,16,Unknown Explosive Type,"","","","","","","","","","","","",Explosive,"","","","","","",1,4,Unknown,"","",0,"","","","","","",0,"","","","","","","","","","","","",PGIS,0,1,0,1,""
198006250009,1980,6,25,"",0,"",200,10,Middle East & North Africa,Latakia,Latakia,35.528404,35.79232,1,0,"","",1,1,0,1,1,Insurgency/Guerilla Action,0,1,0,2,Armed Assault,"","","","",4,Military,29,Military Unit/Patrol/Convoy,Syrian Armed Forces (SAF),Patrol,200,Syria,"","","","","","","","","","","","","","","","",Muslim Brotherhood,"","","","","","",0,"","",0,"","","","","","","","","","","","",5,Firearms,2,Automatic or Semi-Automatic Rifle,"","","","","","","","","","","","",Automatic firearm,"","","","","","",1,4,Unknown,"","",0,"","","","","","",0,"","","","","","","","","","","","",PGIS,0,1,0,1,""
198006250010,1980,6,25,"",0,"",200,10,Middle East & North Africa,Aleppo,Aleppo,36.201721,37.14352,1,0,"","",1,1,1,0,"","",0,1,0,2,Armed Assault,"","","","",2,Government (General),20,Intelligence,"",Intelligence vehicle,200,Syria,"","","","","","","","","","","","","","","","",Muslim Brotherhood,"","","","","","",0,"","",0,"","","","","","","","","","","","",5,Firearms,2,Automatic or Semi-Automatic Rifle,"","","","","","","","","","","","",Automatic firearm,14,"","",0,"","",1,3,Minor (likely < $1 million),6000,"",0,"","","","","","",0,"","","","","","","","","","","","",PGIS,0,1,0,1,""
198006260005,1980,6,26,"",0,"",200,10,Middle East & North Africa,Aleppo,Aleppo,36.201721,37.14352,1,0,"","",1,1,1,0,"","",0,0,0,1,Assassination,"","","","",2,Government (General),17,Head of State,Syria,President Hafez Assad,200,Syria,"","","","","","","","","","","","","","","","",Unknown,"","","","","","",0,"","",0,1,"","","","","","","","","","","",6,Explosives,16,Unknown Explosive Type,"","","","","","","","","","","","",Explosive,0,"","",0,"","",0,"","","","",0,"","","","","","",0,"","","","","","","","","","","","",PGIS,-9,-9,0,-9,""
198007000002,1980,7,0,"",0,"",200,10,Middle East & North Africa,Aleppo,Aleppo,36.201721,37.14352,1,0,"","",1,1,1,0,"","",0,1,0,3,Bombing/Explosion,"","","","",19,Transportation,99,Bus (excluding tourists),"",Bus,200,Syria,"","","","","","","","","","","","","","","","",Muslim Brotherhood,"","","","","","",0,"","",0,"","","","","","","","","","","","",6,Explosives,16,Unknown Explosive Type,"","","","","","","","","","","","",Explosive,"","","","","","",1,3,Minor (likely < $1 million),20000,"",0,"","","","","","",0,"","","","","","","","","","","","",PGIS,0,1,0,1,""
198007010004,1980,7,1,"",0,"",200,10,Middle East & North Africa,Aleppo,Aleppo,36.201721,37.14352,1,0,"","",1,1,0,1,1,Insurgency/Guerilla Action,0,1,0,3,Bombing/Explosion,"","","","",4,Military,35,Military Transportation/Vehicle (excluding convoys),Syrian Armed Forces (SAF),Vehicle,200,Syria,"","","","","","","","","","","","","","","","",Muslim Brotherhood,"","","","","","",0,"","",0,"","","","","","","","","","","","",6,Explosives,16,Unknown Explosive Type,"","","","","","","","","","","","",Explosive,4,"","",0,"","",1,3,Minor (likely < $1 million),5000,"",0,"","","","","","",0,"","","","","","","","","","","","",PGIS,0,1,0,1,""
198007010008,1980,7,1,"",0,"",200,10,Middle East & North Africa,Aleppo,Aleppo,36.201721,37.14352,1,0,"","",1,1,0,1,1,Insurgency/Guerilla Action,0,1,0,2,Armed Assault,"","","","",4,Military,34,"Military Personnel (soldiers, troops, officers, forces)",Military Intelligence Directorate,Officers,200,Syria,"","","","","","","","","","","","","","","","",Muslim Brotherhood,"","","","","","",0,"","",0,"","","","","","","","","","","","",5,Firearms,2,Automatic or Semi-Automatic Rifle,"","","","","","","","","","","","",Automatic firearm,5,"","",0,"","",0,"","","","",0,"","","","","","",0,"","","","","","","","","","","","",PGIS,0,1,0,1,""
198007050001,1980,7,5,"",0,"",200,10,Middle East & North Africa,Aleppo,Aleppo,36.201721,37.14352,1,0,"","",1,1,1,0,"","",0,1,0,3,Bombing/Explosion,"","","","",19,Transportation,101,Bus Station/Stop,"",Bus Station,200,Syria,"","","","","","","","","","","","","","","","",Muslim Brotherhood,"","","","","","",0,"","",0,"","","","","","","","","","","","",6,Explosives,16,Unknown Explosive Type,"","","","","","","","","","","","",Explosives,"","","","","","",1,4,Unknown,"","",0,"","","","","","",0,"","","","","","","","","","","","",PGIS,0,1,0,1,""
198007210002,1980,7,21,"",0,"",200,10,Middle East & North Africa,Aleppo,Aleppo,36.201721,37.14352,1,0,"","",1,1,1,0,"","",0,1,0,3,Bombing/Explosion,"","","","",1,Business,7,Retail/Grocery/Bakery,"",Clothing store,200,Syria,"","","","","","","","","","","","","","","","",Muslim Brotherhood,"","","","","","",0,"","",0,"","","","","","","","","","","","",6,Explosives,16,Unknown Explosive Type,"","","","","","","","","","","","",Explosive,11,"","",17,"","",1,4,Unknown,"","",0,"","","","","","",0,"","","","","","","","","","","","",PGIS,0,1,0,1,""
198008150001,1980,8,15,"",0,"",200,10,Middle East & North Africa,Aleppo,Aleppo,36.201721,37.14352,1,0,"","",1,1,0,1,1,Insurgency/Guerilla Action,0,1,0,3,Bombing/Explosion,"","","","",4,Military,35,Military Transportation/Vehicle (excluding convoys),Syrian Armed Forces (SAF),Buses,200,Syria,"","","","","","","","","","","","","","","","",Muslim Brotherhood,"","","","","","",0,"","",0,"","","","","","","","","","","","",6,Explosives,16,Unknown Explosive Type,"","","","","","","","","","","","",Explosive,"","","","","","",1,3,Minor (likely < $1 million),30000,"",0,"","","","","","",0,"","","","","","","","","","","","",PGIS,0,1,0,1,""
198012160011,1980,12,16,"",0,"",200,10,Middle East & North Africa,Aleppo,Aleppo,36.201721,37.14352,1,0,"","",1,1,1,0,"","",0,1,0,1,Assassination,"","","","",15,Religious Figures/Institutions,85,Religious Figure,Syria,Leading Moslem Clergyman,200,Syria,"","","","","","","","","","","","","","","","",Muslim Brotherhood,"","","","","","",0,"","",0,"","","","","","","","","","","","",5,Firearms,5,Unknown Gun Type,"","","","","","","","","","","","",Firearm,1,"","",0,"","",0,"","","","",0,"","","","","","",0,"","","","","","","","","","","","",PGIS,0,1,0,1,""
198012160012,1980,12,16,"",0,"",200,10,Middle East & North Africa,Aleppo,Aleppo,36.201721,37.14352,1,0,"","",1,1,1,0,"","",0,1,0,1,Assassination,"","","","",8,Educational Institution,48,Teacher/Professor/Instructor,Damascus University,Professor of Medicine Dr. Youssef Sayegh,200,Syria,"","","","","","","","","","","","","","","","",Muslim Brotherhood,"","","","","","",0,"","",0,"","","","","","","","","","","","",5,Firearms,5,Unknown Gun Type,"","","","","","","","","","","","",Firearm,1,"","",0,"","",0,"","","","",0,"","","","","","",0,"","","","","","","","","","","","",PGIS,0,1,0,1,""
198012270002,1980,12,27,"",0,"",200,10,Middle East & North Africa,Aleppo,Aleppo,36.201721,37.14352,1,0,"","",1,1,1,0,"","",0,1,0,1,Assassination,"","","","",2,Government (General),14,Judge/Attorney/Court,(PNF) Progressive National Front Party,"Leader and Founder, Former Military Judge, Retired Brigadier*",200,Syria,"","","","","","","","","","","","","","","","",Muslim Brotherhood,"","","","","","",0,"","",0,"","","","","","","","","","","","",5,Firearms,5,Unknown Gun Type,"","","","","","","","","","","","",Firearm,1,"","",0,"","",0,"","","","",0,"","","","","","",0,"","","","","","","","","","","","",PGIS,0,1,0,1,""
198101030005,1981,1,3,"",0,"",200,10,Middle East & North Africa,Aleppo,Aleppo,36.201721,37.14352,1,0,"","",1,1,0,1,1,Insurgency/Guerilla Action,0,1,0,1,Assassination,"","","","",4,Military,34,"Military Personnel (soldiers, troops, officers, forces)",Syrian Armed Forces (SAF),Lieutenant Colonel Ahmed Jaber,200,Syria,"","","","","","","","","","","","","","","","",Muslim Brotherhood,"","","","","","",0,"","",0,"","","","","","","","","","","","",13,Unknown,"","","","","","","","","","","","","","","",1,"","",0,"","",0,"","","","",0,"","","","","","",0,"","","","","","","","","","","","",PGIS,0,1,0,1,""
198101040004,1981,1,4,"",0,"",200,10,Middle East & North Africa,Aleppo,Aleppo,36.201721,37.14352,1,0,"","",1,1,0,1,1,Insurgency/Guerilla Action,0,1,0,3,Bombing/Explosion,"","","","",4,Military,27,Military Barracks/Base/Headquarters/Checkpost,Syrian Armed Forces (SAF),Garage,200,Syria,"","","","","","","","","","","","","","","","",Muslim Brotherhood,"","","","","","",0,"","",0,"","","","","","","","","","","","",6,Explosives,16,Unknown Explosive Type,"","","","","","","","","","","","",Explosive,"","","","","","",1,4,Unknown,"","",0,"","","","","","",0,"","","","","","","","","","","","",PGIS,0,1,0,1,""
198101050002,1981,1,5,"",0,"",200,10,Middle East & North Africa,Homs,Homs,34.717705,36.722824,1,0,"","",1,1,0,1,1,Insurgency/Guerilla Action,0,1,0,3,Bombing/Explosion,"","","","",4,Military,35,Military Transportation/Vehicle (excluding convoys),Syrian Armed Forces (SAF),Bus,200,Syria,"","","","","","","","","","","","","","","","",Muslim Brotherhood,"","","","","","",0,"","",0,"","","","","","","","","","","","",6,Explosives,16,Unknown Explosive Type,"","","","","","","","","","","","",Explosive,16,"","",0,"","",1,3,Minor (likely < $1 million),30000,"",0,"","","","","","",0,"","","","","","","","","","","","",PGIS,0,1,0,1,""
198101060004,1981,1,6,"",0,"",200,10,Middle East & North Africa,Aleppo,Aleppo,36.201721,37.14352,1,0,"","",1,1,0,1,1,Insurgency/Guerilla Action,0,1,0,1,Assassination,"","","","",4,Military,34,"Military Personnel (soldiers, troops, officers, forces)",Syrian Army,Colonel,200,Syria,"","","","","","","","","","","","","","","","",Muslim Brotherhood,"","","","","","",0,"","",0,"","","","","","","","","","","","",13,Unknown,"","","","","","","","","","","","","","","",1,"","",0,"","",0,"","","","",0,"","","","","","",0,"","","","","","","","","","","","",PGIS,0,1,0,1,""
198101080002,1981,1,8,"",0,"",200,10,Middle East & North Africa,Hamah,Hamah,35.129181,36.760738,1,0,"","",1,1,1,0,"","",0,1,0,1,Assassination,"","","","",3,Police,25,Police Security Forces/Officers,Security Forces,"unk, major plus one other (rank unk)",200,Syria,"","","","","","","","","","","","","","","","",Muslim Brotherhood,"","","","","","",0,"","",0,"","","","","","","","","","","","",5,Firearms,2,Automatic or Semi-Automatic Rifle,"","","","","","","","","","","","",Automatic firearm,2,"","",0,"","",0,"","","","",0,"","","","","","",0,"","","","","","","","","","","","",PGIS,0,1,0,1,""
198101080003,1981,1,8,"",0,"",200,10,Middle East & North Africa,Hamah,Hamah,35.129181,36.760738,1,0,"","",1,1,1,0,"","",0,1,0,1,Assassination,"","","","",2,Government (General),18,"Government Personnel (excluding police, military)",BAATH Party Secretary in Hama,"Ahmad Hader, assistant",200,Syria,"","","","","","","","","","","","","","","","",Muslim Brotherhood,"","","","","","",0,"","",0,"","","","","","","","","","","","",13,Unknown,"","","","","","","","","","","","","","","",1,"","",0,"","",0,"","","","",0,"","","","","","",0,"","","","","","","","","","","","",PGIS,0,1,0,1,""
198101080004,1981,1,8,"",0,"",200,10,Middle East & North Africa,Aleppo,Aleppo,36.201721,37.14352,1,0,"","",1,1,1,0,"","",0,1,0,3,Bombing/Explosion,"","","","",14,Private Citizens & Property,74,Marketplace/Plaza/Square,"",Al Hamidiyah Market,200,Syria,"","","","","","","","","","","","","","","","",Muslim Brotherhood,"","","","","","",0,"","",0,"","","","","","","","","","","","",6,Explosives,16,Unknown Explosive Type,"","","","","","","","","","","","",Explosive,"","","","","","",1,"","","","",0,"","","","","","",0,"","","","","","","","","","","","",PGIS,0,1,0,1,""
198101080010,1981,1,8,"",0,"",200,10,Middle East & North Africa,Aleppo,Aleppo,36.201721,37.14352,1,0,"","",1,1,1,0,"","",0,1,0,2,Armed Assault,"","","","",14,Private Citizens & Property,82,Labor Union Related,"",Local branch workers union,200,Syria,"","","","","","","","","","","","","","","","",Muslim Brotherhood,"","","","","","",0,"","",0,2,"","","","","","","","","","","",5,Firearms,2,Automatic or Semi-Automatic Rifle,"","","","","","","","","","","","",Automatic firearm,3,"","",2,"","",1,4,Unknown,"","",0,"","","","","","",0,"","","","","","","","","","","","",PGIS,0,1,0,1,""
198101100002,1981,1,10,"",0,"",200,10,Middle East & North Africa,Hamah,Hamah,35.129181,36.760738,1,0,"","",1,1,1,0,"","",0,1,0,1,Assassination,"","","","",1,Business,5,Industrial/Textiles/Factory,Electrical Co.,"Mehammad Areff, employee",200,Syria,"","","","","","","","","","","","","","","","",Muslim Brotherhood,"","","","","","",0,"","",0,"","","","","","","","","","","","",13,Unknown,"","","","","","","","","","","","","","","",1,"","",0,"","",0,"","","","",0,"","","","","","",0,"","","","","","","","","","","","",PGIS,0,1,0,1,""
198101100004,1981,1,10,"",0,"",200,10,Middle East & North Africa,Hamah,Hamah,35.129181,36.760738,1,0,"","",1,1,0,1,1,Insurgency/Guerilla Action,0,1,0,2,Armed Assault,"","","","",4,Military,28,Military Recruiting Station/Academy,Syrian Armed Forces (SAF),Military School,200,Syria,"","","","","","","","","","","","","","","","",Muslim Brotherhood,"","","","","","",0,"","",0,"","","","","","","","","","","","",5,Firearms,2,Automatic or Semi-Automatic Rifle,"","","","","","","","","","","","",Automatic firearm,0,"","",1,"","",1,4,Unknown,"","",0,"","","","","","",0,"","","","","","","","","","","","",PGIS,0,1,0,1,""
198101100005,1981,1,10,"",0,"",200,10,Middle East & North Africa,Hamah,Hamah,35.129181,36.760738,1,0,"","",1,1,0,1,1,Insurgency/Guerilla Action,0,1,0,2,Armed Assault,"","","","",4,Military,29,Military Unit/Patrol/Convoy,Syrian Armed Forces (SAF),Special Forces Patrol,200,Syria,"","","","","","","","","","","","","","","","",Muslim Brotherhood,"","","","","","",0,"","",0,"","","","","","","","","","","","",5,Firearms,2,Automatic or Semi-Automatic Rifle,"","","","","","","","","","","","",Automatic firearm,0,"","",3,"","",1,4,Unknown,"","",0,"","","","","","",0,"","","","","","","","","","","","",PGIS,0,1,0,1,""
198101130002,1981,1,13,"",0,"",200,10,Middle East & North Africa,Aleppo,Aleppo,36.201721,37.14352,1,0,"","",1,1,1,0,"","",0,1,0,9,Unknown,"","","","",3,Police,25,Police Security Forces/Officers,"","Ho Criminal Dept, Security Forces",200,Syria,"","","","","","","","","","","","","","","","",Muslim Brotherhood,"","","","","","",0,"","",0,"","","","","","","","","","","","",13,Unknown,"","","","","","","","","","","","","","","","","","","","","",1,4,Unknown,"","",0,"","","","","","",0,"","","","","","","","","","","","",PGIS,0,1,0,1,""
198101150007,1981,1,15,"",0,"",200,10,Middle East & North Africa,Hamah,Hamah,35.129181,36.760738,1,0,"","",1,1,1,0,"","",0,1,0,2,Armed Assault,"","","","",3,Police,25,Police Security Forces/Officers,"",Defence Squad Unit,200,Syria,"","","","","","","","","","","","","","","","",Muslim Brotherhood,"","","","","","",0,"","",0,"","","","","","","","","","","","",5,Firearms,2,Automatic or Semi-Automatic Rifle,"","","","","","","","","","","","",Automatic firearm,"","","","","","",1,4,Unknown,"","",0,"","","","","","",0,"","","","","","","","","","","","",PGIS,0,1,0,1,""
198101160004,1981,1,16,"",0,"",200,10,Middle East & North Africa,Hamah,Hamah,35.129181,36.760738,1,0,"","",1,1,1,0,"","",0,1,0,1,Assassination,"","","","",2,Government (General),18,"Government Personnel (excluding police, military)",Chairman of Political Dept. of Intell. Services,"Razi Kanaan, Lt. Colonel",200,Syria,"","","","","","","","","","","","","","","","",Muslim Brotherhood,"","","","","","",0,"","",0,"","","","","","","","","","","","",5,Firearms,2,Automatic or Semi-Automatic Rifle,"","","","","","","","","","","","",Automatic firearm,1,"","",0,"","",0,"","","","",0,"","","","","","",0,"","","","","","","","","","","","",PGIS,0,1,0,1,""
198101160005,1981,1,16,"",0,"",200,10,Middle East & North Africa,Aleppo,Aleppo,36.201721,37.14352,1,0,"","",1,1,0,1,1,Insurgency/Guerilla Action,0,1,0,1,Assassination,"","","","",4,Military,34,"Military Personnel (soldiers, troops, officers, forces)",Syrian Army,Officer,200,Syria,"","","","","","","","","","","","","","","","",Unknown,"","","","","","",0,"","",0,"","","","","","","","","","","","",13,Unknown,"","","","","","","","","","","","","","","",1,"","",0,"","",0,"","","","",0,"","","","","","",0,"","","","","","","","","","","","",PGIS,-9,-9,0,-9,""
198101190002,1981,1,19,"",0,"",200,10,Middle East & North Africa,Aleppo,Aleppo,36.201721,37.14352,1,0,"","",1,1,0,1,1,Insurgency/Guerilla Action,0,1,0,1,Assassination,"","","","",4,Military,29,Military Unit/Patrol/Convoy,Syrian Armed Forces (SAF),Unit,200,Syria,"","","","","","","","","","","","","","","","",Unknown,"","","","","","",0,"","",0,"","","","","","","","","","","","",13,Unknown,"","","","","","","","","","","","","","","",1,"","",0,"","",0,"","","","",0,"","","","","","",0,"","","","","","","","","","","","",PGIS,-9,-9,0,-9,""
198101190003,1981,1,19,"",0,"",200,10,Middle East & North Africa,Aleppo,Aleppo,36.201721,37.14352,1,0,"","",1,1,1,0,"","",0,1,0,1,Assassination,"","","","",2,Government (General),20,Intelligence,General Intelligence Service,"unk, member",200,Syria,"","","","","","","","","","","","","","","","",Muslim Brotherhood,"","","","","","",0,"","",0,"","","","","","","","","","","","",13,Unknown,"","","","","","","","","","","","","","","",3,"","",0,"","",0,"","","","",0,"","","","","","",0,"","","","","","","","","","","","",PGIS,0,1,0,1,""
198101200007,1981,1,20,"",0,"",200,10,Middle East & North Africa,Hamah,Hamah,35.129181,36.760738,1,0,"","",1,1,0,1,1,Insurgency/Guerilla Action,0,1,0,3,Bombing/Explosion,"","","","",4,Military,35,Military Transportation/Vehicle (excluding convoys),Syrian Armed Forces (SAF),Military car,200,Syria,"","","","","","","","","","","","","","","","",Muslim Brotherhood,"","","","","","",0,"","",0,"","","","","","","","","","","","",6,Explosives,16,Unknown Explosive Type,"","","","","","","","","","","","",Explosive,"","","","","","",1,3,Minor (likely < $1 million),6000,"",0,"","","","","","",0,"","","","","","","","","","","","",PGIS,0,1,0,1,""
198101210002,1981,1,21,"",0,"",200,10,Middle East & North Africa,Aleppo,Aleppo,36.201721,37.14352,1,0,"","",1,1,1,0,"","",0,1,0,9,Unknown,"","","","",3,Police,25,Police Security Forces/Officers,Defence Squads,"unk, captain",200,Syria,"","","","","","","","","","","","","","","","",Muslim Brotherhood,"","","","","","",0,"","",0,"","","","","","","","","","","","",13,Unknown,"","","","","","","","","","","","","","","",1,"","",0,"","",0,"","","","",0,"","","","","","",0,"","","","","","","","","","","","",PGIS,0,1,0,1,""
198101230001,1981,1,23,"",0,"",200,10,Middle East & North Africa,Aleppo,Aleppo,36.201721,37.14352,1,0,"","",1,1,0,1,1,Insurgency/Guerilla Action,0,1,0,1,Assassination,"","","","",4,Military,34,"Military Personnel (soldiers, troops, officers, forces)",Syrian Army,Colonel,200,Syria,"","","","","","","","","","","","","","","","",Muslim Brotherhood,"","","","","","",0,"","",0,"","","","","","","","","","","","",13,Unknown,"","","","","","","","","","","","","","","",1,"","",0,"","",0,"","","","",0,"","","","","","",0,"","","","","","","","","","","","",PGIS,0,1,0,1,""
198101250001,1981,1,25,"",0,"",200,10,Middle East & North Africa,Aleppo,Aleppo,36.201721,37.14352,1,0,"","",1,1,0,1,1,Insurgency/Guerilla Action,0,0,0,1,Assassination,"","","","",4,Military,34,"Military Personnel (soldiers, troops, officers, forces)",Syrian Armed Forces (SAF),Officer Hasan (Abu al-Fida),200,Syria,"","","","","","","","","","","","","","","","",Muslim Brotherhood,"","","","","","",1,"","",0,"","","","","","","","","","","","",13,Unknown,"","","","","","","","","","","","","","","",5,"","",0,"","",0,"","","","",0,"","","","","","",0,"","","","","","","","","","","","",PGIS,0,1,0,1,""
198101250007,1981,1,25,"",0,"",200,10,Middle East & North Africa,Aleppo,Aleppo,36.201721,37.14352,1,0,"","",1,1,0,1,1,Insurgency/Guerilla Action,0,1,0,2,Armed Assault,"","","","",4,Military,29,Military Unit/Patrol/Convoy,Syrian Army,Unit,200,Syria,"","","","","","","","","","","","","","","","",Muslim Brotherhood,"","","","","","",0,"","",0,"","","","","","","","","","","","",5,Firearms,2,Automatic or Semi-Automatic Rifle,"","","","","","","","","","","","",Automatic firearm,"","","","","","",1,4,Unknown,"","",0,"","","","","","",0,"","","","","","","","","","","","",PGIS,0,1,0,1,""
198101260001,1981,1,26,"",0,"",200,10,Middle East & North Africa,Aleppo,Aleppo,36.201721,37.14352,1,0,"","",1,1,1,0,"","",0,1,0,1,Assassination,"","","","",14,Private Citizens & Property,77,Laborer (General)/Occupation Identified,unk,"Family members (Dr. Nigar al-Humsi's family), unk",200,Syria,"","","","","","","","","","","","","","","","",Muslim Brotherhood,"","","","","","",0,"","",0,9,"","","","","","","","","","","",13,Unknown,"","","","","","","","","","","","","","","","","","",0,"","",0,"","","","",0,"","","","","","",0,"","","","","","","","","","","","",PGIS,0,1,0,1,""
198101260019,1981,1,26,"",0,"",200,10,Middle East & North Africa,Aleppo,Aleppo,36.201721,37.14352,1,0,"","",1,1,1,0,"","",0,1,0,3,Bombing/Explosion,"","","","",19,Transportation,99,Bus (excluding tourists),"",bus,200,Syria,"","","","","","","","","","","","","","","","",Muslim Brotherhood,"","","","","","",1,"","",0,"","","","","","","","","","","","",6,Explosives,16,Unknown Explosive Type,"","","","","","","","","","","","",Explosive,3,"","",15,"","",1,"","","","",0,"","","","","","",0,"","","","","","","","","","","","",PGIS,0,1,0,1,""
198102000001,1981,2,0,"",0,"",200,10,Middle East & North Africa,Aleppo,Aleppo,36.201721,37.14352,1,0,"","",1,1,0,1,1,Insurgency/Guerilla Action,0,1,0,2,Armed Assault,"","","","",4,Military,34,"Military Personnel (soldiers, troops, officers, forces)",Syrian Army,Soldiers,200,Syria,"","","","","","","","","","","","","","","","",Muslim Brotherhood,"","","","","","",0,"","",0,"","","","","","","","","","","","",5,Firearms,2,Automatic or Semi-Automatic Rifle,"","","","","","","","","","","","",Automatic firearm,5,"","",0,"","",0,"","","","",0,"","","","","","",0,"","","","","","","","","","","","",PGIS,0,1,0,1,""
198102000002,1981,2,0,"",1,2/19/1981,200,10,Middle East & North Africa,Unknown,unknown,"","",5,0,"","",1,1,1,0,"","",0,1,0,6,Hostage Taking (Kidnapping),"","","","",2,Government (General),18,"Government Personnel (excluding police, military)",Syrias Hamah Governate,"Zakharov and unknown, expert in telecommunications",359,Soviet Union,"","","","","","","","","","","","","","","","",Arab Revolution/Liberation Vanguard Organization,"","","","","","",0,"","",0,"","","","","","","","","","","","",13,Unknown,"","","","","","","","","","","","","","","",1,"","","","","",0,"","","","",1,2,0,"","","",Syria,1,0,"","","","",4,Hostage(s) killed (not during rescue attempt),1,"","","","",PGIS,0,1,1,1,""
198102070009,1981,2,7,"",0,"",200,10,Middle East & North Africa,Aleppo,Aleppo,36.201721,37.14352,1,0,"","",1,1,1,0,"","",0,1,0,3,Bombing/Explosion,"","","","",2,Government (General),20,Intelligence,"",Syrian Intelligence Headquarters,200,Syria,"","","","","","","","","","","","","","","","",Arab Revolution/Liberation Vanguard Organization,"","","","","","",0,"","",0,"","","","","","","","","","","","",6,Explosives,16,Unknown Explosive Type,"","","","","","","","","","","","",Bomb,"","","","","","",1,4,Unknown,"","",0,"","","","","","",0,"","","","","","","","","","","","",PGIS,0,0,0,0,""
198102080006,1981,2,8,"",0,"",200,10,Middle East & North Africa,Aleppo,Aleppo,36.201721,37.14352,1,0,"","",1,1,0,1,1,Insurgency/Guerilla Action,0,1,0,9,Unknown,"","","","",4,Military,29,Military Unit/Patrol/Convoy,Syrian Armed Forces (SAF),Special Forces Unit,200,Syria,"","","","","","","","","","","","","","","","",Muslim Brotherhood,"","","","","","",0,"","",0,"","","","","","","","","","","","",13,Unknown,"","","","","","","","","","","","","","","","","","","","","",1,4,Unknown,"","",0,"","","","","","",0,"","","","","","","","","","","","",PGIS,0,1,0,1,""
198102100005,1981,2,10,"",0,"",200,10,Middle East & North Africa,Hamah,Hamah,35.129181,36.760738,1,0,"","",1,1,1,0,"","",0,1,0,3,Bombing/Explosion,"","","","",2,Government (General),20,Intelligence,"",Intelligence HQ,200,Syria,"","","","","","","","","","","","","","","","",Arab Revolution/Liberation Vanguard Organization,"","","","","","",0,"","",0,"","","","","","","","","","","","",6,Explosives,16,Unknown Explosive Type,"","","","","","","","","","","","",Explosive,0,"","",10,"","",1,"","","","",0,"","","","","","",0,"","","","","","","","","","","","",PGIS,0,0,0,0,""
198102170009,1981,2,17,"",0,"",200,10,Middle East & North Africa,Aleppo,Aleppo,36.201721,37.14352,1,0,"","",1,1,1,0,"","",0,1,0,9,Unknown,"","","","",3,Police,26,Prison/Jail,"",Central Jail,200,Syria,"","","","","","","","","","","","","","","","",Muslim Brotherhood,"","","","","","",0,"","",0,"","","","","","","","","","","","",13,Unknown,"","","","","","","","","","","","","","","",2,"","",0,"","",1,4,Unknown,"","",0,"","","","","","",0,"","","","","","","","","","","","",PGIS,0,1,0,1,""
198102190004,1981,2,19,"",0,"",200,10,Middle East & North Africa,Hamah,Hamah,35.129181,36.760738,1,0,"","",1,1,1,0,"","",0,1,0,9,Unknown,"","","","",19,Transportation,100,Train/Train Tracks/Trolley,railway construction project,"unk, advisors",359,Soviet Union,"","","","","","","","","","","","","","","","",Arab Revolution/Liberation Vanguard Organization,"","","","","","",0,"","",0,"","","","","","","","","","","","",13,Unknown,"","","","","","","","","","","","","","","",3,"","",0,"","",0,"","","","",0,"","","","","","",0,"","","","","","","","","","","","",PGIS,0,1,1,1,""
198102280005,1981,2,28,"",0,"",200,10,Middle East & North Africa,Aleppo,Aleppo,36.201721,37.14352,1,0,"","",1,1,0,1,1,Insurgency/Guerilla Action,0,1,0,2,Armed Assault,"","","","",4,Military,29,Military Unit/Patrol/Convoy,Syrian Armed Forces (SAF),Patrol,200,Syria,"","","","","","","","","","","","","","","","",Muslim Brotherhood,"","","","","","",0,"","",0,"","","","","","","","","","","","",5,Firearms,2,Automatic or Semi-Automatic Rifle,"","","","","","","","","","","","",Automatic firearm,"","","","","","",1,4,Unknown,"","",0,"","","","","","",0,"","","","","","","","","","","","",PGIS,0,1,0,1,""
198102280006,1981,2,28,"",0,"",200,10,Middle East & North Africa,Idlib,Jisr Ash-Shughur,35.813396,36.319939,1,1,"","",1,1,1,0,"","",0,1,0,3,Bombing/Explosion,"","","","",19,Transportation,99,Bus (excluding tourists),"",Bus,200,Syria,"","","","","","","","","","","","","","","","",Muslim Brotherhood,"","","","","","",0,"","",0,"","","","","","","","","","","","",5,Firearms,2,Automatic or Semi-Automatic Rifle,6,Explosives,16,Unknown Explosive Type,"","","","","","","","",Automatic firearm; Explosives,25,"","",0,"","",1,3,Minor (likely < $1 million),30000,"",0,"","","","","","",0,"","","","","","","","","","","","",PGIS,0,1,0,1,""
198103100002,1981,3,10,"",0,"",200,10,Middle East & North Africa,Aleppo,Aleppo,36.201721,37.14352,1,0,"","",1,1,1,0,"","",0,1,0,1,Assassination,"","","","",8,Educational Institution,48,Teacher/Professor/Instructor,Engineering School,"unk, instructor",200,Syria,"","","","","","","","","","","","","","","","",Muslim Brotherhood,"","","","","","",0,"","",0,"","","","","","","","","","","","",5,Firearms,3,Handgun,"","","","","","","","","","","","",Pistol,1,"","",0,"","",0,"","","","",0,"","","","","","",0,"","","","","","","","","","","","",PGIS,0,1,0,1,""
198103150006,1981,3,15,"",0,"",200,10,Middle East & North Africa,Aleppo,Aleppo,36.201721,37.14352,1,0,"","",1,1,1,0,"","",0,1,0,1,Assassination,"","","","",2,Government (General),20,Intelligence,General Intelligence,"Haythan ash-Sharma, major",200,Syria,"","","","","","","","","","","","","","","","",Muslim Brotherhood,"","","","","","",0,"","",0,"","","","","","","","","","","","",5,Firearms,2,Automatic or Semi-Automatic Rifle,"","","","","","","","","","","","",Automatic firearm,1,"","",0,"","",0,"","","","",0,"","","","","","",0,"","","","","","","","","","","","",PGIS,0,1,0,1,""
198103300008,1981,3,30,"",0,"",200,10,Middle East & North Africa,Aleppo,Aleppo,36.201721,37.14352,1,0,"","",1,1,1,0,"","",0,1,0,1,Assassination,"","","","",14,Private Citizens & Property,73,Vehicles/Transportation,"",Vehicle carrying info of President Assad,200,Syria,"","","","","","","","","","","","","","","","",Muslim Brotherhood,"","","","","","",0,"","",0,"","","","","","","","","","","","",5,Firearms,2,Automatic or Semi-Automatic Rifle,"","","","","","","","","","","","",Automatic firearm,0,"","",2,"","",1,3,Minor (likely < $1 million),10000,"",0,"","","","","","",0,"","","","","","","","","","","","",PGIS,0,1,0,1,""
198108170014,1981,8,17,"",0,"",200,10,Middle East & North Africa,Aleppo,Aleppo,36.201721,37.14352,1,0,"","",1,1,1,0,"","",0,1,0,3,Bombing/Explosion,"","","","",2,Government (General),18,"Government Personnel (excluding police, military)","",Syrian Prime Ministry,200,Syria,"","","","","","","","","","","","","","","","",National Salvation Forces Organization,"","","","","","",0,"","",0,"","","","","","","","","","","","",6,Explosives,15,Vehicle,"","","","","","","","","","","","",Explosive,1,"","",0,"","",1,4,Unknown,"","",0,"","","","","","",0,"","","","","","","","","","","","",PGIS,0,0,0,0,""
198109030008,1981,9,3,"",0,"",200,10,Middle East & North Africa,Damascus,Damascus,33.515244,36.292084,1,0,"","",1,1,0,1,1,Insurgency/Guerilla Action,0,1,0,3,Bombing/Explosion,"","","","",4,Military,27,Military Barracks/Base/Headquarters/Checkpost,Syrian Air and Air Defense Forces,Syria Air Force Command,200,Syria,"","","","","","","","","","","","","","","","",Unknown,"","","","","","",0,"","",0,"","","","","","","","","","","","",6,Explosives,15,Vehicle,"","","","","","","","","","","","",Explosive,20,"","",50,"","",1,"","","","",0,"","","","","","",0,"","","","","","","","","","","","",PGIS,-9,-9,0,-9,""
198110050002,1981,10,5,"",0,"",200,10,Middle East & North Africa,Aleppo,Aleppo,36.201721,37.14352,1,0,"","",1,1,1,0,"","",0,1,0,3,Bombing/Explosion,"","","","",14,Private Citizens & Property,76,House/Apartment/Residence,"",Soviet Apartment Area,359,Soviet Union,"","","","","","","","","","","","","","","","",Muslim Brotherhood,"","","","","","",0,"","",0,"","","","","","","","","","","","",6,Explosives,16,Unknown Explosive Type,"","","","","","","","","","","","",Explosive,2,"","",5,"","",1,4,Unknown,"","",0,"","","","","","",0,"","","","","","","","","","","","",PGIS,0,1,1,1,""
198110220002,1981,10,22,"",0,"",200,10,Middle East & North Africa,Aleppo,Aleppo,36.201721,37.14352,1,0,"","",1,1,1,0,"","",0,1,0,3,Bombing/Explosion,"","","","",19,Transportation,99,Bus (excluding tourists),"",bus belonging to Al-Karnak Company,200,Syria,"","","","","","","","","","","","","","","","",Unknown,"","","","","","",0,"","",0,"","","","","","","","","","","","",6,Explosives,16,Unknown Explosive Type,"","","","","","","","","","","","",Explosive,"","","","","","",1,4,Unknown,"","",0,"","","","","","",0,"","","","","","","","","","","","",PGIS,-9,-9,0,-9,""
198111290003,1981,11,29,"",0,"",200,10,Middle East & North Africa,Aleppo,Aleppo,36.201721,37.14352,1,0,"","",1,1,1,0,"","",0,1,0,3,Bombing/Explosion,"","","","",14,Private Citizens & Property,75,Village/City/Town/Suburb,"",Al-Azbakiya Quarter,200,Syria,"","","","","","","","","","","","","","","","",Front for the Liberation of Lebanon from Foreigners,"","","","","","",0,"","",0,"","","","","","","","","","","","",6,Explosives,15,Vehicle,"","","","","","","","","","","","",Explosive,90,"","",135,"","",1,"","","","Damages: explosion, destroyed 4 story building, 12 vehicles, damaged 10 surrounding buildings",0,"","","","","","",0,"","","","","","","","","","","","",PGIS,1,1,0,1,""
198201190005,1982,1,19,"",0,"",200,10,Middle East & North Africa,Unknown,unknown,"","",5,0,"","",1,1,1,-9,"","",0,1,0,3,Bombing/Explosion,"","","","",14,Private Citizens & Property,79,"Public Area (garden, parking lot, garage, beach, public building, camp)","",garbage dump,200,Syria,"","","","","","","","","","","","","","","","",Unknown,"","","","","","",0,"","",0,"","","","","","","","","","","","",6,Explosives,16,Unknown Explosive Type,"","","","","","","","","","","","",Explosive,2,"","",1,"","",1,3,Minor (likely < $1 million),5000,"",0,"","","","","","",0,"","","","","","","","","","","","",PGIS,-9,-9,0,-9,""
198201250013,1982,1,25,"",0,"",200,10,Middle East & North Africa,Idlib,Idlib,35.928802,36.631451,1,0,"","",1,1,0,1,1,Insurgency/Guerilla Action,0,1,0,2,Armed Assault,"","","","",4,Military,29,Military Unit/Patrol/Convoy,Syrian Armed Forces (SAF),Unit,200,Syria,"","","","","","","","","","","","","","","","",Unknown,"","","","","","",0,"","",0,"","","","","","","","","","","","",5,Firearms,2,Automatic or Semi-Automatic Rifle,"","","","","","","","","","","","",Automatic firearm,0,"","",12,"","",1,4,Unknown,"","",0,"","","","","","",0,"","","","","","","","","","","","",PGIS,-9,-9,0,-9,""
198202070009,1982,2,7,"",0,"",200,10,Middle East & North Africa,Hamah,Hamah,35.129181,36.760738,1,0,"","",1,1,0,1,1,Insurgency/Guerilla Action,0,1,0,3,Bombing/Explosion,"","","","",4,Military,35,Military Transportation/Vehicle (excluding convoys),Syrian Armed Forces (SAF),Bus,200,Syria,"","","","","","","","","","","","","","","","",Unknown,"","","","","","",0,"","",0,"","","","","","","","","","","","",6,Explosives,16,Unknown Explosive Type,"","","","","","","","","","","","",Explosive,40,"","",0,"","",1,3,Minor (likely < $1 million),25000,"",0,"","","","","","",0,"","","","","","","","","","","","",PGIS,-9,-9,0,-9,""
198202090020,1982,2,9,"",0,"",200,10,Middle East & North Africa,Aleppo,Aleppo,36.201721,37.14352,1,0,"","",1,1,0,1,1,Insurgency/Guerilla Action,0,1,0,1,Assassination,"","","","",4,Military,34,"Military Personnel (soldiers, troops, officers, forces)",Syrian Army,Lieutenant Nazim Dabbagh,200,Syria,"","","","","","","","","","","","","","","","",Unknown,"","","","","","",0,"","",0,"","","","","","","","","","","","",5,Firearms,3,Handgun,"","","","","","","","","","","","",Pistol,1,"","",0,"","",0,"","","","",0,"","","","","","",0,"","","","","","","","","","","","",PGIS,-9,-9,0,-9,""
198202180014,1982,2,18,"",0,"",200,10,Middle East & North Africa,Aleppo,Aleppo,36.201721,37.14352,1,0,"","",1,1,1,0,"","",0,1,0,3,Bombing/Explosion,"","","","",2,Government (General),21,Government Building/Facility/Office,"",Syrian information ministry,200,Syria,"","","","","","","","","","","","","","","","",Unknown,"","","","","","",0,"","",0,1,"","","","","","","","","","","",6,Explosives,16,Unknown Explosive Type,"","","","","","","","","","","","",Explosive,1,"","","","","",1,"","","","",0,"","","","","","",0,"","","","","","","","","","","","",PGIS,-9,-9,0,-9,""
198203070005,1982,3,7,"",0,"",200,10,Middle East & North Africa,Aleppo,Aleppo,36.201721,37.14352,1,0,"","",1,1,1,0,"","",0,1,0,3,Bombing/Explosion,"","","","",14,Private Citizens & Property,79,"Public Area (garden, parking lot, garage, beach, public building, camp)","",city street,200,Syria,"","","","","","","","","","","","","","","","",Muslim Brotherhood,"","","","","","",0,"","",0,"","","","","","","","","","","","",6,Explosives,16,Unknown Explosive Type,"","","","","","","","","","","","",Explosive,3,"","",0,"","",1,3,Minor (likely < $1 million),10000,"",0,"","","","","","",0,"","","","","","","","","","","","",PGIS,0,1,0,1,""
198203180003,1982,3,18,"",0,"",200,10,Middle East & North Africa,Aleppo,Aleppo,36.201721,37.14352,1,0,"","",1,1,1,-9,"","",0,1,0,3,Bombing/Explosion,"","","","",1,Business,7,Retail/Grocery/Bakery,"",shop,200,Syria,"","","","","","","","","","","","","","","","",Unknown,"","","","","","",0,"","",0,"","","","","","","","","","","","",6,Explosives,16,Unknown Explosive Type,"","","","","","","","","","","","",Explosive,3,"","","","","",1,"","","","",0,"","","","","","",0,"","","","","","","","","","","","",PGIS,-9,-9,0,-9,""
198203270004,1982,3,27,"",0,"",200,10,Middle East & North Africa,Aleppo,Aleppo,36.201721,37.14352,1,0,"","",1,1,0,1,1,Insurgency/Guerilla Action,0,1,0,2,Armed Assault,"","","","",4,Military,29,Military Unit/Patrol/Convoy,Syrian Armed Forces (SAF),Special Forces Unit,200,Syria,"","","","","","","","","","","","","","","","",Muslim Brotherhood,"","","","","","",0,"","",0,"","","","","","","","","","","","",5,Firearms,2,Automatic or Semi-Automatic Rifle,"","","","","","","","","","","","",Automatic firearm,3,"","",0,"","",1,4,Unknown,"","",0,"","","","","","",0,"","","","","","","","","","","","",PGIS,0,1,0,1,""
198204060004,1982,4,6,"",0,"",200,10,Middle East & North Africa,Aleppo,Aleppo,36.201721,37.14352,1,0,"","",1,1,1,0,"","",0,1,0,1,Assassination,"","","","",2,Government (General),18,"Government Personnel (excluding police, military)",Baath Party of Govt,"Official, Mohammed Qarsitah",200,Syria,"","","","","","","","","","","","","","","","",Muslim Brotherhood,"","","","","","",0,"","",0,"","","","","","","","","","","","",13,Unknown,"","","","","","","","","","","","","","","",1,"","",0,"","",0,"","","","",0,"","","","","","",0,"","","","","","","","","","","","",PGIS,0,1,0,1,""
198204060005,1982,4,6,"",0,"",200,10,Middle East & North Africa,Aleppo,Aleppo,36.201721,37.14352,1,0,"","",1,1,1,0,"","",0,1,0,2,Armed Assault,"","","","",14,Private Citizens & Property,73,Vehicles/Transportation,"",Soviet Expert vehicle,359,Soviet Union,"","","","","","","","","","","","","","","","",Muslim Brotherhood,"","","","","","",0,"","",0,"","","","","","","","","","","","",5,Firearms,2,Automatic or Semi-Automatic Rifle,"","","","","","","","","","","","",Automatic firearm,2,"","",0,"","",1,3,Minor (likely < $1 million),5000,"",0,"","","","","","",0,"","","","","","","","","","","","",PGIS,0,1,1,1,""
198204110001,1982,4,11,"",0,"",200,10,Middle East & North Africa,Damascus,Damascus,33.515244,36.292084,1,0,"","",1,1,0,1,1,Insurgency/Guerilla Action,0,1,0,3,Bombing/Explosion,"","","","",4,Military,35,Military Transportation/Vehicle (excluding convoys),Syrian Armed Forces (SAF),Military transport vehicle,200,Syria,"","","","","","","","","","","","","","","","",Unknown,"","","","","","",0,"","",0,"","","","","","","","","","","","",6,Explosives,16,Unknown Explosive Type,"","","","","","","","","","","","",Explosive,15,"","",0,"","",1,"","","","",0,"","","","","","",0,"","","","","","","","","","","","",PGIS,-9,-9,0,-9,""
198204120002,1982,4,12,"",0,"",200,10,Middle East & North Africa,Aleppo,Aleppo,36.201721,37.14352,1,0,"","",1,1,1,0,"","",0,1,0,3,Bombing/Explosion,"","","","",2,Government (General),21,Government Building/Facility/Office,"",govt building,200,Syria,"","","","","","","","","","","","","","","","",Muslim Brotherhood,"","","","","","",0,"","",0,"","","","","","","","","","","","",6,Explosives,16,Unknown Explosive Type,"","","","","","","","","","","","",Explosive,25,"","",0,"","",1,"","","","",0,"","","","","","",0,"","","","","","","","","","","","",PGIS,0,1,0,1,""
198204120003,1982,4,12,"",0,"",200,10,Middle East & North Africa,Aleppo,Aleppo,36.201721,37.14352,1,0,"","",1,1,1,0,"","",0,1,0,3,Bombing/Explosion,"","","","",14,Private Citizens & Property,79,"Public Area (garden, parking lot, garage, beach, public building, camp)","",car park,200,Syria,"","","","","","","","","","","","","","","","",Unknown,"","","","","","",0,"","",0,"","","","","","","","","","","","",6,Explosives,16,Unknown Explosive Type,"","","","","","","","","","","","",Explosive,"","","",10,"","",1,4,Unknown,"","",0,"","","","","","",0,"","","","","","","","","","","","",PGIS,-9,-9,0,-9,""
198204120004,1982,4,12,"",0,"",200,10,Middle East & North Africa,Aleppo,Aleppo,36.201721,37.14352,1,0,"","",1,1,1,0,"","",0,1,0,1,Assassination,"","","","",2,Government (General),20,Intelligence,Syrian Intelligence,"Intelligence Commander, Muhammad (alias Abu al-Ali)",200,Syria,"","","","","","","","","","","","","","","","",Muslim Brotherhood,"","","","","","",0,"","",0,"","","","","","","","","","","","",13,Unknown,"","","","","","","","","","","","","","","",1,"","",0,"","",0,"","","","",0,"","","","","","",0,"","","","","","","","","","","","",PGIS,0,1,0,1,""
198204120009,1982,4,12,"",0,"",200,10,Middle East & North Africa,Aleppo,Aleppo,36.201721,37.14352,1,0,"","",1,1,0,1,1,Insurgency/Guerilla Action,0,1,0,6,Hostage Taking (Kidnapping),"","","","",4,Military,34,"Military Personnel (soldiers, troops, officers, forces)",Syrian Armed Forces (SAF),Soldiers,200,Syria,"","","","","","","","","","","","","","","","",Muslim Brotherhood,"","","","","","",0,"","",0,"","","","","","","","","","","","",13,Unknown,"","","","","","","","","","","","","","","","","","","","","",0,"","","","",1,3,0,"","","",Syria,0,"","","","","","","","","","","","",PGIS,0,1,0,1,""
198204180006,1982,4,18,"",0,"",200,10,Middle East & North Africa,Aleppo,Aleppo,36.201721,37.14352,1,0,"","",1,1,1,-9,"","",0,0,0,3,Bombing/Explosion,"","","","",14,Private Citizens & Property,79,"Public Area (garden, parking lot, garage, beach, public building, camp)","",Street,200,Syria,"","","","","","","","","","","","","","","","",Unknown,"","","","","","",0,"","",0,1,"","","","","","","","","","","",6,Explosives,16,Unknown Explosive Type,"","","","","","","","","","","","",Explosive,0,"","",0,"","",0,"","","","",0,"","","","","","",0,"","","","","","","","","","","","",PGIS,-9,-9,0,-9,""
198204180008,1982,4,18,"",0,"",200,10,Middle East & North Africa,Aleppo,Azaz,36.585438,37.046921,1,0,"","",1,1,0,1,1,Insurgency/Guerilla Action,0,1,0,1,Assassination,"","","","",4,Military,34,"Military Personnel (soldiers, troops, officers, forces)",Syrian Army,Soldier,200,Syria,"","","","","","","","","","","","","","","","",Muslim Brotherhood,"","","","","","",0,"","",0,"","","","","","","","","","","","",13,Unknown,"","","","","","","","","","","","","","","",1,"","",0,"","",0,"","","","",0,"","","","","","",0,"","","","","","","","","","","","",PGIS,0,1,0,1,""
198205070004,1982,5,7,"",0,"",200,10,Middle East & North Africa,Quneitra,Unknown,33.284408,35.693615,3,0,"","",1,1,0,1,1,Insurgency/Guerilla Action,0,1,0,3,Bombing/Explosion,"","","","",4,Military,29,Military Unit/Patrol/Convoy,Israeli Defense Forces (IDF),Unit,97,Israel,"","","","","","","","","","","","","","","","",Palestinians,"","","","","","",0,"","",0,"","","","","","","","","","","","",6,Explosives,16,Unknown Explosive Type,"","","","","","","","","","","","",Explosive,"","","","","","",1,4,Unknown,"","",0,"","","","","","",0,"","","","","","","","","","","","",PGIS,1,0,1,1,""
198205270003,1982,5,27,"",1,5/28/1982,200,10,Middle East & North Africa,Aleppo,Aleppo,36.201721,37.14352,1,0,"","",1,1,1,-9,"","",0,1,0,4,Hijacking,"","","","",6,Airports & Aircraft,42,Aircraft (not at an airport),Royal Air Maroc (RAM),Boeing 727-2B6,136,Morocco,"","","","","","","","","","","","","","","","",Unknown,"","","","","","",0,"","",0,1,"","","","","","","","","","","",5,Firearms,3,Handgun,6,Explosives,7,Grenade,"","","","","","","","",Pistol; Grenade,0,0,"",0,0,"",0,"","","","",1,-99,0,0,1,Tunisia,Tunisia,0,"","","","","",2,Hostage(s) released by perpetrators,"","","","","",Hijacking DB,-9,-9,1,1,""
198206180003,1982,6,18,"",0,"",200,10,Middle East & North Africa,Quneitra,Majdal al-Shams,33.267937,35.773513,1,0,"","",1,1,1,0,"","",0,1,0,3,Bombing/Explosion,"","","","",15,Religious Figures/Institutions,85,Religious Figure,"",office of head of Israeli Druze(Muslim sect) Salman abu Salah,97,Israel,"","","","","","","","","","","","","","","","",Unknown,"","","","","","",0,"","",0,"","","","","","","","","","","","",6,Explosives,7,Grenade,"","","","","","","","","","","","",Explosive,0,"","",0,"","",1,"","","","Damages: explosion/granade, damaged offices",0,"","","","","","",0,"","","","","","","","","","","","",PGIS,-9,-9,1,1,""
198307010008,1983,7,1,"",0,"",200,10,Middle East & North Africa,Aleppo,Aleppo,36.201721,37.14352,1,0,"","",1,1,0,1,1,Insurgency/Guerilla Action,0,1,0,1,Assassination,"","","","",4,Military,34,"Military Personnel (soldiers, troops, officers, forces)",Syrian Army,Colonel,200,Syria,"","","","","","","","","","","","","","","","",Muslim Brotherhood,"","","","","","",0,"","",0,"","","","","","","","","","","","",5,Firearms,3,Handgun,"","","","","","","","","","","","",Pistol,1,"","",0,"","",0,"","","","",0,"","","","","","",0,"","","","","","","","","","","","",PGIS,0,1,0,1,""
198402140003,1984,2,14,"",0,"",200,10,Middle East & North Africa,Aleppo,Aleppo,36.201721,37.14352,1,0,"","",1,1,1,0,"","",0,0,0,1,Assassination,"","","","",7,Government (Diplomatic),45,"Diplomatic Personnel (outside of embassy, consulate)",To Syian Government,"Iranian Ambassader, Ali Akbar Muhtashimi",94,Iran,"","","","","","","","","","","","","","","","",May 15 Organization for the Liberation of Palestine,"","","","","","",1,"","",0,"","","","","","","","","","","","",6,Explosives,9,Letter Bomb,"","","","","","","","","","","","",Letter bomb,0,"","",1,"","",0,"","","","",0,"","","","","","",0,"","","","","","","","","","","","",PGIS,1,1,1,1,""
198507310001,1985,7,31,"",0,"",200,10,Middle East & North Africa,Aleppo,Aleppo,36.201721,37.14352,1,0,"","",1,1,1,0,"","",0,1,0,3,Bombing/Explosion,"","","","",10,Journalists & Media,53,Newspaper Journalist/Staff/Facility,"",SANA offices,200,Syria,"","","","","","","","","","","","","","","","",Unknown,"","","","","","",0,"","",0,"","","","","","","","","","","","",6,Explosives,16,Unknown Explosive Type,"","","","","","","","","","","","",Explosive,30,"","",30,"","",1,"","","","",0,"","","","","","",0,"","","","","","","","","","","","",PGIS,-9,-9,0,-9,""
198606020010,1986,6,2,"",0,"",200,10,Middle East & North Africa,Aleppo,Aleppo,36.201721,37.14352,1,0,"","",1,0,1,1,3,Intra/Inter-group Conflict,0,0,0,1,Assassination,"","","","",17,Terrorists/Non-State Militia,93,Terrorist,Palestinian Liberation Organization (PLO),Guerrilla leader: Faeed Abu Musa,155,West Bank and Gaza Strip,"","","","","","","","","","","","","","","","",Unknown,"","","","","","",0,"","",0,"","","","","","","","","","","","",6,Explosives,7,Grenade,"","","","","","","","","","","","",Grenade,1,"","",0,"","",0,"","","","",0,"","","","","","",0,"","","","","","","","","","","","",PGIS,-9,-9,1,1,""
198606040002,1986,6,4,"",0,"",200,10,Middle East & North Africa,Aleppo,Aleppo,36.201721,37.14352,1,0,"","",1,1,1,0,"","",0,1,0,3,Bombing/Explosion,"","","","",1,Business,2,Restaurant/Bar/Caf�,"",Al-Rawdah restaurant,200,Syria,"","","","","","","","","","","","","","","","",Unknown,"","","","","","",0,"","",0,"","","","","","","","","","","","",6,Explosives,16,Unknown Explosive Type,"","","","","","","","","","","","",Explosive,0,"","",0,"","",1,"","","","",0,"","","","","","",0,"","","","","","","","","","","","",PGIS,-9,-9,0,-9,""
198607090001,1986,7,9,"",0,"",200,10,Middle East & North Africa,Aleppo,Aleppo,36.201721,37.14352,1,0,"","",1,1,1,0,"","",0,1,0,3,Bombing/Explosion,"","","","",20,Unknown,"","","",unk,200,Syria,"","","","","","","","","","","","","","","","",Muslim Brotherhood,Under Samih Al-Ajami,"","","","","",0,"","",0,"","","","","","","","","","","","",6,Explosives,16,Unknown Explosive Type,"","","","","","","","","","","","",Explosive,7,"","",0,"","",1,"","","","",0,"","","","","","",0,"","","","","","","","","","","","",PGIS,0,1,0,1,""
198609090001,1986,9,9,"",0,"",200,10,Middle East & North Africa,Aleppo,Aleppo,36.201721,37.14352,1,0,"","",1,1,1,0,"","",0,1,0,3,Bombing/Explosion,"","","","",14,Private Citizens & Property,75,Village/City/Town/Suburb,"",town of Aleppo,200,Syria,"","","","","","","","","","","","","","","","",Unknown,"","","","","","",0,"","",0,"","","","","","","","","","","","",6,Explosives,16,Unknown Explosive Type,"","","","","","","","","","","","",Explosive,0,"","",8,"","",1,"","","","",0,"","","","","","",0,"","","","","","","","","","","","",PGIS,-9,-9,0,-9,""
198901180010,1989,1,18,"",0,"",200,10,Middle East & North Africa,Aleppo,Aleppo,36.201721,37.14352,1,0,"","",1,1,1,0,"","",0,0,0,1,Assassination,"","","","",2,Government (General),18,"Government Personnel (excluding police, military)",Govt,Home Vice Pres Abd Al-Halim Khaddam,200,Syria,"","","","","","","","","","","","","","","","",Unknown,"","","","","","",0,"","",0,"","","","","","","","","","","","",6,Explosives,16,Unknown Explosive Type,"","","","","","","","","","","","",Explosive,0,"","",0,"","",1,"","","","",0,"","","","","","",0,"","","","","","","","","","","","",PGIS,-9,-9,0,-9,""
199605090013,1996,5,9,"",0,"",200,10,Middle East & North Africa,Aleppo,Aleppo,36.201721,37.14352,1,0,"","",1,1,1,0,"","",0,0,0,1,Assassination,"","","","",2,Government (General),15,Politician or Political Party Movement/Meeting/Rally,"",Abdullah Ocelan PKK leader,209,Turkey,"","","","","","","","","","","","","","","","",Unknown,"","","","","","",0,"","",0,"","","","","","","","","","","","",6,Explosives,16,Unknown Explosive Type,"","","","","","","","","","","","",Bomb,0,"","",0,"","",0,"","","","",0,"","","","","","",0,"","","","","","","","","","","","",PGIS,-9,-9,1,1,""
199612310002,1996,12,31,"",0,"",200,10,Middle East & North Africa,Aleppo,Aleppo,36.201721,37.14352,1,0,"","",1,1,1,0,"","",0,1,0,3,Bombing/Explosion,"","","","",19,Transportation,99,Bus (excluding tourists),"",Passenger Bus,200,Syria,"","","","","","","","","","","","","","","","",Islamic Movement for Change,"","","","","","",0,"","",0,"","","","","","","","","","","","",6,Explosives,16,Unknown Explosive Type,"","","","","","","","","","","","",Bomb,15,"","",50,"","",1,"","","","",0,"","","","","","",0,"","","","","","","","","","","","",PGIS,0,0,0,0,""
199705300003,1997,5,30,"",0,"",200,10,Middle East & North Africa,Quneitra,Golan Heights district,33.181493,35.933529,3,0,"","",1,1,1,-9,"","",0,1,0,2,Armed Assault,"","","","",7,Government (Diplomatic),47,"International Organization (peacekeeper, aid agency, compound)","",UN Soldiers,15,Austria,"","","","","","","","","","","","","","","","",Unknown,"","","","","","",0,"","",0,"","","","","","","","","","","","",5,Firearms,5,Unknown Gun Type,"","","","","","","","","","","","",Firearm,2,"","",0,"","",1,"","","","",0,"","","","","","",0,"","","","","","","","","","","","",PGIS,-9,-9,1,1,""
199810100003,1998,10,10,"",0,"",200,10,Middle East & North Africa,Ar Raqqah,Tell Abiad,36.695915,38.946732,1,1,The incident occurred near the settlements of Darbassiyah and Tell Abiad.,"10/10/1998: Turkish officials claimed that a number of bombs exploded near the settlements of Darbassiyah and Tall al-Abayad, Syria. The attack was allegedly targeted at Syrian military facilities, but the Syrian government denied this claim. The Kurdistan Workers' Party (PKK) was suspected for carrying out this attack.",1,1,1,0,"","",0,1,0,3,Bombing/Explosion,"","","","",4,Military,27,Military Barracks/Base/Headquarters/Checkpost,Syrian Armed Forces (SAF),Military facilities,200,Syria,"","","","","","","","","","","","","","","","",Kurdistan Workers' Party (PKK),"","","","","",Unknown,1,"","",0,"",0,0,"","","","","","","","","",6,Explosives,16,Unknown Explosive Type,"","","","","","","","","","","","","","","","","","","",1,4,Unknown,"","",0,"","","","","","","","","","","","","","","","\"The Kurdistan Workers' Party (PKK) compounds were also affected by this attack, but Turkish officials claimed that this was the PKK's effort to \"\"cover their tracks.\"\" Officials claimed that this attack was carried out in an effort to hide evidence that the PKK had been launching terror attacks in Turkey for Syria.\"","\"\"\"Syria Denies Explosions on its Territory near Turkish border",� TASS,October 11,"1998.\"","\"\"\"News in Brief",� TASS,October 11,"1998.\"",""
