200210090001,2002,10,9,"",0,"",32,9,Eastern Europe,Sofia City,Sofia,42.696492,23.326011,1,0,Near the Interior Ministry building in downtown Sofia,"10/9/2002: A car exploded as it drove past a school in downtown Sofia, Sofia-Capital, Bulgaria.  The driver of the car, Hristomira Atanasova, was killed in the explosion; no one else was injured.  The specific motive behind the bombing is unknown",1,1,1,0,"","",0,1,0,3,Bombing/Explosion,"","","","",14,Private Citizens & Property,73,Vehicles/Transportation,Civilian,"Hristomira Atanasova, a civilian driving her car in Sofia",32,Bulgaria,"","","","","","","","","","","","","","","","",Unknown,"","","","","","Specific motive is unknown, but sources note that the explosion occurred as the vehicle was nearing the Interior Ministry building.  However, sources also note that car bombings are often used by the underworld in Bulgaria to settle scores.",0,"","",0,-99,0,0,"","","","","","","","","",6,Explosives,15,Vehicle,"","","","","","","","","","","","","\"A \"\"makeshift\"\" bomb in a car\"",1,0,0,0,0,0,1,4,Unknown,"",A bomb exploded inside a car,0,"","","","","","","","","","","","","","","",It's possible the bombing was a score-settling.,"\"\"\"Car bomb kills woman in downtown Sofia","\"\" Associated Press Newswires","October 9. 2002\"","\"\"\"Woman killed by car-bomb explosion as she drives past school in Sofia","\"\" The Independent",October 10,"2002\"","\"\"\"One killed in a car bomb blast in Sofia","\"\" Agence France-Presse"
198209090004,1982,9,9,"",0,"",32,9,Eastern Europe,Burgas,Burgas,42.5,27.466667,1,0,"","",1,1,1,0,"","",0,1,0,1,Assassination,"","","","",7,Government (Diplomatic),45,"Diplomatic Personnel (outside of embassy, consulate)",Turkish Consulate,"Bora Suelkan (45), administrative attache",209,Turkey,"","","","","","","","","","","","","","","","",Armenian Secret Army for the Liberation of Armenia,"","","","","","",0,"","",0,1,"","","","","","","","","","","",5,Firearms,5,Unknown Gun Type,"","","","","","","","","","","","",Firearm,1,"","",0,"","",0,"","","","",0,"","","","","","",0,"","","","","","","","","","","","",PGIS,1,1,1,1,""
200805290020,2008,5,29,"",0,"",32,9,Eastern Europe,Orahovo,Kozloduy,43.778514,23.721818,1,0,"The attack took place at the house of mayor in Kozloduy, Bulgaria.","05/29/2008: Early on Thursday,  in Kozloduy, Bulgaria, a bomb was used to target the house of the mayor of Oryahovo.  The blast broke windows, and stairs and elevator shafts were damaged.  The material used in the bomb has not been established.  No injuries were reported, and no group claimed responsibility for the attack.",1,1,1,1,2,Other Crime Type,0,0,0,1,Assassination,"","","","",2,Government (General),18,"Government Personnel (excluding police, military)",Government,The house of the mayor of Oryahovo,32,Bulgaria,"","","","","","","","","","","","","","","","",Unknown,"","","","","",The specific motive for the attack is unknown.,0,"","",0,-99,0,0,"","","","","","","","","",6,Explosives,17,Other Explosive Type,"","","","","","","","","","","","",An improvised explosive device was used in the attack.,0,0,0,0,0,0,1,3,Minor (likely < $1 million),"","The blast broke windows, and stairs and elevator shafts were damaged.",0,"","","","","","","","","","","","","","","","","\"Novinite: Sofia News Agency (Bulgaria), \"\"Blast Rocks Residential Building of Bulgaria's Oryahovo Mayor\"\"",http://www.novinite.com/view_news.php?id=93601,May 29,"2008\"","\"Triton Reports, \"\"IED used to target house of mayor\"\"",Triton Reports,June 25,"2008\"",""
198209090006,1982,9,9,"",0,"",32,9,Eastern Europe,"",Burgas,42.5,27.466667,1,0,"","",1,1,1,0,"","",0,1,0,1,Assassination,"","","","",7,Government (Diplomatic),45,"Diplomatic Personnel (outside of embassy, consulate)",diplomat,Consulate General Administrative Attache Bora Suelkan,209,Turkey,"","","","","","","","","","","","","","","","",Justice Commandos for the Armenian Genocide,"","","","","","",0,"","",0,1,"","","","","","","","","","","",5,Firearms,3,Handgun,"","","","","","","","","","","","",Pistol,1,"","",0,"","",0,"","","","",0,"","","","","","",0,"","","","","","","","","","","","",Hyland,1,1,1,1,""
200808070016,2008,8,7,"",0,"",32,9,Eastern Europe,Varna,Varna,43.216645,27.911806,1,0,The two supermarkets were located in the districts of Mladost and Vladislav Varnenchik.,"08/07/2008: On Thursday, at around 0400, in Varna, Bulgaria, two IEDs detonated in front of two supermarkets. There were no claims of responsibility. There were no reported casualties.",1,1,1,0,"","",0,1,0,3,Bombing/Explosion,"","","","",1,Business,7,Retail/Grocery/Bakery,Piccadilly,Two supermarkets belonging to the Piccadilly chain.,32,Bulgaria,"","","","","","","","","","","","","","","","",Unknown,"","","","","",The specific motive for the attack is unknown.,0,"","",0,-99,0,0,"","","","","","","","","",6,Explosives,16,Unknown Explosive Type,"","","","","","","","","","","","",Two explosive devices were used in the attack.,0,0,0,0,0,0,1,4,Unknown,"",The extent of the property damage is unknown.,0,"","","","","","","","","","","","","","","","","\"Balkan in Sight, \"\"Blasts Rock Supermarkets in Bulgaria Resort","\"\" Balkan in Sight",August 7th,"2008.\"","\"Deutsche Presse-Agentur, \"\"Serb-Operated Retail Chain Bombed in Bulgaria","\"\" Deutsche Presse-Agentur",August 7th,"2008.\"","\"Agence France Presse, \"\"Two Explosions in Bulgarian Resort"
198408300001,1984,8,30,"",0,"",32,9,Eastern Europe,Varna,Varna,43.216645,27.911806,1,0,"","",1,1,1,0,"","",0,1,0,3,Bombing/Explosion,"","","","",6,Airports & Aircraft,44,Airport,"",airport,32,Bulgaria,"","","","","","","","","","","","","","","","",Turks,"","","","","","",1,"","",0,"","","","","","","","","","","","",6,Explosives,16,Unknown Explosive Type,"","","","","","","","","","","","",Explosive,"","","",0,"","",1,"","","","",0,"","","","","","",0,"","","","","","","","","","","","",PGIS,1,1,0,1,""
199010250019,1990,10,25,"",0,"",32,9,Eastern Europe,Grad Sofia,Sofia,42.696492,23.326011,1,0,"","",1,1,1,0,"","",0,1,0,3,Bombing/Explosion,"","","","",14,Private Citizens & Property,84,Political Party Member/Rally,Movement for rights and freedoms*,Regional Office,32,Bulgaria,"","","","","","","","","","","","","","","","",Unknown,"","","","","","",0,"","",0,"","","","","","","","","","","","",6,Explosives,16,Unknown Explosive Type,"","","","","","","","","","","","",Explosive,0,"","",0,"","",1,"","","","",0,"","","","","","",0,"","","","","","","","","","","","",PGIS,-9,-9,0,-9,""
199011070008,1990,11,7,"",0,"",32,9,Eastern Europe,"",Sofia,42.696492,23.326011,1,0,"","",1,1,1,0,"","",0,1,0,3,Bombing/Explosion,"","","","",3,Police,22,"Police Building (headquarters, station, school)",Police,Station,32,Bulgaria,"","","","","","","","","","","","","","","","",Unknown,"","","","","","",0,"","",0,"","","","","","","","","","","","",6,Explosives,16,Unknown Explosive Type,"","","","","","","","","","","","",Explosive,0,"","",0,"","",1,"","","","",0,"","","","","","",0,"","","","","","","","","","","","",PGIS,-9,-9,0,-9,""
199011130002,1990,11,13,"",0,"",32,9,Eastern Europe,"",Plovdiv,42.15,24.75,1,0,"","",1,1,1,0,"","",0,1,0,3,Bombing/Explosion,"","","","",19,Transportation,99,Bus (excluding tourists),"",Bus,32,Bulgaria,"","","","","","","","","","","","","","","","",Unknown,"","","","","","",0,"","",0,"","","","","","","","","","","","",6,Explosives,7,Grenade,"","","","","","","","","","","","",Grenade,0,"","",0,"","",1,"","","","",0,"","","","","","",0,"","","","","","","","","","","","",PGIS,-9,-9,0,-9,""
199011140011,1990,11,14,"",0,"",32,9,Eastern Europe,Grad Sofia,Sofia,42.696492,23.326011,1,0,"","",1,1,1,-9,"","",0,1,0,7,Facility/Infrastructure Attack,"","","","",8,Educational Institution,49,School/University/Educational Building,"","Lecture Hall, Sofia University",32,Bulgaria,"","","","","","","","","","","","","","","","",Unknown,"","","","","","",0,"","",0,"","","","","","","","","","","","",8,Incendiary,"","","","","","","","","","","","","","",Incendiary,0,"","",0,"","",1,"","","","",0,"","","","","","",0,"","","","","","","","","","","","",PGIS,-9,-9,0,-9,""
199011140012,1990,11,14,"",0,"",32,9,Eastern Europe,Grad Sofia,Sofia,42.696492,23.326011,1,0,"","",1,1,1,-9,"","",0,1,0,7,Facility/Infrastructure Attack,"","","","",2,Government (General),17,Head of State,Government,Apartment Block of Prime Minister (Andrei Lukanov),32,Bulgaria,"","","","","","","","","","","","","","","","",Unknown,"","","","","","",0,"","",0,"","","","","","","","","","","","",8,Incendiary,"","","","","","","","","","","","","","",Incendiary,0,"","",0,"","",1,"","","","",0,"","","","","","",0,"","","","","","","","","","","","",PGIS,-9,-9,0,-9,""
199101210016,1991,1,21,"",0,"",32,9,Eastern Europe,Burgas,Burgas,42.5,27.466667,1,0,"","",1,1,1,-9,"","",0,1,0,4,Hijacking,"","","","",6,Airports & Aircraft,42,Aircraft (not at an airport),Aeroflot,"Aircraft-Flight to Odessa, USSR *",359,Soviet Union,"","","","","","","","","","","","","","","","",Unknown,"","","","","","",0,"","",0,1,"","","","","","","","","","","",7,Fake Weapons,"","","","","","","","","","","","","","",Fake bomb,0,"","",0,"","",0,"","","","",0,"","","","",Bulgaria,Bulgaria,0,"","","","","",5,Successful Rescue,151,"","","","",PGIS,-9,-9,1,1,""
199104250001,1991,4,25,"",0,"",32,9,Eastern Europe,Grad Sofia,Sofia,42.696492,23.326011,1,0,"","",1,1,1,0,"","",0,1,0,3,Bombing/Explosion,"","","","",7,Government (Diplomatic),46,Embassy/Consulate,Iraqi State dept,Iraqi embassy,95,Iraq,"","","","","","","","","","","","","","","","",Unknown,"","","","","","",0,"","",0,"","","","","","","","","","","","",6,Explosives,16,Unknown Explosive Type,"","","","","","","","","","","","",Explosive,0,"","",0,"","",1,"","","","",0,"","","","","","",0,"","","","","","","","","","","","",PGIS,-9,-9,1,1,""
199112280001,1991,12,28,"",0,"",32,9,Eastern Europe,Kyustendil,Dupnitsa,42.266667,23.116667,1,0,"","",1,1,1,0,"","",0,1,0,3,Bombing/Explosion,"","","","",3,Police,22,"Police Building (headquarters, station, school)",police,headquarters,32,Bulgaria,"","","","","","","","","","","","","","","","",Unknown,"","","","","","",0,"","",0,"","","","","","","","","","","","",6,Explosives,16,Unknown Explosive Type,"","","","","","","","","","","","",Explosive,0,"","",0,"","",1,3,Minor (likely < $1 million),20000,"",0,"","","","","","",0,"","","","","","","","","","","","",PGIS,-9,-9,0,-9,""
199205270004,1992,5,27,"",0,"",32,9,Eastern Europe,Grad Sofia,Sofia,42.696492,23.326011,1,0,"","",1,1,1,0,"","",0,1,0,3,Bombing/Explosion,"","","","",10,Journalists & Media,56,Other (including online news agencies),168 hours *,"Vehicle, Head of 168 hours*",32,Bulgaria,"","","","","","","","","","","","","","","","",Unknown,"","","","","","",0,"","",0,"","","","","","","","","","","","",6,Explosives,16,Unknown Explosive Type,"","","","","","","","","","","","",Explosive,0,"","",0,"","",1,3,Minor (likely < $1 million),40000,"",0,"","","","","","",0,"","","","","","","","","","","","",PGIS,-9,-9,0,-9,""
199211100004,1992,11,10,"",0,"",32,9,Eastern Europe,Yambol,Yambol,42.48376,26.510764,1,0,"","",1,1,1,0,"","",0,1,0,3,Bombing/Explosion,"","","","",2,Government (General),21,Government Building/Facility/Office,Govt,Town Hall,32,Bulgaria,"","","","","","","","","","","","","","","","",Unknown,"","","","","","",0,"","",0,"","","","","","","","","","","","",6,Explosives,16,Unknown Explosive Type,"","","","","","","","","","","","",Explosive,0,"","",0,"","",1,"","","","",0,"","","","","","",0,"","","","","","","","","","","","",PGIS,-9,-9,0,-9,""
199403240010,1994,3,24,"",0,"",32,9,Eastern Europe,Pazardzhik,Pazardzhik,42.193967,24.331984,1,0,"","",1,1,1,0,"","",0,1,0,3,Bombing/Explosion,"","","","",2,Government (General),21,Government Building/Facility/Office,Government,Historic Building,32,Bulgaria,"","","","","","","","","","","","","","","","",Unknown,"","","","","","",0,"","",0,"","","","","","","","","","","","",6,Explosives,16,Unknown Explosive Type,"","","","","","","","","","","","",Explosive,"","","",1,"","",1,"","","","",0,"","","","","","",0,"","","","","","","","","","","","",PGIS,-9,-9,0,-9,""
199408300003,1994,8,30,"",0,"",32,9,Eastern Europe,Grad Sofia,Sofia,42.696492,23.326011,1,0,"","",0,1,1,1,2,Other Crime Type,0,1,0,1,Assassination,"","","","",14,Private Citizens & Property,82,Labor Union Related,Bulgarian Union for Physical Culture and Sports,Tzvetan Tzvetanov,32,Bulgaria,"","","","","","","","","","","","","","","","",Unknown,"","","","","","",0,"","",0,"","","","","","","","","","","","",5,Firearms,5,Unknown Gun Type,"","","","","","","","","","","","","",1,"","","","","",0,"","","","",0,"","","","","","",0,"","","","","","","","","","","","",PGIS,-9,-9,0,-9,""
199505020003,1995,5,2,"",0,"",32,9,Eastern Europe,Plovdiv,Parvenets,42.072003,24.661053,1,0,"","",1,1,1,0,"","",0,1,0,3,Bombing/Explosion,"","","","",2,Government (General),15,Politician or Political Party Movement/Meeting/Rally,"",politician,32,Bulgaria,"","","","","","","","","","","","","","","","",Unknown,"","","","","","",0,"","",0,"","","","","","","","","","","","",6,Explosives,16,Unknown Explosive Type,"","","","","","","","","","","","",Explosive,1,"","",0,"","",1,"","","","",0,"","","","","","",0,"","","","","","","","","","","","",PGIS,-9,-9,0,-9,""
199510250016,1995,10,25,"",0,"",32,9,Eastern Europe,Plovdiv,Plovdiv,42.15,24.75,1,0,"","",1,1,1,-9,"","",0,0,0,3,Bombing/Explosion,"","","","",1,Business,7,Retail/Grocery/Bakery,unk,private shop,32,Bulgaria,"","","","","","","","","","","","","","","","",Unknown,"","","","","","",0,"","",0,"","","","","","","","","","","","",6,Explosives,16,Unknown Explosive Type,"","","","","","","","","","","","",Explosive,2,"","",0,"","",1,"","","","",0,"","","","","","",0,"","","","","","","","","","","","",PGIS,-9,-9,0,-9,""
199601110004,1996,1,11,"",0,"",32,9,Eastern Europe,Grad Sofia,Sofia,42.696492,23.326011,1,0,"","",1,1,1,-9,"","",0,1,0,8,Unarmed Assault,"","","","",7,Government (Diplomatic),45,"Diplomatic Personnel (outside of embassy, consulate)",Unk,Chinese Diplomat,44,China,"","","","","","","","","","","","","","","","",Unknown,"","","","","","",0,"","",0,"","","","","","","","","","","","",9,Melee,21,Blunt Object,"","","","","","","","","","","","",Iron bar,0,"","",1,"","",0,"","","","",0,"","","","","","",0,"","","","","","","","","","","","",PGIS,-9,-9,1,1,""
199601210004,1996,1,21,"",0,"",32,9,Eastern Europe,Grad Sofia,Sofia,42.696492,23.326011,1,0,"","",1,1,1,-9,"","",0,1,0,3,Bombing/Explosion,"","","","",1,Business,3,Bank/Commerce,Unk,Money Exhange,32,Bulgaria,"","","","","","","","","","","","","","","","",Unknown,"","","","","","",0,"","",0,"","","","","","","","","","","","",6,Explosives,16,Unknown Explosive Type,"","","","","","","","","","","","",Explosive,3,"","",0,"","",1,"","","","",0,"","","","","","",0,"","","","","","","","","","","","",PGIS,-9,-9,0,-9,""
199601270012,1996,1,27,"",0,"",32,9,Eastern Europe,Grad Sofia,Sofia,42.696492,23.326011,1,0,"","",1,1,1,0,"","",0,1,0,9,Unknown,"","","","",7,Government (Diplomatic),45,"Diplomatic Personnel (outside of embassy, consulate)",Unk,Chinese Diplomat,44,China,"","","","","","","","","","","","","","","","",Unknown,"","","","","","",0,"","",0,"","","","","","","","","","","","",13,Unknown,"","","","","","","","","","","","","","","",0,"","",1,"","",0,"","","","",0,"","","","","","",0,"","","","","","","","","","","","",PGIS,-9,-9,1,1,""
199605030006,1996,5,3,"",0,"",32,9,Eastern Europe,Grad Sofia,Sofia,42.696492,23.326011,1,0,"","",1,1,1,-9,"","",0,1,0,1,Assassination,"","","","",3,Police,25,Police Security Forces/Officers,"",Police,32,Bulgaria,"","","","","","","","","","","","","","","","",Unknown,"","","","","","",0,"","",0,"","","","","","","","","","","","",5,Firearms,5,Unknown Gun Type,"","","","","","","","","","","","",Small caliber,3,"","",0,"","",0,"","","","",0,"","","","","","",0,"","","","","","","","","","","","",PGIS,-9,-9,0,-9,""
199607170008,1996,7,17,"",0,"",32,9,Eastern Europe,Grad Sofia,Sofia,42.696492,23.326011,1,0,"","",1,1,1,0,"","",0,1,0,3,Bombing/Explosion,"","","","",2,Government (General),21,Government Building/Facility/Office,"",Palace of Culture,32,Bulgaria,"","","","","","","","","","","","","","","","",Unknown,"","","","","","",0,"","",0,"","","","","","","","","","","","",6,Explosives,16,Unknown Explosive Type,"","","","","","","","","","","","",Explosive,0,"","",0,"","",1,3,Minor (likely < $1 million),79000,"",0,"","","","","","",0,"","","","","","","","","","","","",PGIS,-9,-9,0,-9,""
199609180005,1996,9,18,"",0,"",32,9,Eastern Europe,Grad Sofia,Sofia,42.696492,23.326011,1,0,"","",1,1,1,0,"","",0,1,0,3,Bombing/Explosion,"","","","",6,Airports & Aircraft,42,Aircraft (not at an airport),"",City Copter??,32,Bulgaria,"","","","","","","","","","","","","","","","",Unknown,"","","","","","",0,"","",0,"","","","","","","","","","","","",6,Explosives,16,Unknown Explosive Type,"","","","","","","","","","","","",Explosive,0,"","",1,"","",1,"","","","",0,"","","","","","",0,"","","","","","","","","","","","",PGIS,-9,-9,0,-9,""
199610020005,1996,10,2,"",0,"",32,9,Eastern Europe,Grad Sofia,Sofia,42.696492,23.326011,1,0,"","",1,1,1,0,"","",0,1,0,1,Assassination,"","","","",2,Government (General),15,Politician or Political Party Movement/Meeting/Rally,"",Member of Govt./Former Prime Minister,32,Bulgaria,"","","","","","","","","","","","","","","","",Unknown,"","","","","","",0,"","",0,"","","","","","","","","","","","",5,Firearms,5,Unknown Gun Type,"","","","","","","","","","","","",Small caliber,1,"","",0,"","",0,"","","","",0,"","","","","","",0,"","","","","","","","","","","","",PGIS,-9,-9,0,-9,""
199610110003,1996,10,11,"",0,"",32,9,Eastern Europe,Haskovo,Dimitrovgrad,42.05,25.6,1,0,"","",1,1,1,-9,"","",0,1,0,1,Assassination,"","","","",1,Business,"","","",Businessman/ Power of Society Firm,32,Bulgaria,"","","","","","","","","","","","","","","","",Unknown,"","","","","","",0,"","",0,"","","","","","","","","","","","",5,Firearms,5,Unknown Gun Type,"","","","","","","","","","","","",Small caliber,1,"","",0,"","",0,"","","","",0,"","","","","","",0,"","","","","","","","","","","","",PGIS,-9,-9,0,-9,""
199610130001,1996,10,13,"",0,"",32,9,Eastern Europe,Grad Sofia,Sofia,42.696492,23.326011,1,0,"","",1,1,1,-9,"","",0,1,0,3,Bombing/Explosion,"","","","",1,Business,11,Entertainment/Cultural/Stadium/Casino,"",Businessman/Discothegue Owner*,32,Bulgaria,"","","","","","","","","","","","","","","","",Unknown,"","","","","","",0,"","",0,"","","","","","","","","","","","",6,Explosives,16,Unknown Explosive Type,"","","","","","","","","","","","",Explosive,1,"","",0,"","",1,"","","","",0,"","","","","","",0,"","","","","","","","","","","","",PGIS,-9,-9,0,-9,""
199610310008,1996,10,31,"",0,"",32,9,Eastern Europe,Grad Sofia,Sofia,42.696492,23.326011,1,0,"","",1,1,1,0,"","",0,0,0,1,Assassination,"","","","",2,Government (General),18,"Government Personnel (excluding police, military)",Bank Liquidator,Office of Central Election Committee,32,Bulgaria,"","","","","","","","","","","","","","","","",Unknown,"","","","","","",0,"","",0,"","","","","","","","","","","","",6,Explosives,16,Unknown Explosive Type,"","","","","","","","","","","","",Explosive,0,"","",0,"","",0,"","","","",0,"","","","","","",0,"","","","","","","","","","","","",PGIS,-9,-9,0,-9,""
199612050007,1996,12,5,"",0,"",32,9,Eastern Europe,Stara Zagora,Kazanluk,42.619902,25.394664,1,0,"","",1,1,1,0,"","",0,1,0,3,Bombing/Explosion,"","","","",15,Religious Figures/Institutions,86,Place of Worship,"",Mosque,32,Bulgaria,"","","","","","","","","","","","","","","","",Unknown,"","","","","","",0,"","",0,"","","","","","","","","","","","",6,Explosives,16,Unknown Explosive Type,"","","","","","","","","","","","",Explosive,0,"","",0,"","",1,"","","","",0,"","","","","","",0,"","","","","","","","","","","","",PGIS,-9,-9,0,-9,""
199612250011,1996,12,25,"",0,"",32,9,Eastern Europe,Grad Sofia,Sofia,42.696492,23.326011,1,0,"","",1,1,1,0,"","",0,1,0,3,Bombing/Explosion,"","","","",7,Government (Diplomatic),45,"Diplomatic Personnel (outside of embassy, consulate)","",Yugoslav Consulate Sofia,235,Yugoslavia,"","","","","","","","","","","","","","","","",Unknown,"","","","","","",0,"","",0,"","","","","","","","","","","","",6,Explosives,7,Grenade,"","","","","","","","","","","","",Grenade,0,"","",0,"","",1,"","","","",0,"","","","","","",0,"","","","","","","","","","","","",PGIS,-9,-9,1,1,""
199705050006,1997,5,5,"",0,"",32,9,Eastern Europe,Grad Sofia,Sofia,42.696492,23.326011,1,0,"","",1,1,1,0,"","",0,0,0,3,Bombing/Explosion,"","","","",19,Transportation,"","","",unknown(device found near airport),32,Bulgaria,"","","","","","","","","","","","","","","","",Unknown,"","","","","","",0,"","",0,"","","","","","","","","","","","",6,Explosives,16,Unknown Explosive Type,"","","","","","","","","","","","",Explosive,0,"","",0,"","",1,"","","","",0,"","","","","","",0,"","","","","","","","","","","","",PGIS,-9,-9,0,-9,""
199706170010,1997,6,17,"",0,"",32,9,Eastern Europe,Grad Sofia,Sofia,42.696492,23.326011,1,0,"","",1,1,1,-9,"","",0,1,0,3,Bombing/Explosion,"","","","",1,Business,"","",Multigroup,Businessman (chief Multigroup),32,Bulgaria,"","","","","","","","","","","","","","","","",Unknown,"","","","","","",0,"","",0,"","","","","","","","","","","","",6,Explosives,16,Unknown Explosive Type,"","","","","","","","","","","","",Explosive,0,"","",0,"","",1,"","","","",0,"","","","","","",0,"","","","","","","","","","","","",PGIS,-9,-9,0,-9,""
199706180020,1997,6,18,"",1,6/20/1997,32,9,Eastern Europe,Grad Sofia,Sofia,42.696492,23.326011,1,0,"","",1,1,1,-9,"","",0,1,0,6,Hostage Taking (Kidnapping),"","","","",1,Business,1,Gas/Oil/Electric,Bulgargas,Official of state gas firm,32,Bulgaria,"","","","","","","","","","","","","","","","",Elos security firm,"","","","","","",0,"","",0,"","","","","","","","","","","","",13,Unknown,"","","","","","","","","","","","","","","",0,"","",0,"","",1,"","","","",1,1,0,0,1,"","",0,"","","","","",5,Successful Rescue,1,"","","","",PGIS,-9,-9,0,-9,""
199801170002,1998,1,17,"",0,"",32,9,Eastern Europe,Sofia City (Province),Sofia,42.696492,23.326011,1,0,"","01/17/1998: A bomb exploded in front of the Sofia-based offices of one of Bulgaria's most widely-circulated newspapers. The explosion smashed the windows of the five-story building of Media Holding Inc., and the windows of shops, restaurants and private apartments on the opposite side of the street. No one was injured, and no group claimed responsibility for the attack.",1,1,1,0,"","",0,1,0,3,Bombing/Explosion,"","","","",10,Journalists & Media,53,Newspaper Journalist/Staff/Facility,Bulgarian Media,Media Holding Inc,32,Bulgaria,"","","","","","","","","","","","","","","","",Unknown,"","","","","",Unknown,0,"","",0,"",0,0,"","","","","","","","","",6,Explosives,14,Time Fuse,"","","","","","","","","","","","","",0,0,0,0,0,0,1,3,Minor (likely < $1 million),"","The explosion smashed the windows of the five-story building of Media Holding Inc, and the windows of shops, restaurants and private apartments on the opposite side of the street.",0,"","","","","","","","","","","","","","","","","�Newspaper offices target of bomb attack,� BBC Summary of World Broadcasts, January  20, 1998.","�Bulgarian Newspaper Target of Bomb Attack,� BBC Monitoring Europe, January 19, 1998.","",CETIS,-9,-9,0,-9,""
199805110004,1998,5,11,"",0,"",32,9,Eastern Europe,Sofia City (Province),Sofia,42.696492,23.326011,1,0,"","05/11/1998: Anna Zarkova, a journalist for the Trud paper in Sofia, Bulgaria, was assaulted with acid as she waited at a bus stop. She suffered extensive burns to her face, neck, and hands. This attack was in retaliation for Ms. Zarkova's investigative reporting and was meant to intimidate like-minded journalists. One unidentified man was eventually captured and connected to the crime.",1,1,1,0,"","",0,1,0,8,Unarmed Assault,"","","","",10,Journalists & Media,53,Newspaper Journalist/Staff/Facility,Trud Newspaper,Journalist Anna Zarkova,32,Bulgaria,"","","","","","","","","","","","","","","","",Unknown,"","","","","",In retaliation for Ms. Zarkova's investigative reporting and to intimidate like-minded journalists.,0,"","",0,2,1,0,"","","","","","","","","",2,Chemical,"","","","","","","","","","","","","","","",0,0,0,1,0,0,0,"","","","",0,"","","","","","","","","","","","","","","","Ms. Anna Zarkova was the target of constant threats after she published an interview bringing up shady details about bribery and corruption in the professional life of Mr. Rusko Karagogov. The Trud management connected the incident to a number of attacks on the newspaper, one of which was a bomb attempt in early 1998. The attack came at a period of insecurity that existed in Bulgaria, which favored the criminal world.","�Trud Crime Journalist Attacked With Acid in Sofia,� Sofia Khristo Botev Radio Network, May 11, 1998.","�Suspect Arrested for Attack on Trud Journalist Zarkova,� Sofia BTA, May 19, 1998.","�Violent Attempt on Journalist of Trud Daily,� Pari Daily, May 12, 1998.",CETIS,-9,-9,0,-9,""
199911110007,1999,12,9,"",0,"",32,9,Eastern Europe,Sofia City,Sofia,42.696492,23.326011,1,0,"A building in front of the House of Parliament in Sofia, Bulgaria","12/9/1999:  A bomb exploded just before 11am in a building opposite the House of Parliament in Sofia, Bulgaria.  The bomb had been placed in the gutter in front of a restaurant, but no one was injured in the explosion.  The person or group responsible is unknown, as is the purpose of the explosion.",1,1,1,0,"","",0,1,0,3,Bombing/Explosion,"","","","",20,Unknown,"","",Unknown,"Although the bomb was placed in front of a restaurant, it is unclear whether this was the target, or the House of Parliament opposite the restaurant",32,Bulgaria,"","","","","","","","","","","","","","","","",Unknown,"","","","","",Unknown,0,"","",0,-99,0,0,"","","","","","","","","",6,Explosives,16,Unknown Explosive Type,"","","","","","","","","","","","",A makeshift explosive device,0,0,0,0,0,0,1,4,Unknown,"","A bomb detonated in front of a restaurant, causing damage to several buildings, including a bank and a hotel",0,"","","","","","","","","","","","","","","",The target and motive is unclear,"\"Georgi Paunovski, \"\"Bomb explodes in front of Parliamentary building","\"\" PARI Daily",December 10,"1999.\"","\"\"\"Explosion in front of Parliament","\"\" Associated Press",December 9,"1999.\"",""
200011150001,2000,11,15,"",0,"",32,9,Eastern Europe,Sofia City (Province),Sofia,42.696492,23.326011,1,0,"","11/15/2000: A bomb exploded at the Ambassador Hotel in Sofia, Bulgaria, killing two guests, including a 36 year-old Armenian citizen. The explosion also destroyed two first-floor rooms, blasted a three meter hole in the building's facade, and spread debris some 50 meters away. No group claimed responsibility for the attack.",1,1,1,0,"","",0,1,0,3,Bombing/Explosion,"","","","",1,Business,8,Hotel/Resort,Ambassador Hotel,Ambassador Hotel in Sofia,32,Bulgaria,"","","","","","","","","","","","","","","","",Unknown,"","","","","",Unknown,0,"","",0,"",0,0,"","","","","","","","","",6,Explosives,16,Unknown Explosive Type,"","","","","","","","","","","","","",3,0,0,0,0,0,1,3,Minor (likely < $1 million),"","",0,"","","","","","","","","","","","","","","","This was possibly one of two related attacks, but no definite link was made between them (cf. 200011150001; 200011160001). The hotel is located close many Embassies and Ambassadors' residences.","\"\"\"Second bomb in less than 24 hours kills one man in Sofia",� The Associated Press,November 16,"2000.\"","","",CETIS,-9,-9
200011160001,2000,11,16,"",0,"",32,9,Eastern Europe,Sofia City (Province),Boiana,42.647282,23.266141,1,0,"","11/16/2000: A car bomb exploded in Boyana, a suburb south of Sofia, Bulgaria, killing one bystander. There was no claim of responsibility for this incident.",1,1,1,0,"","",0,1,0,3,Bombing/Explosion,"","","","",14,Private Citizens & Property,67,Unnamed Civilian/Unspecified,Civilians,Civilians in Boyana,32,Bulgaria,"","","","","","","","","","","","","","","","",Unknown,"","","","","",Unknown,0,"","",0,"",0,0,"","","","","","","","","",6,Explosives,15,Vehicle,"","","","","","","","","","","","","",1,0,0,0,0,0,1,3,Minor (likely < $1 million),"","",0,"","","","","","","","","","","","","","","","","\"\"\"Second bomb in less than 24 hours kills one man in Sofia",� The Associated Press,November 16,"2000.\"","","",CETIS,-9,-9
200103120001,2001,3,12,"",0,"",32,9,Eastern Europe,Sofia City,Sofia,42.696492,23.326011,1,0,"","03/12/2001: A bomb exploded in front of the house of Bulgarian Socialist Party member and Sofia Municipal Councilor, Borislav Borisov, in Sofia, Bulgaria. No one was injured in the attack, but Borisov�s house sustained minor damage. No group claimed responsibility for the attack.",1,1,1,0,"","",0,1,0,3,Bombing/Explosion,"","","","",2,Government (General),15,Politician or Political Party Movement/Meeting/Rally,Sofia Municipal Council,"The house of Borislav Borisov, a Sofia Municipal Council member",32,Bulgaria,"","","","","","","","","","","","","","","","",Unknown,"","","","","",Unknown,0,"","",0,"",0,0,"","","","","","","","","",6,Explosives,16,Unknown Explosive Type,"","","","","","","","","","","","","",0,0,0,0,0,0,1,3,Minor (likely < $1 million),"",The explosion blasted a metal segment off the fence and broke the windows of the house.,0,"","","","","","","","","","","","","","","","","\"\"\"Bomb Explodes in Front of BSP Sofia Municipal Councilor�s Home",� BTA,March 13,"2001.\"","","",CETIS,-9,-9
