201002120012,2010,2,12,"",0,"",96,8,Western Europe,Dublin,Dublin,53.361675,-6.245485,1,0,The attack took place on Capel Street in Dublin.,"02/12/2010: On Friday morning at about 0630, in Dublin, Dublin, Ireland, unknown assailants used petrol to set fire to Nirvana head shop on Capel Street. The store was destroyed and two adjoining stores were damaged but no casualties were reported. Police believe the fire was deliberately started by parents whose teenage children had consumed legal highs bought at the store. No group claimed responsibility but the Real Irish Republican Army (RIRA) was suspected.",1,1,1,0,"","",0,1,0,7,Facility/Infrastructure Attack,"","","","",1,Business,7,Retail/Grocery/Bakery,Nirvana head shop,Nirvana head shop was targeted in the attack.,96,Ireland,"","","","","","","","","","","","","","","","",Real Irish Republican Army (RIRA),"","","","","",The specific motive for the attack was because parents whose teenage children had consumed legal highs at the store wanted to send an anti-drug message across Ireland.,1,"","",0,-99,0,0,"","","","","","","","","",8,Incendiary,20,Gasoline or Alcohol,"","","","","","","","","","","","",Petrol was used in the attack.,0,0,0,0,0,0,1,4,Unknown,"",The store was destroyed in the attack.,0,"","","","","","","","","","","","","","","","","\"National Counterterrorism Center, \"\"Two Retail Stores Damaged in Arson by Suspected RIRA in Dublin",Dublin,Ireland,"\"\" Worldwide Incidents Tracking System",July 6,"2010.\"","\"John Mooney, \"\"'Parents Razed Head Shop'","\"\" LexisNexis Academic",Sunday Times
201002170009,2010,2,17,"",0,"",96,8,Western Europe,Dublin,Dublin,53.361675,-6.245485,1,0,The attack took place on North Frederick Street in Dublin.,"02/17/2010: On Wednesday evening at about 2125, in Dublin, Dublin, Ireland, unknown assailants set fire to the Happy Hippy shop on North Frederick Street. The store suffered minor damage and one civilian was injured. No group claimed responsibility but the Real Irish Republican Army (RIRA) is suspected.",1,1,1,0,"","",0,1,0,7,Facility/Infrastructure Attack,"","","","",1,Business,7,Retail/Grocery/Bakery,Happy Hippy shop,The Happy Hippy shop on North Frederick Street was targeted in the attack.,96,Ireland,"","","","","","","","","","","","","","","","",Real Irish Republican Army (RIRA),"","","","","",The specific motive for the attack was to send an anti-drug message to Ireland.,1,"","",0,-99,0,0,"","","","","","","","","",8,Incendiary,18,Arson/Fire,"","","","","","","","","","","","",Fire was used in the attack.,0,0,0,1,0,0,1,3,Minor (likely < $1 million),"",The store suffered minor damage from the fire.,0,"","","","","","","","","","","","","","","","","\"National Counterterrorism Center, \"\"One Civilian Wounded in Arson by Suspected RIRA in Dublin",Dublin,Ireland,"\"\" Worldwide Incidents Tracking System",July 6,"2010.\"","\"Radio Telef�s �ireann, \"\"Dublin Head Shop Damaged in Blaze","\"\" http://www.rte.ie/news/2010/0217/dublin.html (February 17","2010).\""
201007100010,2010,7,10,"",0,"",96,8,Western Europe,Louth,Louth,53.952367,-6.539013,1,0,The attack occurred in an unknown location of Louth.,"07/10/2010: On Saturday, in an unknown location of Louth, Ireland, unidentified assailants fired upon several policemen. No casualties or damage was reported and no group claimed responsibility.",0,1,1,1,2,Other Crime Type,0,0,0,2,Armed Assault,"","","","",3,Police,25,Police Security Forces/Officers,Louth Law Enforcement,Police,96,Ireland,"","","","","","","","","","","","","","","","",Unknown,"","","","","",The specific motive for the attack is unknown.,0,"","",0,-99,0,0,"","","","","","","","","",5,Firearms,5,Unknown Gun Type,"","","","","","","","","","","","",Unknown firearms were used in the attack.,0,0,0,0,0,0,0,"","","","",0,"","","","","","","","","","","","","","","","","\"CNN, \"\"Roadside Bomb Explodes in Northern Ireland","\"\" CNN",July 10,2010,"http://www.cnn.com/2010/WORLD/europe/07/10/northern.ireland.explosion/index.html.\"","","",ISVG,-9
201007120012,2010,7,12,"",0,"",96,8,Western Europe,Wexford,Broadway,52.21909,-6.38716,1,0,The attack occurred in Broadway near Wexford.,"07/12/2010: On Monday, in Broadway near Wexford, Ireland, seven civilians, including two children, were injured after a car was driven into a crowd gathered by a bonfire. No damage was reported and no group claimed responsibility.",1,1,1,1,2,Other Crime Type,0,1,0,8,Unarmed Assault,"","","","",14,Private Citizens & Property,67,Unnamed Civilian/Unspecified,"",Civilians,96,Ireland,"","","","","","","","","","","","","","","","",Unknown,"","","","","",The specific motive for the attack is unknown.,0,"","",0,-99,0,0,"","","","","","","","","",10,"Vehicle (not to include vehicle-borne explosives, i.e., car or truck bombs)","","","","","","","","","","","","","","",A vehicle was used in the attack.,0,0,0,7,0,0,0,"","","","",0,"","","","","","","","","","","","","","","","","\"Guardian, \"\"Northern Ireland Police Shot in Wave of Belfast Violence","\"\" Guardian",July 12,2010,"http://www.guardian.co.uk/uk/2010/jul/12/northern-ireland-police-officers-shot.\"","","",ISVG,-9
201103290009,2011,3,29,"",0,"",96,8,Western Europe,Dublin,Ballyfermot,53.361675,-6.245485,1,1,"The attack took place in Ballyfermot, Dublin, Ireland.","03/29/2011: On Tuesday, in Ballyfermot, Dublin, Ireland, unidentified militants detonated an improvised explosive device under a parked car, causing an unknown amount of property damage. Local authorities believe that the militants targeted the wrong home. No casualties were reported and no group claimed responsibility for this incident.",1,1,1,0,"","",0,1,0,3,Bombing/Explosion,"","","","",20,Unknown,"","","","A car was targeted in the attack; however, authorities believed it was a case of mistake identity.",96,Ireland,"","","","","","","","","","","","","","","","",Unknown,"","","","","",The specific motive for the attack is unknown.,0,"","",0,-99,0,0,"","","","","","","","","",6,Explosives,17,Other Explosive Type,"","","","","","","","","","","","",An improvised explosive device was used in the attack.,0,0,0,0,0,0,1,3,Minor (likely < $1 million),"",The attack caused an unknown amount of property damage to the vehicle.,0,"","","","","","","","","","","","","","","","","Jane�s Intelligence, �Unidentified Militants Detonate IED in Irish Capital,� Terrorism Watch Report, BBC, March 30, 2011.","Irish Independent, �Bomb Attack on Family 'was Case of Mistaken Identity',� LexisNexis Academic, Irish Independent, March 30, 2011.","",ISVG,-9,-9,0,-9,""
201105160017,2011,5,16,"",1,5/17/2011,96,8,Western Europe,Kildare,Maynooth,53.38129,-6.59185,1,0,"The incident occurred outside the Glen Royal Hotel in Maynooth in Kildare County, Republic of Ireland.","05/16/2011: On Monday night at 2310, outside of the Glen Royal Hotel in Maynooth, Kildare County, Republic of Ireland, Irish security forces discovered a bomb in the luggage compartment of the bus. Security forces were able to disarm the device by 0155 on 20110517 with no casualties. Dissident republican militants are suspected of planting the device.",1,1,1,0,"","",0,0,0,3,Bombing/Explosion,"","","","",19,Transportation,99,Bus (excluding tourists),"",A bus was targeted in the incident.,96,Ireland,"","","","","","","","","","","","","","","","",Unknown,"","","","","",The specific motive for the attack is unknown.,0,"","",0,-99,0,0,"","","","","","","","","",6,Explosives,17,Other Explosive Type,"","","","","","","","","","","","",An improvised explosive device was used in the attack.,0,0,0,0,0,0,0,"","","","",0,"","","","","","","","","","","","","","","","","Jane�s Intelligence, �Security Forces Make Safe IED in Ireland's County Kildare,� Terrorism Watch Report, BBC, May 17, 2011.","\"Agence France Presse, \"\"Bomb Defused",Two Alerts Ahead of Queen's Ireland Visit,"\"\" LexisNexis Academic",Agence France Presse,May 17,"2011.\"","\"Evening Times, \"\"Bomb Found as Queen Begins Visit to Ireland","\"\" LexisNexis Academic"
201106090009,2011,6,9,"",0,"",96,8,Western Europe,Dublin,Clondalkin,53.321737,-6.395216,1,0,"The incident occurred at a private home in the Clondalkin area of Dublin, Republic of Ireland.","06/09/2011: On Thursday morning around 0400, in the Clondalkin area of Dublin, Republic of Ireland, unidentified militants entered the home of Continuity Irish Republican Army leader, Liam Kenny, and fired on and killed him. Kenny's wife and other individuals were also inside the home at the time of the attack, but managed to escape. Officials believe that Kenny may have been killed by Real Irish Republican Army militants due to a feud. Kenny was also believed to be a former member of the Republican Sinn Fein political group. No group has claimed responsibility for the attack.",1,0,1,1,3,Intra/Inter-group Conflict,0,1,0,2,Armed Assault,"","","","",17,Terrorists/Non-State Militia,93,Terrorist,Continuity Irish Republican Army,Kenny was a known member of the Continuity Irish Republican Army.,96,Ireland,"","","","","","","","","","","","","","","","",Real Irish Republican Army (RIRA),"","","","","",The specific motive for the attack is unknown.,1,"","",0,-99,0,0,"","","","","","","","","",5,Firearms,5,Unknown Gun Type,"","","","","","","","","","","","",Unknown firearms were used in the attack.,1,0,1,0,0,0,0,"","","","",0,"","","","","","","","","","","","","","","","","\"Jane's Intelligence, \"\"Unidentified Militants Kill Former Sinn Fein Member in Irish Capital","\"\" Terrorism Watch Report",BBC Monitoring Europe,June 10,"2011.\"","\"Belfast Telegraph, \"\"Dissident Feud Link to Murder Probed","\"\" LexisNexis Academic",Belfast Telegraph,June 10
201106170002,2011,6,17,"",0,"",96,8,Western Europe,Wicklow,Bray,53.200903,-6.111074,1,0,"The attack took place in Bray, Wicklow, Republic of Ireland.","06/17/2011: On Friday night, in Bray, Wicklow, Ireland, two improvised explosive devices, planted by suspected militants, were safely defused by police. The area was declared safe at 0100 on 06/18/2011. The specific target is unknown and no casualties or property damage resulted as the bombs did not explode. No group claimed responsibility.",1,1,1,0,"","",0,0,0,3,Bombing/Explosion,"","","","",20,Unknown,"","","",The specific target is unknown.,233,Northern Ireland,"","","","","","","","","","","","","","","","",Unknown,"","","","","",The specific motive for the attack is unknown.,0,"","",0,-99,0,0,"","","","","","","","","",6,Explosives,17,Other Explosive Type,"","","","","","","","","","","","",Two improvised explosive devices were safely defused.,0,0,0,0,0,0,0,"","","","",0,"","","","","","","","","","","","","","","",The specific target is unknown.,"\"Jane's Intelligence, \"\"Security Forces Defuse Two IEDs in Ireland's County Wicklow","\"\" Terrorism Watch Report",BBC Monitoring Europe,June 20,"2011.\"","\"Michael McHugh, \"\"Devices Made Safe","\"\" LexisNexis Academic",Press Association,June 18
201201250008,2012,1,25,"",0,"",96,8,Western Europe,Dublin,Killinarden,53.284904,-6.36717,1,0,"","01/25/2012: A pipe bomb was found outside a civilian's house in Tallaght town, South Dublin county, Ireland. The explosive device was defused. No group claimed responsibility for the attack.",1,1,1,0,"","",0,0,0,3,Bombing/Explosion,"","","","",14,Private Citizens & Property,76,House/Apartment/Residence,Not Applicable,Home,96,Ireland,"","","","","","","","","","","","","","","","",Unknown,"","","","","","",0,"","",0,-99,0,0,"","","","","","","","","",6,Explosives,31,Pipe Bomb,"","","","","","","","","","","","","",0,0,0,0,0,0,0,"","","","",0,"","","","","","","","","","","","","","","","","\"\"\"Bomb defused","\"\" The Irish News",January 27,"2012.\"","\"\"\"SIX BOMBS MADE SAFE BY ARMY;  CRIME","\"\" The Mirror",January 27,"2012.\"","\"\"\"Army makes safe explosive device in Tallaght"
201204030028,2012,4,3,2012-04-03 00:00:00,0,"",96,8,Western Europe,Dublin,Dublin,53.361675,-6.245485,1,0,The event occurred in the Crumlin area of Dublin.,"04/03/2012: At least one explosive device was discovered next to a car in Dublin city, Dublin county, Ireland. The devices were safely defused, and no group claimed responsibility for this incident.",0,1,1,1,2,Other Crime Type,0,0,0,3,Bombing/Explosion,"","","","",20,Unknown,"","",Unknown,Unknown,96,Ireland,"","","","","","","","","","","","","","","","",Unknown,"","","","","","",0,"","",0,-99,0,0,"","","","","","","","","",6,Explosives,16,Unknown Explosive Type,"","","","","","","","","","","","","",0,0,0,0,0,0,0,"","","","",0,"","","","","","","","","","","","","","","",There is doubt this incident meets terrorism-related criteria. Sources suspected that this attack may have been related to feuding gangs.,"\"\"\"Bomb-disposal experts called out to 50 alerts in Republic this year","\"\" The Irish News",April 4,"2012.\"","\"\"\"Dublin homes evacuated after bomb find","\"\" BreakingNews.ie",April 3,"2012.\"","\"\"\"Explosive device made safe in Drimnagh"
201204300035,2012,4,30,"",0,"",96,8,Western Europe,Dublin,Dublin,53.361675,-6.245485,1,0,The event occurred in the Phoenix Park area.,"04/30/2012: An explosive device was discovered and defused in Phoenix Park in Dublin city, Dublin county, Ireland. No group claimed responsibility for the incident; however, sources suspect that dissident Republicans were involved.",1,1,1,0,"","",0,0,0,3,Bombing/Explosion,"","","","",14,Private Citizens & Property,67,Unnamed Civilian/Unspecified,Not Applicable,Civilians,96,Ireland,"","","","","","","","","","","","","","","","",Dissident Republicans,"","","","","","",1,"","",0,-99,0,0,"","","","","","","","","",6,Explosives,17,Other Explosive Type,"","","","","","","","","","","","",A homemade bomb weighing 45 pounds containing commercial explosive material was used in the attack.,0,0,0,0,0,0,0,"","","","",0,"","","","","","","","","","","","","","","","","\"\"\"Irish Police Examine 'Viable Device' Found in Park in Dublin","\"\" RTE.ie",May 1,"2012.\"","\"\"\"Park bomb primed and ready to kill; PAUL WILLIAMS EXCLUSIVE DEVICE WAS 'IRA STYLE'","\"\" The Sun",May 6,"2012.\"",""
201205050022,2012,5,5,"",0,"",96,8,Western Europe,Dublin,Dublin,53.284904,-6.36717,1,0,"","05/05/2012: An explosive device planted under a car was discovered and defused in Tallaght town, South Dublin county, Ireland. No group claimed responsibility for the attack.",1,1,1,0,"","",0,0,0,3,Bombing/Explosion,"","","","",14,Private Citizens & Property,67,Unnamed Civilian/Unspecified,Not Applicable,Civilians,96,Ireland,"","","","","","","","","","","","","","","","",Unknown,"","","","","","",0,"","",0,-99,0,0,"","","","","","","","","",6,Explosives,15,Vehicle,"","","","","","","","","","","","","",0,0,0,0,0,0,0,"","","","",0,"","","","","","","","","","","","","","","","","\"\"\"Bomb found under Tallaght car; NEWS IN BRIEF","\"\" The Sunday Times",May 6,"2012.\"","\"\"\"Car bomb defused by Army","\"\" The Sunday Mirror",May 6,"2012.\"","\"\"\"Viable explosive discovered under car in Tallaght"
201205080025,2012,5,8,"",0,"",96,8,Western Europe,Limerick,Limerick,52.66802,-8.630497,1,0,"","05/08/2012: A pipe bomb exploded outside of a house in Limerick city, County Limerick, Ireland. No one was injured in the blast, and no damages were reported. No group claimed responsibility for the attack.",1,1,1,0,"","",0,1,0,3,Bombing/Explosion,"","","","",14,Private Citizens & Property,76,House/Apartment/Residence,Not Applicable,House,96,Ireland,"","","","","","","","","","","","","","","","",Unknown,"","","","","","",0,"","",0,-99,0,0,"","","","","","","","","",6,Explosives,31,Pipe Bomb,"","","","","","","","","","","","","",0,0,0,0,0,0,0,"","","","",0,"","","","","","","","","","","","","","","","","\"\"\"Bomb disposal teams make safe devices in Dublin",Kildare and Limerick.,"\"\" The Irish Times",May 9,"2012.\"","\"\"\"Scene made safe after devices discovered in Kildare","\"\" The Irish Examiner",May 8,"2012.\""
201205080029,2012,5,8,"",0,"",96,8,Western Europe,Dublin,Inchicore,53.361675,-6.245485,1,0,"","05/08/2012: An explosive device was discovered and safely detonated outside a residential house in Inchicore area, County Dublin, Ireland. No group claimed responsibility for the incident.",1,1,1,0,"","",0,0,0,3,Bombing/Explosion,"","","","",14,Private Citizens & Property,76,House/Apartment/Residence,Not Applicable,Residence,96,Ireland,"","","","","","","","","","","","","","","","",Unknown,"","","","","","",0,"","",0,-99,0,0,"","","","","","","","","",6,Explosives,16,Unknown Explosive Type,"","","","","","","","","","","","","",0,0,0,0,0,0,0,"","","","",0,"","","","","","","","","","","","","","","","","\"\"\"Army defuses bomb overnight in Dublin","\"\" The Irish Examiner",May 8,"2012.\"","","",START Primary Collection,-9,-9
201206140006,2012,6,14,"",0,"",96,8,Western Europe,Dublin,Clonsilla,53.383071,-6.410314,1,0,Willow Wood area,"06/14/2012: An explosive device was discovered in the mailbox of a civilian residence in Clonsilla area of Dublin city, Fingal county, Ireland. The device was safely defused. No group claimed responsibility for the incident.",1,1,1,0,"","",0,0,0,3,Bombing/Explosion,"","","","",14,Private Citizens & Property,76,House/Apartment/Residence,Not Applicable,Residence,96,Ireland,"","","","","","","","","","","","","","","","",Unknown,"","","","","","",0,"","",0,-99,0,0,"","","","","","","","","",6,Explosives,16,Unknown Explosive Type,"","","","","","","","","","","","",An explosive device hidden inside a mailbox was used in the attack.,0,0,0,0,0,0,0,"","","","",0,"","","","","","","","","","","","","","","","","\"\"\"Viable device made safe in Dublin","\"\" The Irish Examiner",June 14,"2012.\"","","",START Primary Collection,-9,-9
201206220008,2012,6,22,"",0,"",96,8,Western Europe,Limerick,Ballysimon,52.649938,-8.56996,1,0,"","06/22/2012: Several explosive devices were discovered and defused in the Ballysimon area of Limerick county, Ireland. No group claimed responsibility for the incident.",1,1,1,0,"","",0,0,0,3,Bombing/Explosion,"","","","",14,Private Citizens & Property,76,House/Apartment/Residence,Not Applicable,Residential Estate,96,Ireland,"","","","","","","","","","","","","","","","",Unknown,"","","","","","",0,"","",0,-99,0,0,"","","","","","","","","",6,Explosives,16,Unknown Explosive Type,"","","","","","","","","","","","",An explosive device planted in an overgrown area was used in the attack.,0,0,0,0,0,0,0,"","","","",0,"","","","","","","","","","","","","","","","","\"\"\"SECTION:   IRISH NEWS","\"\" BreakingNews.ie",June 22,"2012.\"","\"\"\"Army makes safe a number of viable devices in Limerick","\"\" BreakingNews.ie",June 22,"2012.\"","\"\"\"Suspect devices made safe by Army in Limerick"
201207030017,2012,7,3,"",0,"",96,8,Western Europe,Clare,Ennis,52.847426,-8.988738,1,1,The incident took place near the M18 motorway exit of Barefield.,"07/03/2012: Two assailants were transporting an explosive device when authorities found it in their car in Ennis town, County Clare, Ireland. The device was safely defused, and the assailants were arrested. No group claimed responsibility for the attack.",1,1,1,0,"","",0,0,0,3,Bombing/Explosion,"","","","",20,Unknown,"","",Unknown,Unknown,96,Ireland,"","","","","","","","","","","","","","","","",Unknown,"","","","","","",0,"","",0,2,2,0,"","","","","","","","","",6,Explosives,31,Pipe Bomb,"","","","","","","","","","","","","",0,0,0,0,0,0,0,"","","","",0,"","","","","","","","","","","","","","","","","\"\"\"MAN ARRESTED IN DISSIDENTS PROBE","\"\" Press Association Newswire - Republic of Ireland",July 3,"2012.\"","\"\"\"Two held over suspected pipe bomb discovery","\"\" The Irish Examiner",July 3,"2012.\"","\"\"\"Two held over   suspected   pipe   bomb discovery"
201207050018,2012,7,5,"",0,"",96,8,Western Europe,Cork,Cork,51.896892,-8.486316,1,1,Incident occurred on Old Youghal Road.,"07/05/2012: An explosive device under a car was discovered outside of a pub in the Mayfield area of Cork city, County Cork, Ireland. The device, which contained a number of nails, was safely defused. No group claimed responsibility for the incident.",1,1,1,0,"","",0,0,0,3,Bombing/Explosion,"","","","",1,Business,2,Restaurant/Bar/Caf�,Cow Pub,Bar,96,Ireland,"","","","","","","","","","","","","","","","",Unknown,"","","","","","",0,"","",0,-99,0,0,"","","","","","","","","",6,Explosives,31,Pipe Bomb,"","","","","","","","","","","","","A pipe bomb consisting of powder, a fuse, and about 70 nails was used in the attack.",0,0,0,0,0,0,0,"","","","",0,"","","","","","","","","","","","","","","","","\"\"\"Garda&iacute; probe motive after pipe   bomb defused","\"\" Irish Examiner",July 6,"2012.\"","\"\"\"Appeal for information over Mayfield device","\"\" RTE News",July 6,"2012.\"","\"\"\"Garda&iacute; appeal for information after   discovery   of suspicious   device"
201207230051,2012,7,23,"",0,"",96,8,Western Europe,Sligo,Tonaphubble,54.255904,-8.459633,1,0,"","07/23/2012: An explosive device was discovered in the Tonaphubble area, Sligo county, Ireland. The device was defused in a controlled explosion on site. No injuries were reported. No group claimed responsibility for the incident.",1,1,1,0,"","",0,0,0,3,Bombing/Explosion,"","","","",20,Unknown,"","",Unknown,Unknown,96,Ireland,"","","","","","","","","","","","","","","","",Unknown,"","","","","","",0,"","",0,-99,0,0,"","","","","","","","","",6,Explosives,16,Unknown Explosive Type,"","","","","","","","","","","","","",0,0,0,0,0,0,0,"","","","",0,"","","","","","","","","","","","","","","","","\"\"\"Two explosives made safe in Sligo","\"\" BreakingNews.ie",July 24,"2012.\"","\"\"\"Irish Police",Army Find Two Suspected Explosive Devices in Northwestern Town,"\"\" RTE.ie",July 24,"2012.\""
201207230052,2012,7,23,"",0,"",96,8,Western Europe,Sligo,Tonaphubble,54.255904,-8.459633,1,0,"","07/23/2012: An explosive device was discovered in the Tonaphubble area, Sligo county, Ireland. The device was defused and brought to a secure location. No injuries were reported. No group claimed responsibility for the incident.",1,1,1,0,"","",0,0,0,3,Bombing/Explosion,"","","","",20,Unknown,"","",Unknown,Unknown,96,Ireland,"","","","","","","","","","","","","","","","",Unknown,"","","","","","",0,"","",0,-99,0,0,"","","","","","","","","",6,Explosives,16,Unknown Explosive Type,"","","","","","","","","","","","","",0,0,0,0,0,0,0,"","","","",0,"","","","","","","","","","","","","","","","","\"\"\"Two explosives made safe in Sligo","\"\" BreakingNews.ie",July 24,"2012.\"","\"\"\"Irish Police",Army Find Two Suspected Explosive Devices in Northwestern Town,"\"\" RTE.ie",July 24,"2012.\""
201207250022,2012,7,25,"",0,"",96,8,Western Europe,Kildare,Suncroft,53.107578,-6.861383,1,0,"","07/25/2012: An explosive device detonated in Suncroft village, Kildare county, Ireland. An assailant shoved the device through a local resident's letterbox and upon its discovery, the resident hurled the device into his garden, where it exploded. There were no reported casualties. No group claimed responsibility for the incident.",1,1,1,0,"","",0,1,0,3,Bombing/Explosion,"","","","",14,Private Citizens & Property,67,Unnamed Civilian/Unspecified,Not Applicable,Civilian,96,Ireland,"","","","","","","","","","","","","","","","",Unknown,"","","","","","",0,"","",0,-99,0,0,"","","","","","","","","",6,Explosives,31,Pipe Bomb,"","","","","","","","","","","","","",0,0,0,0,0,0,0,"","","","",0,"","","","","","","","","","","","","","","","","\"\"\"Pipe   bomb attack   in Suncroft","\"\" Kildare Nationalist",July 31,"2012.\"","","",START Primary Collection,-9,-9
201207260011,2012,7,26,"",0,"",96,8,Western Europe,Cork,Cork,51.914522,-8.481796,1,0,The incident occurred on Kilnap Place in Farranree area of the city.,"07/26/2012: An explosive device was discovered at a residence on Kilnap Place in the Farranree suburb of Cork city, Cork county, Ireland. The device was safely detonated by bomb disposal experts. No group claimed responsibility for the incident.",1,1,1,0,"","",0,0,0,3,Bombing/Explosion,"","","","",14,Private Citizens & Property,67,Unnamed Civilian/Unspecified,Not Applicable,Civilians,96,Ireland,"","","","","","","","","","","","","","","","",Unknown,"","","","","","",0,"","",0,-99,0,0,"","","","","","","","","",6,Explosives,9,Letter Bomb,"","","","","","","","","","","","",A homemade explosive device placed in a package was used in the attack.,0,0,0,0,0,0,0,"","","","",0,"","","","","","","","","","","","","","","","","\"\"\"Boy",5,narrowly avoids blinding from parcel bomb,"\"\" Irish Examiner",July 28,"2012.\"","\"\"\"ARMY MAKE   BOMB   SAFE;    EXPLOSION","\"\" The Mirror",July 27
201208110022,2012,8,11,"",0,"",96,8,Western Europe,Limerick,Rathkeale,52.523807,-8.938186,1,0,25km southwest of Limerick,"08/11/2012: An explosive device was discovered and safely detonated in a roadside ditch in Rathkeale town, County Limerick, Ireland. No group claimed responsibility for this incident.",1,1,1,0,"","",0,0,0,3,Bombing/Explosion,"","","","",20,Unknown,"","",Unknown,Unknown,96,Ireland,"","","","","","","","","","","","","","","","",Unknown,"","","","","","",0,"","",0,-99,0,0,"","","","","","","","","",6,Explosives,16,Unknown Explosive Type,"","","","","","","","","","","","",A roadside bomb hidden in a ditch was used in the attack.,0,0,0,0,0,0,0,"","","","",0,"","","","","","","","","","","","","","","","","\"\"\"Device made safe in Co Limerick","\"\" RTE News",August 11,"2012.\"","\"\"\"Bomb Disposal Team make Limerick IED safe","\"\" The Irish Examiner",August 11,"2012.\"","\"\"\"BOMB ALERT"
201208160027,2012,8,16,"",0,"",96,8,Western Europe,Dublin,Dublin,53.361675,-6.245485,1,0,The incident occurred in the Kilbarrack suburb of the city.,"08/16/2012: An explosive device was discovered at the Colaiste Dhulaigh College of Further Education in Kilbarrack town, Dublin city, County Dublin, Ireland. Police successfully defused the device. No group claimed responsibility for the incident.",1,1,1,0,"","",0,0,0,3,Bombing/Explosion,"","","","",8,Educational Institution,49,School/University/Educational Building,Colaiste Dhulaigh College of Further Education,College Campus,96,Ireland,"","","","","","","","","","","","","","","","",Unknown,"","","","","","",0,"","",0,-99,0,0,"","","","","","","","","",6,Explosives,16,Unknown Explosive Type,"","","","","","","","","","","","","",0,0,0,0,0,0,0,"","","","",0,"","","","","","","","","","","","","","","","","\"\"\"Army makes safe device found in college grounds","\"\" The Irish Times",August 17,"2012.\"","\"\"\"Irish Army Experts Defuse Explosive Device on Dublin College Grounds","\"\" IRISHTIMES.com",August 17,"2012.\"","\"\"\"Explosive at school"
201208210013,2012,8,21,"",0,"",96,8,Western Europe,Dublin,Dublin,53.284904,-6.36717,1,0,Cushlawn Park neighborhood,"08/21/2012: A pipe bomb was discovered and defused outside a private residence in Dublin city, Leinster province, Dublin region, Ireland. This was one of two explosive devices discovered in the city on the same day. No group claimed responsibility for the incident.",1,1,1,0,"","",1,0,0,3,Bombing/Explosion,"","","","",14,Private Citizens & Property,76,House/Apartment/Residence,Not Applicable,House,96,Ireland,"","","","","","","","","","","","","","","","",Unknown,"","","","","","",0,"","",0,-99,0,0,"","","","","","","","","",6,Explosives,31,Pipe Bomb,"","","","","","","","","","","","","",0,0,0,0,0,0,0,"","","","",0,"","","","","","","","","","","","","","","","","\"\"\"Army called out to investigate four   suspected bombs   in one day","\"\" The Irish Times",August 22,"2012.\"","\"\"\"BOMB TERROR ON HOUSING ESTATES; Two devices defused by bomb disposal experts","\"\" The Daily Mirror",August 22,"2012.\"",""
201208210014,2012,8,21,"",0,"",96,8,Western Europe,Dublin,Dublin,53.284904,-6.36717,1,0,Raheen Close Neighborhood,"08/21/2012: A pipe bomb was discovered and defused outside a private residence in Dublin city, Leinster province, Dublin region, Ireland. This was one of two explosive devices discovered in the city on the same day. No group claimed responsibility for the incident.",1,1,1,0,"","",1,0,0,3,Bombing/Explosion,"","","","",14,Private Citizens & Property,76,House/Apartment/Residence,Not Applicable,Houses,96,Ireland,"","","","","","","","","","","","","","","","",Unknown,"","","","","","",0,"","",0,-99,0,0,"","","","","","","","","",6,Explosives,31,Pipe Bomb,"","","","","","","","","","","","","",0,0,0,0,0,0,0,"","","","",0,"","","","","","","","","","","","","","","","","\"\"\"Army called out to investigate four   suspected bombs   in one day","\"\" The Irish Times",August 22,"2012.\"","","",START Primary Collection,-9,-9
201209170001,2012,9,17,"",0,"",96,8,Western Europe,Dublin,Dublin,53.361675,-6.245485,1,0,The incident occurred in the Ballyfermot suburb of the city.,"09/17/2012: Assailants threw a petrol bomb into the office of Aengus O Snodaigh, a Teachta D�la (TD) for Sinn Fein, in Ballyfermot suburb, Dublin city, Leinster province, Ireland. No one was injured in the attack; however, the building sustained smoke damage. No group claimed responsibility for the incident.",1,1,1,0,"","",0,1,0,2,Armed Assault,"","","","",14,Private Citizens & Property,84,Political Party Member/Rally,Sinn Fein,Constituency Office,96,Ireland,"","","","","","","","","","","","","","","","",Unknown,"","","","","","",0,"","",0,-99,0,0,"","","","","","","","","",8,Incendiary,19,Molotov Cocktail/Petrol Bomb,"","","","","","","","","","","","",A petrol bomb was used in the attack.,0,0,0,0,0,0,1,3,Minor (likely < $1 million),-99,A building sustained smoke damage in this attack.,0,"","","","","","","","","","","","","","","","","\"\"\"Sinn Fein and UUP offices attacked","\"\" The Irish News",September 18,"2012.\"","\"\"\"Petrol bomb attack on Sinn Fein office condemned as 'mindless'.","\"\" The Irish Times",September 18,"2012.\"","\"\"\"TD'S OFFICE DAMAGED BY PETROL BOMB"
201209260012,2012,9,26,"",0,"",96,8,Western Europe,Dublin,Dublin,53.361675,-6.245485,1,0,The incident occurred in the Coolock suburb of the city.,"09/26/2012: A pipe bomb was thrown into a civilian house in Coolock area, county Dublin, Ireland. No one was injured in the attack. No group claimed responsibility for the incident; however, a man was arrested several days later in connection with the attack.",1,1,1,0,"","",0,0,0,3,Bombing/Explosion,"","","","",14,Private Citizens & Property,76,House/Apartment/Residence,Not Applicable,House,96,Ireland,"","","","","","","","","","","","","","","","",Unknown,"","","","","","",0,"","",0,1,1,0,"","","","","","","","","",6,Explosives,31,Pipe Bomb,"","","","","","","","","","","","","",0,0,0,0,0,0,1,3,Minor (likely < $1 million),-99,A window was damaged in this attack.,0,"","","","","","","","","","","","","","","",Police speculated the attack may have been related to a feud between the real Irish Republican Army (IRA) and criminal gangs.,"\"\"\"Bomb made safe in Dublin","\"\" BreakingNews.ie",September 26,"2012.\"","\"\"\"Viable device made safe at Dublin house","\"\" RTE.ie",September 26,"2012.\"","\"\"\"Garda searches linked to Dublin pipe   bomb attacks"
201210040016,2012,10,4,"",0,"",96,8,Western Europe,Kildare,Rathangan,53.221018,-6.994542,1,0,"","10/04/2012: An explosive device was discovered outside of a private residence in Rathangan town, County Kildare, Ireland. The device was defused before it could detonate. No group claimed responsibility for the incident.",1,1,1,0,"","",0,0,0,3,Bombing/Explosion,"","","","",14,Private Citizens & Property,76,House/Apartment/Residence,Not Applicable,Residence,96,Ireland,"","","","","","","","","","","","","","","","",Unknown,"","","","","","",0,"","",0,-99,0,0,"","","","","","","","","",6,Explosives,31,Pipe Bomb,"","","","","","","","","","","","","",0,0,0,0,0,0,0,"","","","",0,"","","","","","","","","","","","","","","","","\"\"\"Army called to   bomb discovery   in drive way","\"\" Leinster Leader",October 15,"2012.\"","\"\"\"Viable explosive device made safe in Rathangan residential area","\"\" BreakingNews.ie",October 5,"2012.\"","\"\"\"Explosion in estate"
201210060020,2012,10,5,"",0,"",96,8,Western Europe,Limerick,Limerick,52.66802,-8.630498,1,1,At the outskirts of the city  on a rural road at Donoughmore,"10/05/2012: Two explosive devices were discovered in Limerick city, County Limerick, Ireland. The devices were defused before they could detonate. No group claimed responsibility for the incident.",1,1,1,0,"","",0,0,0,3,Bombing/Explosion,"","","","",20,Unknown,"","",Unknown,Unknown,96,Ireland,"","","","","","","","","","","","","","","","",Unknown,"","","","","","",0,"","",0,-99,0,0,"","","","","","","","","",6,Explosives,16,Unknown Explosive Type,"","","","","","","","","","","","",Two roadside bombs were used in the attack.,0,0,0,0,0,0,0,"","","","",0,"","","","","","","","","","","","","","","","","\"\"\"IEDS FOUND ON RURAL ROAD","\"\" Press Association Newswire - Republic of Ireland",October 6,"2012.\"","","",START Primary Collection,-9,-9
201210190023,2012,10,19,"",0,"",96,8,Western Europe,Dublin,Dublin,53.386813,-6.377197,1,0,Incident occurred in the Fortlawn area of Blanchardstown.,"10/19/2012: An explosive device was discovered in Blanchardstown area near Dublin city, Dublin county, Ireland. The device was defused before it could detonate. No group claimed responsibility for the incident.",1,1,1,0,"","",0,0,0,3,Bombing/Explosion,"","","","",20,Unknown,"","",Unknown,Unknown,96,Ireland,"","","","","","","","","","","","","","","","",Unknown,"","","","","","",0,"","",0,-99,0,0,"","","","","","","","","",6,Explosives,16,Unknown Explosive Type,"","","","","","","","","","","","","",0,0,0,0,0,0,0,"","","","",0,"","","","","","","","","","","","","","","","","\"\"\"Suspect device found in Blanchardstown","\"\" The Irish Examiner",October 19,"2012.\"","\"\"\"Device found in Dublin 'was viable explosive'","\"\" The Irish Examiner",October 19,"2012.\"","\"\"\"Army make safe bomb on doorstep; CRIME"
201210310024,2012,10,31,"",0,"",96,8,Western Europe,Kildare,Athy,52.991834,-6.985728,1,0,"","10/31/2012: An explosive was discovered near a vehicle on Carlow Road in Athy town, County Kildare, Ireland. There were no reported casualties, as a bomb disposal unit safely detonated the device. No group claimed responsibility for the incident.",1,1,1,0,"","",0,0,0,3,Bombing/Explosion,"","","","",14,Private Citizens & Property,73,Vehicles/Transportation,Unknown,Vehicle,96,Ireland,"","","","","","","","","","","","","","","","",Unknown,"","","","","","",0,"","",0,-99,0,0,"","","","","","","","","",6,Explosives,16,Unknown Explosive Type,"","","","","","","","","","","","","",0,0,0,0,0,0,0,"","","","",0,"","","","","","","","","","","","","","","","","\"\"\"Bomb disposal team make Athy device safe","\"\" The Irish Examiner",November 1,"2012.\"","\"\"\"Army disposes of viable bomb; CRIME","\"\" The Daily Mirror",November 2,"2012.\"",""
201211050033,2012,11,5,"",0,"",96,8,Western Europe,Wicklow,Bray,53.200903,-6.111074,1,0,"","11/05/2012: A pipe bomb was discovered in a ditch in Bray town, Wicklow county, Ireland. Military experts safely defused the device after clearing residents out of the area. No group claimed responsibility for the incident.",1,1,1,0,"","",0,0,0,3,Bombing/Explosion,"","","","",20,Unknown,"","",Unknown,Unknown,96,Ireland,"","","","","","","","","","","","","","","","",Unknown,"","","","","","",0,"","",0,-99,0,0,"","","","","","","","","",6,Explosives,31,Pipe Bomb,"","","","","","","","","","","","","",0,0,0,0,0,0,0,"","","","",0,"","","","","","","","","","","","","","","","","\"\"\"Army called as second pipe bomb found","\"\" Irish Independent",November 7,"2012.\"","\"\"\"Bomb find made safe","\"\" The Sun (England)",November 7,"2012.\"",""
201211190005,2012,11,19,"",0,"",96,8,Western Europe,Dublin,Dublin,53.361675,-6.245485,1,0,"","11/19/2012: Two explosive devices were discovered near a railway line in Dublin city, Dublin region, Ireland. Experts safely defused the devices without injury. No group claimed responsibility for the unsuccessful attack.",1,1,1,0,"","",0,0,0,3,Bombing/Explosion,"","","","",19,Transportation,100,Train/Train Tracks/Trolley,Unknown,Railway Line,96,Ireland,"","","","","","","","","","","","","","","","",Unknown,"","","","","","",0,"","",0,-99,0,0,"","","","","","","","","",6,Explosives,16,Unknown Explosive Type,"","","","","","","","","","","","",Two explosive devices were used in the attack.,0,0,0,0,0,0,0,"","","","",0,"","","","","","","","","","","","","","","","","\"\"\"Gardai examine explosives found near railway line","\"\" The Irish Examiner",November 20,"2012.\"","","",START Primary Collection,-9,-9
201211190015,2012,11,19,"",0,"",96,8,Western Europe,Dublin,Firhouse,53.284904,-6.36717,1,0,"","11/19/2012: An explosive device was discovered near a parked car in Firhouse village, South Dublin county, Ireland. The device was successfully control-detonated without injury. No group claimed responsibility for the unsuccessful incident.",1,1,1,0,"","",0,0,0,3,Bombing/Explosion,"","","","",14,Private Citizens & Property,73,Vehicles/Transportation,Unknown,Vehicle,96,Ireland,"","","","","","","","","","","","","","","","",Unknown,"","","","","","",0,"","",0,-99,0,0,"","","","","","","","","",6,Explosives,16,Unknown Explosive Type,"","","","","","","","","","","","","",0,0,0,0,0,0,0,"","","","",0,"","","","","","","","","","","","","","","","","\"\"\"Army makes viable device safe in Dublin","\"\" BreakingNews.ie",November 19,"2012.\"","\"\"\"Bomb is defused","\"\" The Sun (England)",November 20,"2012.\"",""
201212060004,2012,12,6,"",0,"",96,8,Western Europe,Dublin,Dublin,53.361675,-6.245485,1,0,The incident occurred in the Finglas suburb of the city.,"12/06/2012: An explosive device was discovered and removed from a house in the Finglas area of Dublin city, Leinster province, Ireland. No group claimed responsibility for the incident.",1,1,1,0,"","",0,0,0,3,Bombing/Explosion,"","","","",14,Private Citizens & Property,76,House/Apartment/Residence,Not Applicable,House,96,Ireland,"","","","","","","","","","","","","","","","",Unknown,"","","","","","",0,"","",0,-99,0,0,"","","","","","","","","",6,Explosives,17,Other Explosive Type,"","","","","","","","","","","","",A homemade bomb was used in the attack.,0,0,0,0,0,0,0,"","","","",0,"","","","","","","","","","","","","","","","","\"\"\"Viable explosive made safe in residential area of Finglas","\"\" BreakingNews.ie",December 6,"2012.\"","\"\"\"Bomb is defused","\"\" The Sun (England)",December 7,"2012.\"","\"\"\"Army make bomb safe; device"
201212270024,2012,12,27,"",0,"",96,8,Western Europe,Dublin,Dublin,53.361675,-6.245485,1,0,"","12/27/2012: An explosive device was discovered and defused outside of a civilian residence in Inchicore district, Dublin city, Leinster province, Ireland. No group claimed responsibility for the incident.",1,1,1,0,"","",0,0,0,3,Bombing/Explosion,"","","","",20,Unknown,"","",Unknown,Unknown,96,Ireland,"","","","","","","","","","","","","","","","",Unknown,"","","","","","",0,"","",0,-99,0,0,"","","","","","","","","",6,Explosives,31,Pipe Bomb,"","","","","","","","","","","","","",0,0,0,0,0,0,0,"","","","",0,"","","","","","","","","","","","","","","","","\"\"\"Controlled explosion","\"\" The Irish News",December 28,"2012.\"","\"\"\"Pipe bomb in house garden is made safe","\"\" Irish Independent",December 28,"2012.\"","\"\"\"Viable device made safe in Dublin"
201301100023,2013,1,10,"",0,"",96,8,Western Europe,Limerick,Limerick,52.66743,-8.629471,1,0,"","01/10/2013: Two pipe bombs were discovered near a halting site in Limerick city, Munster, Ireland. The devices were safely defused without causing injury. No group claimed responsibility for the unsuccessful incident.",1,1,1,0,"","",0,0,0,3,Bombing/Explosion,"","","","",14,Private Citizens & Property,79,"Public Area (garden, parking lot, garage, beach, public building, camp)",Not Applicable,Caravan Site,96,Ireland,"","","","","","","","","","","","","","","","",Unknown,"","","","","","",0,"","",0,-99,0,0,"","","","","","","","","",6,Explosives,31,Pipe Bomb,"","","","","","","","","","","","",Two pipe bombs were used in the attack.,0,0,0,0,0,0,0,"","","","",0,"","","","","","","","","","","","","","","","","\"\"\"Probe as pipe bombs found near halting site","\"\" Irish Independent",January 11,"2013.\"","\"\"\"Pipe bombs made safe","\"\" Evening Herald",January 10,"2013.\"","\"\"\"Pipe bombs discovered in Limerick city"
201301140014,2013,1,14,"",0,"",96,8,Western Europe,Dublin,Dublin,53.361675,-6.245485,1,0,The incident occurred along Malahide Road.,"01/14/2013: Four pipe bombs were discovered on waste ground in Dublin city, Leinster, Ireland. The devices were safely defused without causing injury or damages. No group claimed responsibility for the unsuccessful incident.",1,1,1,0,"","",0,0,0,3,Bombing/Explosion,"","","","",20,Unknown,"","",Unknown,Unknown,96,Ireland,"","","","","","","","","","","","","","","","",Unknown,"","","","","","",0,"","",0,-99,0,0,"","","","","","","","","",6,Explosives,31,Pipe Bomb,"","","","","","","","","","","","",Four pipe bombs were used in the attack.,0,0,0,0,0,0,0,"","","","",0,"","","","","","","","","","","","","","","","","\"\"\"Four viable bombs found in Dublin","\"\" BBC",January 14,"2013.\"","\"\"\"Four viable devices made safe in Dublin","\"\" RTE Online",January 14,"2013.\"","\"\"\"Four pipe bombs made safe by Army"
201301150021,2013,1,15,"",0,"",96,8,Western Europe,Dublin,Dublin,53.361675,-6.245485,1,0,The incident occurred in the Drimnagh area.,"01/15/2013: Assailants threw an explosive device at a private residence in Dublin city, Leinster, Ireland. The device failed to detonate and was safely defused without causing injury. No group claimed responsibility for the unsuccessful incident.",1,1,1,0,"","",0,0,0,3,Bombing/Explosion,"","","","",14,Private Citizens & Property,76,House/Apartment/Residence,Not Applicable,Private Residence,96,Ireland,"","","","","","","","","","","","","","","","",Unknown,"","","","","","",0,"","",0,-99,0,0,"","","","","","","","","",6,Explosives,16,Unknown Explosive Type,"","","","","","","","","","","","",A thrown explosive device was used in the attack.,0,0,0,0,0,0,0,"","","","",0,"","","","","","","","","","","","","","","","","\"\"\"Evacuation of houses in Drimnagh after explosive device found","\"\" TheJournal.ie",January 16,"2013.\"","\"\"\"Viable device made safe in Drimnagh",Dublin,"\"\" RTE Online",January 16,"2013.\""
201301210013,2013,1,21,"",0,"",96,8,Western Europe,Dublin,Dublin,53.284904,-6.36717,1,0,The incident occurred in the Tallaght area.,"01/21/2013: An explosive device was found and defused outside a civilian's house in Tallaght area of Dublin, Leinster, Ireland. No other information is known.",1,1,1,0,"","",0,0,0,3,Bombing/Explosion,"","","","",14,Private Citizens & Property,76,House/Apartment/Residence,Not Applicable,Residence,96,Ireland,"","","","","","","","","","","","","","","","",Unknown,"","","","","","",0,"","",0,-99,0,0,"","","","","","","","","",6,Explosives,16,Unknown Explosive Type,"","","","","","","","","","","","","",0,0,0,0,0,0,0,"","","","",0,"","","","","","","","","","","","","","","","","\"\"\"Explosive device found THE army [...];  IN BRIEF","\"\" Irish Independent",January 21,"2013.\"","\"\"\"Tallaght device made safe","\"\" Irish Times",January 20,"2013.\"","\"\"\"Bomb disposal unit deals with viable device in Tallaght"
201302090014,2013,2,9,"",0,"",96,8,Western Europe,Dublin,Dublin,53.361675,-6.245485,1,0,"","02/09/2013: An explosive device was found on a college campus and defused by an army bomb disposal unit in Dublin city, Dublin county, Ireland. No group claimed responsibility for the incident.",1,1,1,0,"","",0,0,0,3,Bombing/Explosion,"","","","",8,Educational Institution,49,School/University/Educational Building,Blanchardstown Institute of Technology,ATM Machine,96,Ireland,"","","","","","","","","","","","","","","","",Unknown,"","","","","","",0,"","",0,-99,0,0,"","","","","","","","","",6,Explosives,16,Unknown Explosive Type,"","","","","","","","","","","","","",0,0,0,0,0,0,0,"","","","",0,"","","","","","","","","","","","","","","","","\"\"\"Explosive device found at campus","\"\" Belfast Telegraph Online",February 9,"2013.\"","\"\"\"Explosive device found at college campus","\"\" Irish Examiner",February 9,"2013.\"",""
201302110025,2013,2,11,"",0,"",96,8,Western Europe,Dublin,Dublin,53.361675,-6.245485,1,0,The incident occurred in the Ballyfermot neighborhood of the city.,"02/11/2013: An explosive device was found and made safe in a residential area in Dublin city, Dublin county, Ireland. No other information is available.",1,1,1,0,"","",0,0,0,3,Bombing/Explosion,"","","","",14,Private Citizens & Property,75,Village/City/Town/Suburb,Not Applicable,Residential Area,96,Ireland,"","","","","","","","","","","","","","","","",Unknown,"","","","","","",0,"","",0,-99,0,0,"","","","","","","","","",6,Explosives,16,Unknown Explosive Type,"","","","","","","","","","","","","",0,0,0,0,0,0,0,"","","","",0,"","","","","","","","","","","","","","","","","\"\"\"Bomb found on green;  IN BRIEF","\"\" Irish Independent",February 12,"2013.\"","\"\"\"Explosive made safe in Dublin","\"\" Irish Times",February 11,"2013.\"",""
201302190015,2013,2,19,"",0,"",96,8,Western Europe,Dublin,Dublin,53.361675,-6.245485,1,1,"","02/19/2013: An explosive device was found in a Dublin City center train station in Dublin city, Leinster county, Ireland. The device was safely defused without causing injury. No group claimed responsibility for the unsuccessful incident.",1,1,1,0,"","",0,0,0,3,Bombing/Explosion,"","","","",19,Transportation,100,Train/Train Tracks/Trolley,Dublin Connolly Railway Station,Railway Station,96,Ireland,"","","","","","","","","","","","","","","","",Unknown,"","","","","","",0,"","",0,-99,0,0,"","","","","","","","","",6,Explosives,31,Pipe Bomb,"","","","","","","","","","","","",A pipe bomb was to be used in the attack.,0,0,0,0,0,0,0,"","","","",0,"","","","","","","","","","","","","","","","","\"\"\"'Device' found near Connolly Station","\"\" Irish Times",February 19,"2013.\"","\"\"\"Explosive device made safe in Dublin city centre","\"\" TheJournal.ie",February 19,"2013.\"","\"\"\"Bombing mayhem"
201303070024,2013,3,7,"",0,"",96,8,Western Europe,Offaly,Shinrone,52.984404,-7.924562,1,0,Incident occurred on Roscrea Road,"03/07/2013: An explosive device detonated by a road in Shinrone village, County Offaly, Ireland. One civilian was injured in the attack. No group has claimed responsibility for the incident.",1,1,1,0,"","",0,1,0,3,Bombing/Explosion,"","","","",14,Private Citizens & Property,68,Named Civilian,Not Applicable,Civilian: Sean Hanley,96,Ireland,"","","","","","","","","","","","","","","","",Unknown,"","","","","","",0,"","",0,-99,0,0,"","","","","","","","","",6,Explosives,31,Pipe Bomb,"","","","","","","","","","","","","",0,0,0,1,0,0,0,"","","","",0,"","","","","","","","","","","","","","","","","\"\"\"08 Mar 2013Garda are continuing an investigation into an incident in Shinrone yesterday (Thursday) afternoon that saw a man injured in a pipe bomb explosion.","\"\" Offaly Independent",March 11,"2013.\"","\"\"\"Man injured as pipe bomb blew up in his yard","\"\" Irish Independent",March 8,"2013.\"","\"\"\"Man injured in Offaly pipe bomb blast"
201303190060,2013,3,19,2013-03-19 00:00:00,0,"",96,8,Western Europe,Clare,Scariff,52.90885,-8.533109,1,0,"","03/19/2013: Assailants set fire to a police officer's car outside of a police station in Scariff town, Country Clare, Ireland. The assailants also broke several windows of the police station. No group claimed responsibility for the incident.",1,1,1,0,"","",0,1,0,7,Facility/Infrastructure Attack,"","","","",3,Police,23,Police Patrol (including vehicles and convoys),Garda Siochana,Vehicle,96,Ireland,"","","","","","","","","","","","","","","","",Unknown,"","","","","","",0,"","",0,3,3,0,"","","","","","","","","",8,Incendiary,18,Arson/Fire,"","","","","","","","","","","","","",0,0,0,0,0,0,1,4,Unknown,-99,A vehicle was damaged in this attack.,0,"","","","","","","","","","","","","","","","","\"\"\"Three held after arson attack on garda's car A CAR belonging to a female garda was destroyed in an arson attack outside a garda station.","\"\" Irish Independent",March 20,"2013.\"","\"\"\"Clare garda station damaged in arson attack","\"\" Newstalk",March 19,"2013.\"","\"\"\"Officer's car set alight at Clare garda station"
201303270023,2013,3,27,"",0,"",96,8,Western Europe,Dublin,Dublin,53.361675,-6.245485,1,0,Incident occurred in Finglas area of city,"03/27/2013: An explosive device was discovered and disarmed in Dublin city, County Dublin, Ireland. No group claimed responsibility for the incident and the target of the attack is unknown.",1,1,1,0,"","",0,0,0,3,Bombing/Explosion,"","","","",20,Unknown,"","",Unknown,Unknown,96,Ireland,"","","","","","","","","","","","","","","","",Unknown,"","","","","","",0,"","",0,-99,0,0,"","","","","","","","","",6,Explosives,16,Unknown Explosive Type,"","","","","","","","","","","","","",0,0,0,0,0,0,0,"","","","",0,"","","","","","","","","","","","","","","","","\"\"\"Viable explosive device found  in Dublin","\"\" Irish Times",March 27,"2013.\"","\"\"\"Viable IED made safe in Finglas","\"\" TheJournal.ie",March 27,"2013.\"","\"\"\"Army disposes of viable device in Dublin"
201303290025,2013,3,29,"",0,"",96,8,Western Europe,Dublin,Dublin,53.361675,-6.245485,1,0,Incident occurred in Raheny neighborhood,"03/29/2013: Defence Forces found and safely defused an explosive device Dublin, County Dublin, Ireland. No group claimed responsibility for the incident.",1,1,1,0,"","",0,0,0,3,Bombing/Explosion,"","","","",14,Private Citizens & Property,76,House/Apartment/Residence,Not Applicable,Residence,96,Ireland,"","","","","","","","","","","","","","","","",Unknown,"","","","","","",0,"","",0,-99,0,0,"","","","","","","","","",6,Explosives,16,Unknown Explosive Type,"","","","","","","","","","","","","",0,0,0,0,0,0,0,"","","","",0,"","","","","","","","","","","","","","","","","\"\"\"Bomb disposal team makes safe device found in Raheny","\"\" Irish Times",March 29,"2013.\"","\"\"\"Bomb disposal team makes safe device found in Raheny - Irish Times","\"\" Irish World News",March 30,"2013.\"","\"\"\"Bomb made safe in Raheny The Army Bomb Disposal Team has made safe an Improvised Explo ..."
201305200003,2013,5,20,"",0,"",96,8,Western Europe,Dublin,Dublin,53.284904,-6.36717,1,0,Incident occurred in the Tallaghat area of the city.,"05/20/2013: An explosive device was discovered and defused near Tymon Park in Dublin city, County Dublin, Northern Ireland. No group claimed responsibility for the incident.",1,1,1,0,"","",0,0,0,3,Bombing/Explosion,"","","","",14,Private Citizens & Property,79,"Public Area (garden, parking lot, garage, beach, public building, camp)",Not Applicable,Tymon Park,96,Ireland,"","","","","","","","","","","","","","","","",Unknown,"","","","","",N,0,"","",0,-99,0,0,"","","","","","","","","",6,Explosives,16,Unknown Explosive Type,"","","","","","","","","","","","",A bomb was used in the attack.,0,0,0,0,0,0,0,"","","","",0,"","","","","","","","","","","","","","","","","\"\"\"Pipe bomb is found in public park bin","\"\" Evening Herald",May 21,"2013.\"","\"\"\"18:48 Bomb made safe after sanitation worker discovers device","\"\" Eircom.net",May 20,"2013.\"",""
201305210003,2013,5,21,"",0,"",96,8,Western Europe,Dublin,Dublin,53.284904,-6.36717,1,0,Incident occurred in the North Strand area of the city.,"05/21/2013: An explosive device was discovered and defused in the North William Street flats complex in North Strand area, Dublin city, County Dublin, Ireland. No group claimed responsibility for the incident.",1,1,1,0,"","",0,0,0,3,Bombing/Explosion,"","","","",14,Private Citizens & Property,76,House/Apartment/Residence,Not Applicable,North William Street Flats Complex,96,Ireland,"","","","","","","","","","","","","","","","",Unknown,"","","","","","",0,"","",0,-99,0,0,"","","","","","","","","",6,Explosives,31,Pipe Bomb,"","","","","","","","","","","","","",0,0,0,0,0,0,0,"","","","",0,"","","","","","","","","","","","","","","","","\"\"\"Parents' fury at pipe bomb left in children's area","\"\" Evening Herald",May 22,"2013.\"","","",START Primary Collection,-9,-9
201305300004,2013,5,30,"",0,"",96,8,Western Europe,Dublin,Dublin,53.361675,-6.245485,1,0,Incident occurred near Malahide Road in Artane area of the city,"05/30/2013: An explosive device was discovered and defused outside of a private residence in Dublin city, County Dublin, Ireland. No group claimed responsibility for the attack.",1,1,1,0,"","",0,0,0,3,Bombing/Explosion,"","","","",14,Private Citizens & Property,76,House/Apartment/Residence,Not Applicable,Residence,96,Ireland,"","","","","","","","","","","","","","","","",Unknown,"","","","","","",0,"","",0,-99,0,0,"","","","","","","","","",6,Explosives,16,Unknown Explosive Type,"","","","","","","","","","","","","",0,0,0,0,0,0,0,"","","","",0,"","","","","","","","","","","","","","","","","\"\"\"43rd improvised explosive device made safe in Dublin","\"\" TheJournal.ie",May 30,"2013.\"","\"\"\"15:45 Viable explosive device made safe in Dublin","\"\" Eircom.net",May 30,"2013.\"",""
201306130024,2013,6,13,"",0,"",96,8,Western Europe,Cork,Cork,51.920403,-8.452224,1,0,The incident occurred in the Ballyvolane area.,"06/13/2013: Assailants shot and injured Aidan O'Driscoll, a former Real Irish Republican Army (RIRA) chief of staff, in Ballyvolane, Cork, Ireland. The New Irish Republican Army claimed responsibility for the incident.",1,1,1,0,"","",0,1,0,2,Armed Assault,"","","","",17,Terrorists/Non-State Militia,93,Terrorist,Real Irish Republican Army (RIRA),Former Chief of Staff: Aidan O'Driscoll,96,Ireland,"","","","","","","","","","","","","","","","",The New Irish Republican Army,"","","","","","",0,"","",0,2,0,1,4,E-mail,"","","","","","","",5,Firearms,5,Unknown Gun Type,"","","","","","","","","","","","","",0,0,0,1,0,0,0,"","","","",0,"","","","","","","","","","","","","","","","","\"\"\"Real IRA figure Aidan 'The Beast' O'Driscoll shot dead in Cork street","\"\" The Guardian",December 7,"2016.\"","\"\"\"'Dissident republican' dead after being shot repeatedly by gunman","\"\" Irish Daily Mail",December 8,"2016.\"","\"\"\"Dissident shot in the leg by IRA in Cork"
201306240022,2013,6,24,"",0,"",96,8,Western Europe,Dublin,Coolock,53.361675,-6.245485,1,0,Incident occurred at Apollo Way,"06/24/2013: A pipe bomb detonated in Coolock village, Dublin county, Ireland. No injuries were reported in the blast. No group claimed responsibility for the incident.",0,1,1,1,2,Other Crime Type,0,1,0,3,Bombing/Explosion,"","","","",20,Unknown,"","",Unknown,Unknown,96,Ireland,"","","","","","","","","","","","","","","","",Unknown,"","","","","","",0,"","",0,-99,0,0,"","","","","","","","","",6,Explosives,31,Pipe Bomb,"","","","","","","","","","","","","",0,0,0,0,0,0,0,"","","","",0,"","","","","","","","","","","","","","","",There is doubt that this incident meets terrorism-related criteria. Sources suspected that the attack may have been carried out by a local gang.,"\"\"\"Device explodes in Dublin suburb","\"\" BBC",June 24,"2013.\"","\"\"\"Pipebomb explodes outside Dublin house","\"\" Irish Independent",June 24,"2013.\"",""
201308140019,2013,8,14,"",0,"",96,8,Western Europe,Donegal,Buncrana,55.134537,-7.453801,1,0,"","08/14/2013: A pipe bomb was discovered and defused near the Tullyarvan Mill complex in Buncrana town, county Donegal, Ireland. No casualties were reported. No group claimed responsibility for the incident.",1,1,1,0,"","",0,0,0,3,Bombing/Explosion,"","","","",1,Business,11,Entertainment/Cultural/Stadium/Casino,Tullyarven Mill Hostel,Hostel,96,Ireland,"","","","","","","","","","","","","","","","",Unknown,"","","","","","",0,"","",0,-99,0,0,"","","","","","","","","",6,Explosives,31,Pipe Bomb,"","","","","","","","","","","","",A pipe bomb wrapped in silver tape was used in the attack.,0,0,0,0,0,0,0,"","","","",0,"","","","","","","","","","","","","","","","","\"\"\"Army bomb disposal examine device in Donegal","\"\" Irish Independent",August 14,"2013.\"","","",START Primary Collection,-9,-9
201308170024,2013,8,17,"",0,"",96,8,Western Europe,Meath,Kells,53.726835,-6.874832,1,0,"","08/17/2013: Assailants planted an explosive device on Moynalty Road in Kells town, county Meath, Ireland. The device was discovered and defused by a military bomb disposal unit, and no casualties were reported. No group claimed responsibility for the incident.",1,1,1,0,"","",0,0,0,3,Bombing/Explosion,"","","","",20,Unknown,"","",Unknown,Unknown,96,Ireland,"","","","","","","","","","","","","","","","",Unknown,"","","","","","",0,"","",0,-99,0,0,"","","","","","","","","",6,Explosives,17,Other Explosive Type,"","","","","","","","","","","","",A homemade roadside explosive device concealed in a package was used in the attack.,0,0,0,0,0,0,0,"","","","",0,"","","","","","","","","","","","","","","","","\"\"\"Viable explosive device made safe in Meath","\"\" Irish Examiner",August 17,"2013.\"","\"\"\"Home-made bomb made safe","\"\" Irish Independent",August 17,"2013.\"",""
201308260024,2013,8,26,"",0,"",96,8,Western Europe,Donegal,Buncrana,55.134611,-7.453758,1,0,"","08/26/2013: An explosive device was discovered and control detonated in Buncrana town, county Donegal, Ireland. No casualties were reported; however, a home was slightly damaged. No group claimed responsibility for the incident.",1,1,1,0,"","",0,0,0,3,Bombing/Explosion,"","","","",14,Private Citizens & Property,75,Village/City/Town/Suburb,Not Applicable,Buncrana Neighborhood,96,Ireland,"","","","","","","","","","","","","","","","",Unknown,"","","","","","",0,"","",0,-99,0,0,"","","","","","","","","",6,Explosives,16,Unknown Explosive Type,"","","","","","","","","","","","","",0,0,0,0,0,0,0,"","","","",0,"","","","","","","","","","","","","","","","","\"\"\"Irish Army defuse bomb in Buncrana","\"\" BBC",August 26,"2013.\"","\"\"\"Suspect device blown up at house","\"\" Yahoo! UK and Ireland",August 27,"2013.\"",""
201309180011,2013,9,18,"",0,"",96,8,Western Europe,Limerick,Annacotty,52.668043,-8.537676,1,0,"","09/18/2013: Two explosive devices were discovered and defused in Annacotty town, Limerick county, Ireland. No group claimed responsibility for the incident.",1,1,1,0,"","",0,0,0,3,Bombing/Explosion,"","","","",20,Unknown,"","",Unknown,Unknown,96,Ireland,"","","","","","","","","","","","","","","","",Unknown,"","","","","","",0,"","",0,-99,0,0,"","","","","","","","","",6,Explosives,16,Unknown Explosive Type,"","","","","","","","","","","","",Two bombs were used in the attack.,0,0,0,0,0,0,0,"","","","",0,"","","","","","","","","","","","","","","","","\"\"\"Two explosive devices made safe in Limerick","\"\" Irish Times",September 19,"2013.\"","\"\"\"Explosive devices made safe in Kildare and Limerick","\"\" Irish Times",September 19,"2013.\"","\"\"\"Two viable homemade explosives found in Limerick"
201309190012,2013,9,19,"",0,"",96,8,Western Europe,Kildare,Ballitore,53.009742,-6.81563,1,0,"","09/19/2013: An explosive device was discovered and defused at an apartment complex in Ballitore village, county Kildare, Ireland. No group claimed responsibility for the incident.",1,1,1,0,"","",0,0,0,3,Bombing/Explosion,"","","","",14,Private Citizens & Property,76,House/Apartment/Residence,Not Applicable,Apartment Complex,96,Ireland,"","","","","","","","","","","","","","","","",Unknown,"","","","","","",0,"","",0,-99,0,0,"","","","","","","","","",6,Explosives,16,Unknown Explosive Type,"","","","","","","","","","","","","",0,0,0,0,0,0,0,"","","","",0,"","","","","","","","","","","","","","","","","\"\"\"Explosive device made safe in Kildare","\"\" Breaking News.ie",September 19,"2013.\"","\"\"\"Viable explosive device made safe at apartment complex in Kildare","\"\" TheJournal.ie",September 19,"2013.\"","\"\"\"Explosive devices made safe in Kildare and Limerick"
201310030020,2013,10,2,"",0,"",96,8,Western Europe,Longford,Lisfarrell,53.703948,-7.700494,1,0,"","10/02/2013: An explosive device was discovered and defused near a private residence in Lisfarrell town, Longford county, Ireland. No group claimed responsibility for the incident.",1,1,1,0,"","",0,0,0,3,Bombing/Explosion,"","","","",14,Private Citizens & Property,76,House/Apartment/Residence,Not Applicable,Residence,96,Ireland,"","","","","","","","","","","","","","","","",Unknown,"","","","","","",0,"","",0,-99,0,0,"","","","","","","","","",6,Explosives,16,Unknown Explosive Type,"","","","","","","","","","","","","",0,0,0,0,0,0,0,"","","","",0,"","","","","","","","","","","","","","","","","\"\"\"Viable explosive device made safe in Longford","\"\" Irish Times",October 3,"2013.\"","\"\"\"Viable explosive device made safe in Longford","\"\" Eircom.net",October 3,"2013.\"",""
201310260007,2013,10,26,"",0,"",96,8,Western Europe,Dublin,Dublin,53.284904,-6.36717,1,0,The incident occurred in Tallaght.,"10/26/2013: An explosive device was discovered and defused in the Rossfield area of Tallaght town, Dublin county, Ireland. No group claimed responsibility for the incident.",1,1,1,0,"","",0,0,0,3,Bombing/Explosion,"","","","",14,Private Citizens & Property,76,House/Apartment/Residence,Not Applicable,Residence,96,Ireland,"","","","","","","","","","","","","","","","",Unknown,"","","","","","",0,"","",0,-99,0,0,"","","","","","","","","",6,Explosives,16,Unknown Explosive Type,"","","","","","","","","","","","","",0,0,0,0,0,0,0,"","","","",0,"","","","","","","","","","","","","","","","","\"\"\"Pipe bomb-type device made safe in","\"\" Yahoo! UK and Ireland",October 26,"2013.\"","","",START Primary Collection,-9,-9
201311200066,2013,11,20,"",0,"",96,8,Western Europe,Longford,Edgeworthstown,53.695538,-7.609584,1,0,"","11/20/2013: Two explosive devices were discovered and defused at a civilian residence in Edgeworthstown town, Longford county, Ireland. No group claimed responsibility for the incident.",1,1,1,0,"","",0,0,0,3,Bombing/Explosion,"","","","",14,Private Citizens & Property,76,House/Apartment/Residence,Not Applicable,Residence,96,Ireland,"","","","","","","","","","","","","","","","",Unknown,"","","","","","",0,"","",0,-99,0,0,"","","","","","","","","",6,Explosives,31,Pipe Bomb,"","","","","","","","","","","","",Two pipe bombs were used in the attack.,0,0,0,0,0,0,0,"","","","",0,"","","","","","","","","","","","","","","","","\"\"\"'Potentially dangerous' devices made safe in Co Longford","\"\" Irish Times",November 20,"2013.\"","\"\"\"Edgeworthstown houses evacuated as Army Bomb Disposal Team make two improvised explosive devices safe","\"\" Longford Leader",November 20,"2013.\"","\"\"\"Pipe bombs discovered in Edgeworthstown"
201311210024,2013,11,21,"",0,"",96,8,Western Europe,Dublin,Dublin,53.232884,-6.124413,1,0,The incident took place in the Shankill area.,"11/21/2013: An explosive device was discovered and defused in a house in the Shankill neighborhood of Dublin city, D�n Laoghaire-Rathdown county, Ireland. No group claimed responsibility for the incident.",1,1,1,0,"","",0,0,0,3,Bombing/Explosion,"","","","",14,Private Citizens & Property,76,House/Apartment/Residence,Not Applicable,Residence,96,Ireland,"","","","","","","","","","","","","","","","",Unknown,"","","","","","",0,"","",0,-99,0,0,"","","","","","","","","",6,Explosives,16,Unknown Explosive Type,"","","","","","","","","","","","","",0,0,0,0,0,0,0,"","","","",0,"","","","","","","","","","","","","","","","","\"\"\"Viable device made safe in Shankill",Dublin,"\"\" RTE Online",November 21,"2013.\"","\"\"\"Homes evacuated after viable bomb found in Dublin","\"\" Breaking News.ie",November 21,"2013.\""
201311220005,2013,11,22,"",0,"",96,8,Western Europe,Donegal,Letterkenny,54.955737,-7.736489,1,0,"","11/22/2013: An explosive device detonated under a vehicle in Letterkenny town, Donegal county, Ireland. The blast damaged the vehicle. No group claimed responsibility for the attack.",0,1,1,1,2,Other Crime Type,0,1,0,3,Bombing/Explosion,"","","","",14,Private Citizens & Property,73,Vehicles/Transportation,Not Applicable,Vehicle,96,Ireland,"","","","","","","","","","","","","","","","",Unknown,"","","","","","",0,"","",0,1,0,0,"","","","","","","","","",6,Explosives,16,Unknown Explosive Type,"","","","","","","","","","","","",An explosive device was placed underneath a vehicle in the attack.,0,0,0,0,0,0,1,3,Minor (likely < $1 million),-99,A vehicle was damaged in this attack.,0,"","","","","","","","","","","","","","","",There is doubt that this incident meets terrorism-related criteria. Authorities suspected that the attack was not carried out by dissident groups.,"\"\"\"Garda seek motive for Letterkenny car bomb","\"\" The Irish News",November 23,"2013.\"","\"\"\"Key suspect identified for explosion under car","\"\" Irish Independent",November 23,"2013.\"","\"\"\"Bomb attack   father 'won't be frightened out of home'"
201312230016,2013,12,23,"",0,"",96,8,Western Europe,Dublin,Tallaght,53.284904,-6.36717,1,0,Incident occurred in Bawnlee area,"12/23/2013: An explosive device was discovered and defused in Bawnlee neighborhood, Tallaght city, Dublin county, Ireland. No group claimed responsibility for the incident.",1,1,1,0,"","",0,0,0,3,Bombing/Explosion,"","","","",14,Private Citizens & Property,76,House/Apartment/Residence,Not Applicable,Residence,96,Ireland,"","","","","","","","","","","","","","","","",Unknown,"","","","","","",0,"","",0,-99,0,0,"","","","","","","","","",6,Explosives,16,Unknown Explosive Type,"","","","","","","","","","","","","",0,0,0,0,0,0,0,"","","","",0,"","","","","","","","","","","","","","","","","\"\"\"Device left in porch of south Dublin house had potential to kill","\"\" TheJournal.ie",December 23,"2013.\"","","",START Primary Collection,-9,-9
201401100008,2014,1,10,"",0,"",96,8,Western Europe,Dublin,Dublin,53.361675,-6.245485,1,0,Incident occurred in the Ballymun neighborhood of the city.,"01/10/2014: An explosive device was found near a car in the Ballymun area of Dublin city, Dublin county, Ireland. An army bomb squad defused the device, and there were no casualties in the incident. No group claimed responsibility for the attack.",1,1,1,0,"","",0,0,0,3,Bombing/Explosion,"","","","",20,Unknown,"","",Unknown,Unknown,96,Ireland,"","","","","","","","","","","","","","","","",Unknown,"","","","","","",0,"","",0,-99,0,0,"","","","","","","","","",6,Explosives,16,Unknown Explosive Type,"","","","","","","","","","","","","",0,0,0,0,0,0,0,"","","","",0,"","","","","","","","","","","","","","","","","\"\"\"Bomb squad defuses device in Ballymun","\"\" Irish Examiner",January 10,"2014.\"","\"\"\"Army detonates bomb found near a parked car","\"\" Irish Independent",January 10,"2014.\"","\"\"\"Explosive device made safe outside home in Ballymun"
201402260024,2014,2,26,"",0,"",96,8,Western Europe,Dublin,Tallaght,53.284904,-6.36717,1,0,The incident occurred in the Cushlawn neighborhood,"02/26/2014: Three pipe bombs were discovered and defused in Cushlawn area, Tallaght city, South Dublin district, Ireland. No group claimed responsibility for the incident.",1,1,1,0,"","",0,0,0,3,Bombing/Explosion,"","","","",20,Unknown,"","",Unknown,Unknown,96,Ireland,"","","","","","","","","","","","","","","","",Unknown,"","","","","","",0,"","",0,-99,0,0,"","","","","","","","","",6,Explosives,31,Pipe Bomb,"","","","","","","","","","","","",Three pipe bombs were used in the attack.,0,0,0,0,0,0,0,"","","","",0,"","","","","","","","","","","","","","","","","\"\"\"Three pipe bombs are made safe after alert","\"\" Evening Herald",February 27,"2014.\"","\"\"\"Pipe Bombs Made Safe In Tallaght","\"\" Build.ie",February 27,"2014.\"",""
201403130080,2014,3,13,"",0,"",96,8,Western Europe,Cavan,Ballyconnell,54.115491,-7.582447,1,0,"","03/13/2014: Assailants drove a vehicle into the entrance of an Aventas Group building in Ballyconnell town, county Cavan, Ireland. Assailants in the vehicle then set it and the building's foyer on fire. There were no reported casualties; however, the building was damaged in the blast. No group claimed responsibility for the incident.",1,1,1,0,"","",0,1,0,7,Facility/Infrastructure Attack,"","","","",1,Business,5,Industrial/Textiles/Factory,Aventas Group,Building,96,Ireland,"","","","","","","","","","","","","","","","",Unknown,"","","","","","",0,"","",0,2,0,0,"","","","","","","","","",8,Incendiary,18,Arson/Fire,10,"Vehicle (not to include vehicle-borne explosives, i.e., car or truck bombs)","","","","","","","","","","","",0,0,0,0,0,0,1,3,Minor (likely < $1 million),-99,A building was damaged in this attack.,0,"","","","","","","","","","","","","","","","","\"\"\"Arson attack at former Quinn factory","\"\" BBC",March 14,"2014.\"","\"\"\"Arson attack at Quinn premises in Co Cavan","\"\" Irish Independent",March 14,"2014.\"","\"\"\"4x4 set on fire at Quinn plant in Cavan"
201403220047,2014,3,22,"",0,"",96,8,Western Europe,Dublin,Tallaght,53.284904,-6.36717,1,0,The incident occurred in the Saint Dominics area of Tallaght.,"03/22/2014: Three explosive devices were discovered and safely defused outside a civilian residence in Saint Dominics area, Tallaght town, Dublin county, Ireland. No group claimed responsibility for the incident.",1,1,1,0,"","",0,0,0,3,Bombing/Explosion,"","","","",20,Unknown,"","",Unknown,Unknown,96,Ireland,"","","","","","","","","","","","","","","","",Unknown,"","","","","","",0,"","",0,-99,0,0,"","","","","","","","","",6,Explosives,16,Unknown Explosive Type,"","","","","","","","","","","","",Three explosive devices were used in the attack.,0,0,0,0,0,0,0,"","","","",0,"","","","","","","","","","","","","","","","","\"\"\"Three viable devices made safe in Dublin","\"\" Breaking News.ie",March 22,"2014.\"","\"\"\"Three viable devices made safe in Tallaght","\"\" RTE Online",March 22,"2014.\"",""
201403260047,2014,3,26,"",0,"",96,8,Western Europe,Dublin,Clondalkin,53.324124,-6.375383,1,0,"Event occurred in the Monksfield neighborhood of Clondalkin, Dublin.","03/26/2014: A pipe bomb was discovered and safely defused outside a civilian residence in Monksfield neighborhood, Clondalkin town, Dublin county, Ireland. No group claimed responsibility for the incident.",1,1,1,0,"","",0,0,0,3,Bombing/Explosion,"","","","",20,Unknown,"","",Unknown,Unknown,96,Ireland,"","","","","","","","","","","","","","","","",Unknown,"","","","","","",0,"","",0,-99,0,0,"","","","","","","","","",6,Explosives,31,Pipe Bomb,"","","","","","","","","","","","","",0,0,0,0,0,0,0,"","","","",0,"","","","","","","","","","","","","","","","","\"\"\"Bomb squad carries out controlled explosion in Clondalkin","\"\" Irish Independent",March 27,"2014.\"","\"\"\"Controlled explosion carried out on homemade bomb in Clondalkin","\"\" TheJournal.ie",March 27,"2014.\"","\"\"\"Clondalkin homes evacuated after viable pipebomb discovered"
201403300013,2014,3,30,"",0,"",96,8,Western Europe,Dublin,Dublin,53.361675,-6.245485,1,0,"","03/30/2014: A pipe bomb planted in a car detonated near the center of Dublin city, Dublin county, Ireland. One person, who may have been the assailant, was wounded in the attack, and a number of houses and cars were damaged. No group claimed responsibility for the incident.",1,1,1,0,"","",0,1,0,3,Bombing/Explosion,"","","","",14,Private Citizens & Property,76,House/Apartment/Residence,Not Applicable,Houses,96,Ireland,"","","","","","","","","","","","","","","","",Unknown,"","","","","","",0,"","",0,-99,0,0,"","","","","","","","","",6,Explosives,15,Vehicle,"","","","","","","","","","","","",A timed pipe bomb planted inside a vehicle was used in the attack.,0,0,0,1,0,"",1,3,Minor (likely < $1 million),-99,Several homes and a vehicle were damaged in this attack.,0,"","","","","","","","","","","","","","","","","\"\"\"Houses damaged after car 'explosion'","\"\" BBC",March 31,"2014.\"","\"\"\"Dumb Irish Terrorist Forgets to Change Time in Clock",Bomb Blows on Him,"\"\" International Business Times Canada",April 4,"2014.\""
201403310010,2014,3,31,"",0,"",96,8,Western Europe,Cork,Gurranabraher,51.908043,-8.494501,1,0,"Event occurred on Churchfield Avenue, in the neighborhood of Gurranabraher, in Cork.","03/31/2014: Children found a pipe bomb while playing in Gurranabraher neighborhood, Cork city, Munster province, Ireland. Security forces successfully defused the device. No group claimed responsibility for the incident.",1,1,1,0,"","",0,0,0,3,Bombing/Explosion,"","","","",20,Unknown,"","",Unknown,Unknown,96,Ireland,"","","","","","","","","","","","","","","","",Unknown,"","","","","","",0,"","",0,-99,0,0,"","","","","","","","","",6,Explosives,31,Pipe Bomb,"","","","","","","","","","","","","",0,0,0,0,0,0,0,"","","","",0,"","","","","","","","","","","","","","","","","\"\"\"Explosive device found in Cork made safe","\"\" RTE Online",March 31,"2014.\"","\"\"\"Army experts called in",as viable bomb found in Cork estate,"\"\" TheJournal.ie",March 31,"2014.\""
201404170057,2014,4,17,"",0,"",96,8,Western Europe,Leitrim,Mohill,53.921829,-7.86531,1,0,"","04/17/2014: An explosive device was discovered and safely defused outside the residence of a police officer in Mohill town, Leitrim county, Ireland. No group claimed responsibility for the incident.",0,1,1,1,2,Other Crime Type,0,0,0,3,Bombing/Explosion,"","","","",3,Police,25,Police Security Forces/Officers,Garda Siochana,Officer,96,Ireland,"","","","","","","","","","","","","","","","",Unknown,"","","","","","",0,"","",0,-99,0,0,"","","","","","","","","",6,Explosives,17,Other Explosive Type,"","","","","","","","","","","","",A box-type explosive device was used in the attack.,0,0,0,0,0,0,0,"","","","",0,"","","","","","","","","","","","","","","","There is doubt that this incident meets terrorism-related criteria, given that sources speculated that the explosive device may have been planted by a local criminal gang.","\"\"\"Viable bomb left outside garda's home as children slept inside","\"\" Irish Independent",April 19,"2014.\"","\"\"\"Leitrim Gardai investigate discovery of device outside officer's home","\"\" Ocean FM",April 20,"2014.\"","\"\"\"Bomb squad called to defuse viable device"
201404170058,2014,4,17,"",0,"",96,8,Western Europe,Leitrim,Bohey,54.194324,-8.167051,1,0,"","04/17/2014: An explosive device was discovered and safely defused in Bohey area, Leitrim county, Ireland. No group claimed responsibility for the incident.",1,1,1,0,"","",0,0,0,3,Bombing/Explosion,"","","","",20,Unknown,"","",Unknown,Unknown,96,Ireland,"","","","","","","","","","","","","","","","",Unknown,"","","","","","",0,"","",0,-99,0,0,"","","","","","","","","",6,Explosives,16,Unknown Explosive Type,"","","","","","","","","","","","","",0,0,0,0,0,0,0,"","","","",0,"","","","","","","","","","","","","","","","","\"\"\"'Viable' device found in Longford","\"\" Breaking News.ie",April 17,"2014.\"","\"\"\"Viable device found in Longford","\"\" Big News Network",April 18,"2014.\"","\"\"\"Army bomb disposal unit called to inspect suspicious device in Co Longford"
201404200038,2014,4,20,"",0,"",96,8,Western Europe,Dublin,Tallaght,53.284904,-6.36717,1,0,The incident occurred in Jobstown neighborhood,"04/20/2014: An explosive device was discovered and safely defused outside a civilian residence in the Jobstown neighborhood, Tallaght town, Dublin county, Ireland. No group claimed responsibility for the incident.",1,1,1,0,"","",0,0,0,3,Bombing/Explosion,"","","","",14,Private Citizens & Property,76,House/Apartment/Residence,Not Applicable,Residence,96,Ireland,"","","","","","","","","","","","","","","","",Unknown,"","","","","","",0,"","",0,-99,0,0,"","","","","","","","","",6,Explosives,16,Unknown Explosive Type,"","","","","","","","","","","","","",0,0,0,0,0,0,0,"","","","",0,"","","","","","","","","","","","","","","","","\"\"\"Viable explosive device triggers security alert in Dublin","\"\" Irish Times",April 21,"2014.\"","\"\"\"Viable improvised explosive device discovered in residential estate","\"\" Irish Mirror",April 20,"2014.\"",""
201405110121,2014,5,11,"",0,"",96,8,Western Europe,Dublin,Lucan,53.356964,-6.450177,1,0,"","05/11/2014: A pipe bomb was discovered hidden inside a beer keg in the car park of a hotel and defused in Lucan city, Dublin district, Ireland. No group claimed responsibility; however, sources suspect that The New Irish Republican Army was behind the attack.",1,1,1,0,"","",0,0,0,3,Bombing/Explosion,"","","","",1,Business,8,Hotel/Resort,Finnstown House Hotel,Hotel Car Park,96,Ireland,"","","","","","","","","","","","","","","","",The New Irish Republican Army,"","","","","","",1,"","",0,-99,0,0,"","","","","","","","","",6,Explosives,31,Pipe Bomb,"","","","","","","","","","","","",A pipe bomb planted inside a beer keg was used in the attack.,0,0,0,0,0,0,0,"","","","",0,"","","","","","","","","","","","","","","","","\"\"\"Viable device made safe at Dublin hotel","\"\" TheJournal.ie",May 11,"2014.\"","\"\"\"Troubled tycoon in feud with IRA target of car bomb terror","\"\" Irish Sun",May 13,"2014.\"",""
201405120087,2014,5,12,"",0,"",96,8,Western Europe,Kildare,Ballyhagan,53.33574,-6.973179,1,0,"","05/12/2014: An explosive device was discovered and defused in Ballyhagan town, Leinster province, Ireland. No group claimed responsibility for the incident.",1,1,1,0,"","",0,0,0,3,Bombing/Explosion,"","","","",20,Unknown,"","",Unknown,Unknown,96,Ireland,"","","","","","","","","","","","","","","","",Unknown,"","","","","","",0,"","",0,-99,0,0,"","","","","","","","","",6,Explosives,16,Unknown Explosive Type,"","","","","","","","","","","","","",0,0,0,0,0,0,0,"","","","",0,"","","","","","","","","","","","","","","","","\"\"\"Suspect device found in Carbury","\"\" Leinster Leader",May 13,"2014.\"","","",START Primary Collection,-9,-9
201406010032,2014,6,1,"",0,"",96,8,Western Europe,Louth,Drogheda,53.716084,-6.350156,1,0,The incident occurred in the Moneymore area of the city.,"06/01/2014: An explosive device was discovered and defused near a private residence in Drogheda town, Louth county, Ireland. No group claimed responsibility for the incident.",1,1,1,0,"","",0,0,0,3,Bombing/Explosion,"","","","",14,Private Citizens & Property,76,House/Apartment/Residence,Not Applicable,House,96,Ireland,"","","","","","","","","","","","","","","","",Unknown,"","","","","","",0,"","",0,-99,0,0,"","","","","","","","","",6,Explosives,16,Unknown Explosive Type,"","","","","","","","","","","","","",0,0,0,0,0,0,0,"","","","",0,"","","","","","","","","","","","","","","","","\"\"\"Army makes safe device found outside house in Louth","\"\" Breaking News.ie",June 1,"2014.\"","\"\"\"Explosive device found outside house in Louth","\"\" TheJournal.ie",June 1,"2014.\"",""
201406280051,2014,6,28,"",0,"",96,8,Western Europe,Dublin,Carrickmines,53.250939,-6.189278,1,0,"","06/28/2014: An explosive device was discovered and defused near a vehicle in Carrickmines town, Dublin county, Ireland. No group claimed responsibility for the attack.",1,1,1,0,"","",0,0,0,3,Bombing/Explosion,"","","","",20,Unknown,"","",Unknown,Unknown,96,Ireland,"","","","","","","","","","","","","","","","",Unknown,"","","","","","",0,"","",0,-99,0,0,"","","","","","","","","",6,Explosives,16,Unknown Explosive Type,"","","","","","","","","","","","","",0,0,0,0,0,0,0,"","","","",0,"","","","","","","","","","","","","","","","","\"\"\"Explosive device made safe in south Dublin","\"\" Irish Times",June 28,"2014.\"","\"\"\"Viable explosive device made safe in Carrickmines","\"\" TheJournal.ie",June 28,"2014.\"","\"\"\"Explosive device made safe in Carrickmines"
