197209280010,1972,9,28,"",0,"",162,8,Western Europe,Lisbon,Lisbon,38.722252,-9.139337,1,0,"","09/28/1972: A letter bomb addressed to a retired Jewish importer, was discovered and defused in Lisbon, Portugal. This was one of 74 letter bombs that were mailed from Amsterdam and were discovered or detonated between September 19, 1972 and September 28, 1972. Black September claimed responsibility for the incidents.",1,1,1,0,"","",1,0,0,1,Assassination,"","","","",14,Private Citizens & Property,71,Race/Ethnicity Identified,Not Applicable,Retired Jewish Importer,97,Israel,"","","","","","","","","","","","","","","","",Black September,"","","","","","",0,"","",0,-99,-99,1,5,Note left at scene,"","","","","","","",6,Explosives,9,Letter Bomb,"","","","","","","","","","","","",An explosives-laden letter was used.,0,0,0,0,0,0,0,"","","","",0,"","","","","","","","","","","","","","","","","\"\"\"Letter bombs sent to Jews in Uruguay","\"\" The Jerusalem Post",September 29,"1972.\"","","",UMD Miscellaneous,1,1
197309170002,1973,9,17,"",0,"",162,8,Western Europe,Lisbon,Lisbon,38.725299,-9.150036,1,0,"","",1,1,1,0,"","",0,0,0,1,Assassination,"","","","",7,Government (Diplomatic),45,"Diplomatic Personnel (outside of embassy, consulate)",UK,"unk, ambassador",216,Great Britain,"","","","","","","","","","","","","","","","",Irish Republican Army (IRA),"","","","","","",1,"","",0,"","","","","","","","","","","","",6,Explosives,9,Letter Bomb,"","","","","","","","","","","","",Letter bomb,0,"","",1,"","",0,"","","","",0,"","","","","","",0,"","","","","","","","","","","","",PGIS,1,0,1,1,""
197509110001,1975,9,11,"",0,"",162,8,Western Europe,Lisbon,Lisbon,38.725299,-9.150036,1,0,"","",1,1,1,0,"","",0,1,0,3,Bombing/Explosion,"","","","",6,Airports & Aircraft,43,Airline Officer/Personnel,"",Royal Morroco Air,136,Morocco,"","","","","","","","","","","","","","","","",Revolutionary Internationalist Solidarity,"","","","","","",0,"","",0,"","","","","","","","","","","","",6,Explosives,16,Unknown Explosive Type,"","","","","","","","","","","","",Explosive,0,0,0,0,0,0,1,4,Unknown,"","",0,"","","","","","",0,"","","","","","","","","","","","",PGIS,0,1,1,1,""
197509110002,1975,9,11,"",0,"",162,8,Western Europe,Lisbon,Lisbon,38.725299,-9.150036,1,0,"","",1,1,1,0,"","",0,1,0,3,Bombing/Explosion,"","","","",1,Business,8,Hotel/Resort,"",Sheraton Hotel,217,United States,"","","","","","","","","","","","","","","","",Revolutionary Internationalist Solidarity,"","","","","","",0,"","",0,"","","","","","","","","","","","",6,Explosives,16,Unknown Explosive Type,"","","","","","","","","","","","",Explosive,0,0,0,0,0,0,1,4,Unknown,"","",0,"","","","","","",0,"","","","","","","","","","","","",PGIS,0,1,1,1,""
197509110003,1975,9,11,"",0,"",162,8,Western Europe,Lisbon,Lisbon,38.725299,-9.150036,1,0,"","",1,1,1,0,"","",0,1,0,3,Bombing/Explosion,"","","","",7,Government (Diplomatic),46,Embassy/Consulate,"",Spanish Embassy,185,Spain,"","","","","","","","","","","","","","","","",Revolutionary Internationalist Solidarity,"","","","","","",0,"","",0,"","","","","","","","","","","","",6,Explosives,16,Unknown Explosive Type,"","","","","","","","","","","","",Explosive,0,0,0,0,0,0,1,4,Unknown,"","",0,"","","","","","",0,"","","","","","","","","","","","",PGIS,0,1,1,1,""
197509250004,1975,9,25,"",0,"",162,8,Western Europe,Lisbon,Lisbon,38.725299,-9.150036,1,0,"","",1,1,1,0,"","",0,1,0,3,Bombing/Explosion,"","","","",7,Government (Diplomatic),46,Embassy/Consulate,"",Spanish Embassy,185,Spain,"","","","","","","","","","","","","","","","",International Revolutionary Action Group (GARI),"","","","","","",0,"","",0,"","","","","","","","","","","","",6,Explosives,16,Unknown Explosive Type,"","","","","","","","","","","","",Explosive,0,0,0,0,0,0,1,4,Unknown,"","",0,"","","","","","",0,"","","","","","","","","","","","",PGIS,0,1,1,1,""
197601000001,1976,1,0,"",0,"",162,8,Western Europe,Lisbon,Lisbon,38.725299,-9.150036,1,0,"","",1,1,1,0,"","",0,1,0,3,Bombing/Explosion,"","","","",2,Government (General),18,"Government Personnel (excluding police, military)","",residence of Lopes Cardoso- ex minister of agriculture,162,Portugal,"","","","","","","","","","","","","","","","",Unknown,"","","","","","",0,"","",0,"","","","","","","","","","","","",6,Explosives,16,Unknown Explosive Type,"","","","","","","","","","","","",Explosive,0,"","",0,"","",1,4,Unknown,"","",0,"","","","","","",0,"","","","","","","","","","","","",PGIS,-9,-9,0,-9,""
197601300001,1976,1,30,"",0,"",162,8,Western Europe,Lisbon,Cascais,38.697276,-9.421758,1,0,"","",1,1,1,-9,"","",0,1,0,6,Hostage Taking (Kidnapping),"","","","",1,Business,4,Multinational Corporation,standard electric co.,employees,162,Portugal,"","","","","","","","","","","","","","","","",Unknown,"","","","","","",0,"","",0,"","","","","","","","","","","","",13,Unknown,"","","","","","","","","","","","","","","",0,"","",0,"","",0,"","","","",1,3,0,"","","",Portugal,1,20000000,"","","","",2,Hostage(s) released by perpetrators,3,"","","","",PGIS,-9,-9,0,-9,""
197603220001,1976,3,22,"",0,"",162,8,Western Europe,Porto,Porto,41.149968,-8.610243,1,0,"","",1,1,1,0,"","",0,1,0,3,Bombing/Explosion,"","","","",8,Educational Institution,48,Teacher/Professor/Instructor,"","faculty of Economics, Oporto Univ.",162,Portugal,"","","","","","","","","","","","","","","","",Unknown,"","","","","","",0,"","",0,"","","","","","","","","","","","",6,Explosives,16,Unknown Explosive Type,"","","","","","","","","","","","",Explosive,0,"","",0,"","",1,4,Unknown,"","",0,"","","","","","",0,"","","","","","","","","","","","",PGIS,-9,-9,0,-9,""
197604220003,1976,4,22,"",0,"",162,8,Western Europe,Lisbon,Lisbon,38.725299,-9.150036,1,0,"","",1,1,1,0,"","",0,1,0,3,Bombing/Explosion,"","","","",7,Government (Diplomatic),46,Embassy/Consulate,"",Cuban Embassy,51,Cuba,"","","","","","","","","","","","","","","","",Portuguese Anti-Communist Movement,"","","","","","",0,"","",0,"","","","","","","","","","","","",6,Explosives,16,Unknown Explosive Type,"","","","","","","","","","","","",Explosive,2,"","",5,"","",1,3,Minor (likely < $1 million),5000,"",0,"","","","","","",0,"","","","","","","","","","","","",PGIS,0,1,1,1,""
197605010002,1976,5,1,"",0,"",162,8,Western Europe,Lisbon,Lisbon,38.725299,-9.150036,1,0,"","",1,1,1,-9,"","",0,1,0,3,Bombing/Explosion,"","","","",14,Private Citizens & Property,68,Named Civilian,"",Auenida da Liberdade,162,Portugal,"","","","","","","","","","","","","","","","",Unknown,"","","","","","",0,"","",0,"","","","","","","","","","","","",6,Explosives,16,Unknown Explosive Type,"","","","","","","","","","","","",Explosive,1,"","",6,"","",1,4,Unknown,"","",0,"","","","","","",0,"","","","","","","","","","","","",PGIS,-9,-9,0,-9,""
197606050001,1976,6,5,"",0,"",162,8,Western Europe,Lisbon,Lisbon,38.725299,-9.150036,1,0,"","",1,1,1,0,"","",0,1,0,3,Bombing/Explosion,"","","","",22,Violent Political Party,110,Party Office/Facility,Mozambique Liberation Front (FRELIMO),Offices,162,Portugal,"","","","","","","","","","","","","","","","",Unknown,"","","","","","",0,"","",0,"","","","","","","","","","","","",6,Explosives,16,Unknown Explosive Type,"","","","","","","","","","","","",Explosive,"","","","","","",1,4,Unknown,"","",0,"","","","","","",0,"","","","","","","","","","","","",PGIS,-9,-9,0,-9,""
197606200001,1976,6,20,"",0,"",162,8,Western Europe,Lisbon,Lisbon,38.725299,-9.150036,1,0,"","",1,1,1,0,"","",0,1,0,3,Bombing/Explosion,"","","","",21,Utilities,107,Electricity,"",Cabora-Bassa Hydroelectric complex,162,Portugal,"","","","","","","","","","","","","","","","",Unknown,"","","","","","",0,"","",0,"","","","","","","","","","","","",6,Explosives,16,Unknown Explosive Type,"","","","","","","","","","","","",Explosive,"","","","","","",1,3,Minor (likely < $1 million),10000,"",0,"","","","","","",0,"","","","","","","","","","","","",PGIS,-9,-9,0,-9,""
197607140002,1976,7,14,"",0,"",162,8,Western Europe,Unknown,Unknown,"","",5,0,"","",1,1,1,0,"","",0,1,0,3,Bombing/Explosion,"","","","",21,Utilities,107,Electricity,"","2 high tension power towers, Gas & Electric Co.",162,Portugal,"","","","","","","","","","","","","","","","",Unknown,"","","","","","",0,"","",0,"","","","","","","","","","","","",6,Explosives,16,Unknown Explosive Type,"","","","","","","","","","","","",Explosive,"","","","","","",1,3,Minor (likely < $1 million),10000,"",0,"","","","","","",0,"","","","","","","","","","","","",PGIS,-9,-9,0,-9,""
197607200002,1976,7,20,"",0,"",162,8,Western Europe,Lisbon,Lisbon,38.725299,-9.150036,1,0,"","",1,1,1,-9,"","",0,1,0,3,Bombing/Explosion,"","","","",14,Private Citizens & Property,76,House/Apartment/Residence,"",Angola House,162,Portugal,"","","","","","","","","","","","","","","","",Unknown,"","","","","","",0,"","",0,"","","","","","","","","","","","",6,Explosives,16,Unknown Explosive Type,"","","","","","","","","","","","",Explosive,0,"","",0,"","",1,4,Unknown,"","",0,"","","","","","",0,"","","","","","","","","","","","",PGIS,-9,-9,0,-9,""
197607220002,1976,7,22,"",0,"",162,8,Western Europe,Lisbon,Lisbon,38.725299,-9.150036,1,0,"","",1,1,1,0,"","",0,1,0,3,Bombing/Explosion,"","","","",6,Airports & Aircraft,43,Airline Officer/Personnel,"",Mozambique Airways Offices,137,Mozambique,"","","","","","","","","","","","","","","","",Unknown,"","","","","","",0,"","",0,"","","","","","","","","","","","",6,Explosives,16,Unknown Explosive Type,"","","","","","","","","","","","",Explosive,0,"","",0,"","",1,"","","","",0,"","","","","","",0,"","","","","","","","","","","","",PGIS,-9,-9,1,1,""
197611150002,1976,11,15,"",0,"",162,8,Western Europe,Lisbon,Lisbon,38.725299,-9.150036,1,0,"","",1,1,1,0,"","",0,1,0,3,Bombing/Explosion,"","","","",2,Government (General),15,Politician or Political Party Movement/Meeting/Rally,"",home of former Agriculture minister & leading socialist left winger *,162,Portugal,"","","","","","","","","","","","","","","","",Unknown,"","","","","","",0,"","",0,"","","","","","","","","","","","",6,Explosives,16,Unknown Explosive Type,"","","","","","","","","","","","",Explosive,0,"","",0,"","",1,4,Unknown,"","",0,"","","","","","",0,"","","","","","","","","","","","",PGIS,-9,-9,0,-9,""
197611210001,1976,11,21,"",0,"",162,8,Western Europe,Lisbon,Lisbon,38.725299,-9.150036,1,0,"","",1,1,1,0,"","",0,1,0,3,Bombing/Explosion,"","","","",2,Government (General),15,Politician or Political Party Movement/Meeting/Rally,"",bomb at home Azores Representative,162,Portugal,"","","","","","","","","","","","","","","","",Unknown,"","","","","","",0,"","",0,"","","","","","","","","","","","",6,Explosives,16,Unknown Explosive Type,"","","","","","","","","","","","",Explosive,0,"","",0,"","",1,4,Unknown,"","",0,"","","","","","",0,"","","","","","","","","","","","",PGIS,-9,-9,0,-9,""
197612060002,1976,12,6,"",0,"",162,8,Western Europe,Lisbon,Lisbon,38.725299,-9.150036,1,0,"","",1,1,1,0,"","",0,1,0,3,Bombing/Explosion,"","","","",19,Transportation,100,Train/Train Tracks/Trolley,"","rail line, Lisbon to Estoril",162,Portugal,"","","","","","","","","","","","","","","","",Unknown,"","","","","","",0,"","",0,"","","","","","","","","","","","",6,Explosives,16,Unknown Explosive Type,"","","","","","","","","","","","",Explosive,0,"","",0,"","",1,3,Minor (likely < $1 million),50000,"",0,"","","","","","",0,"","","","","","","","","","","","",PGIS,-9,-9,0,-9,""
197612060003,1976,12,6,"",0,"",162,8,Western Europe,Lisbon,Lisbon,38.725299,-9.150036,1,0,"","",1,1,1,0,"","",0,1,0,3,Bombing/Explosion,"","","","",19,Transportation,100,Train/Train Tracks/Trolley,"",Lisbon- Sintra Rail Line,162,Portugal,"","","","","","","","","","","","","","","","",Unknown,"","","","","","",0,"","",0,"","","","","","","","","","","","",6,Explosives,16,Unknown Explosive Type,"","","","","","","","","","","","",Explosive,0,"","",0,"","",1,4,Unknown,"","",0,"","","","","","",0,"","","","","","","","","","","","",PGIS,-9,-9,0,-9,""
197612140003,1976,12,14,"",0,"",162,8,Western Europe,Lisbon,Lisbon,38.725299,-9.150036,1,0,"","",1,1,1,0,"","",0,1,0,3,Bombing/Explosion,"","","","",10,Journalists & Media,53,Newspaper Journalist/Staff/Facility,"",weekly newspaper O Pais (conservative),162,Portugal,"","","","","","","","","","","","","","","","",Communists,"","","","","","",0,"","",0,"","","","","","","","","","","","",6,Explosives,16,Unknown Explosive Type,"","","","","","","","","","","","",Explosive,0,"","",0,"","",1,4,Unknown,"","",0,"","","","","","",0,"","","","","","","","","","","","",PGIS,-9,-9,0,-9,""
197703160001,1977,3,16,"",0,"",162,8,Western Europe,Azores,Azores,38.721642,-27.220577,4,0,"","",1,1,1,0,"","",0,1,0,7,Facility/Infrastructure Attack,"","","","",2,Government (General),15,Politician or Political Party Movement/Meeting/Rally,"",political leaders residence,162,Portugal,"","","","","","","","","","","","","","","","",Front For the Liberation of the Azores,"","","","","","",0,"","",0,"","","","","","","","","","","","",8,Incendiary,"","","","","","","","","","","","","","",Incendiary,0,"","",0,"","",1,3,Minor (likely < $1 million),1500,"",0,"","","","","","",0,"","","","","","","","","","","","",PGIS,0,0,0,0,""
197705160002,1977,5,16,"",0,"",162,8,Western Europe,Azores,Azores,38.721642,-27.220577,4,0,"","",1,1,1,0,"","",0,1,0,3,Bombing/Explosion,"","","","",2,Government (General),21,Government Building/Facility/Office,"",Govt. bldg,162,Portugal,"","","","","","","","","","","","","","","","",Front For the Liberation of the Azores,"","","","","","",0,"","",0,"","","","","","","","","","","","",6,Explosives,16,Unknown Explosive Type,"","","","","","","","","","","","",Explosive,0,"","",0,"","",1,3,Minor (likely < $1 million),11000,"",0,"","","","","","",0,"","","","","","","","","","","","",PGIS,0,0,0,0,""
197705160003,1977,5,16,"",0,"",162,8,Western Europe,Azores,Azores,38.721642,-27.220577,4,0,"","",1,1,1,0,"","",0,1,0,3,Bombing/Explosion,"","","","",3,Police,23,Police Patrol (including vehicles and convoys),"",jeep,162,Portugal,"","","","","","","","","","","","","","","","",Front For the Liberation of the Azores,"","","","","","",0,"","",0,"","","","","","","","","","","","",6,Explosives,16,Unknown Explosive Type,"","","","","","","","","","","","",Explosive,"","","","","","",1,3,Minor (likely < $1 million),2000,"",0,"","","","","","",0,"","","","","","","","","","","","",PGIS,0,0,0,0,""
197705160005,1977,5,16,"",0,"",162,8,Western Europe,Azores,Azores,38.721642,-27.220577,4,0,"","",1,1,1,0,"","",0,1,0,2,Armed Assault,"","","","",3,Police,22,"Police Building (headquarters, station, school)","",Police HQ,162,Portugal,"","","","","","","","","","","","","","","","",Front For the Liberation of the Azores,"","","","","","",0,"","",0,"","","","","","","","","","","","",5,Firearms,2,Automatic or Semi-Automatic Rifle,"","","","","","","","","","","","",Automatic firearm,"","","","","","",1,3,Minor (likely < $1 million),1000,"",0,"","","","","","",0,"","","","","","","","","","","","",PGIS,0,0,0,0,""
197705170003,1977,5,17,"",0,"",162,8,Western Europe,Azores,Azores,38.721642,-27.220577,4,0,"","",1,1,1,0,"","",0,1,0,2,Armed Assault,"","","","",10,Journalists & Media,54,Radio Journalist/Staff/Facility,"",Radio Station,162,Portugal,"","","","","","","","","","","","","","","","",Front For the Liberation of the Azores,"","","","","","",0,"","",0,"","","","","","","","","","","","",5,Firearms,3,Handgun,"","","","","","","","","","","","",Pistols,0,"","",0,"","",1,3,Minor (likely < $1 million),1500,"",0,"","","","","","",0,"","","","","","","","","","","","",PGIS,0,0,0,0,""
197709030001,1977,9,3,"",0,"",162,8,Western Europe,Azores,Ponta Delgada,37.742242,-25.67495,1,0,"","",1,1,1,-9,"","",0,1,0,3,Bombing/Explosion,"","","","",14,Private Citizens & Property,76,House/Apartment/Residence,"",house,162,Portugal,"","","","","","","","","","","","","","","","",Unknown,"","","","","","",0,"","",0,"","","","","","","","","","","","",6,Explosives,16,Unknown Explosive Type,"","","","","","","","","","","","",Explosive,0,"","",0,"","",1,3,Minor (likely < $1 million),500,"",0,"","","","","","",0,"","","","","","","","","","","","",PGIS,-9,-9,0,-9,""
197709030002,1977,9,3,"",0,"",162,8,Western Europe,Azores,Ponta Delgada,37.742242,-25.67495,1,0,"","",1,1,1,-9,"","",0,1,0,3,Bombing/Explosion,"","","","",14,Private Citizens & Property,76,House/Apartment/Residence,"",house,162,Portugal,"","","","","","","","","","","","","","","","",Unknown,"","","","","","",0,"","",0,"","","","","","","","","","","","",6,Explosives,16,Unknown Explosive Type,"","","","","","","","","","","","",Explosive,0,"","",0,"","",1,4,Unknown,"","",0,"","","","","","",0,"","","","","","","","","","","","",PGIS,-9,-9,0,-9,""
197709100001,1977,9,10,"",0,"",162,8,Western Europe,Lisbon,Lisbon,38.725299,-9.150036,1,0,"","",1,1,1,0,"","",0,1,0,3,Bombing/Explosion,"","","","",2,Government (General),21,Government Building/Facility/Office,"",Agricultural reform office,162,Portugal,"","","","","","","","","","","","","","","","",Unknown,"","","","","","",0,"","",0,"","","","","","","","","","","","",6,Explosives,16,Unknown Explosive Type,"","","","","","","","","","","","",Explosive,0,"","",5,"","",1,3,Minor (likely < $1 million),1500,"",0,"","","","","","",0,"","","","","","","","","","","","",PGIS,-9,-9,0,-9,""
197709100002,1977,9,10,"",0,"",162,8,Western Europe,Evora,Evora,38.570983,-7.909602,1,0,"","",1,1,1,0,"","",0,1,0,3,Bombing/Explosion,"","","","",2,Government (General),21,Government Building/Facility/Office,"",agricultural reform office,162,Portugal,"","","","","","","","","","","","","","","","",Unknown,"","","","","","",0,"","",0,"","","","","","","","","","","","",6,Explosives,16,Unknown Explosive Type,"","","","","","","","","","","","",Explosive,0,"","",0,"","",1,3,Minor (likely < $1 million),2000,"",0,"","","","","","",0,"","","","","","","","","","","","",PGIS,-9,-9,0,-9,""
197709100003,1977,9,10,"",0,"",162,8,Western Europe,Santarem,Santarem,39.236181,-8.687075,1,0,"","",1,1,1,0,"","",0,1,0,3,Bombing/Explosion,"","","","",2,Government (General),21,Government Building/Facility/Office,"",Agricultural Reform Office,162,Portugal,"","","","","","","","","","","","","","","","",Unknown,"","","","","","",0,"","",0,"","","","","","","","","","","","",6,Explosives,16,Unknown Explosive Type,"","","","","","","","","","","","",Explosive,0,"","",0,"","",1,3,Minor (likely < $1 million),2000,"",0,"","","","","","",0,"","","","","","","","","","","","",PGIS,-9,-9,0,-9,""
197709100004,1977,9,10,"",0,"",162,8,Western Europe,Setubal,Alcacer do Sal,38.371126,-8.519451,1,0,"","",1,1,1,0,"","",0,1,0,3,Bombing/Explosion,"","","","",2,Government (General),21,Government Building/Facility/Office,"",Agricultural Reform Office,162,Portugal,"","","","","","","","","","","","","","","","",Unknown,"","","","","","",0,"","",0,"","","","","","","","","","","","",6,Explosives,16,Unknown Explosive Type,"","","","","","","","","","","","",Explosive,0,"","",0,"","",1,3,Minor (likely < $1 million),2000,"",0,"","","","","","",0,"","","","","","","","","","","","",PGIS,-9,-9,0,-9,""
197709100005,1977,9,10,"",0,"",162,8,Western Europe,Setubal,Setubal,38.524515,-8.893066,1,0,"","",1,1,1,0,"","",0,1,0,3,Bombing/Explosion,"","","","",2,Government (General),21,Government Building/Facility/Office,"",Agricultural Reform Office,162,Portugal,"","","","","","","","","","","","","","","","",Unknown,"","","","","","",0,"","",0,"","","","","","","","","","","","",6,Explosives,16,Unknown Explosive Type,"","","","","","","","","","","","",Explosive,0,"","",0,"","",1,3,Minor (likely < $1 million),3000,"",0,"","","","","","",0,"","","","","","","","","","","","",PGIS,-9,-9,0,-9,""
197709100006,1977,9,10,"",0,"",162,8,Western Europe,Beja,Beja,38.015624,-7.865237,1,0,"","",1,1,1,0,"","",0,1,0,3,Bombing/Explosion,"","","","",2,Government (General),21,Government Building/Facility/Office,"",Agricultural Reform Office,162,Portugal,"","","","","","","","","","","","","","","","",Unknown,"","","","","","",0,"","",0,"","","","","","","","","","","","",6,Explosives,16,Unknown Explosive Type,"","","","","","","","","","","","",Explosive,0,"","",0,"","",1,3,Minor (likely < $1 million),2000,"",0,"","","","","","",0,"","","","","","","","","","","","",PGIS,-9,-9,0,-9,""
197711190003,1977,11,19,"",0,"",162,8,Western Europe,Porto,Porto,41.149968,-8.610243,1,0,"","",1,1,1,0,"","",0,1,0,3,Bombing/Explosion,"","","","",2,Government (General),15,Politician or Political Party Movement/Meeting/Rally,"",Meeting for Conservative Politicians,162,Portugal,"","","","","","","","","","","","","","","","",Unknown,"","","","","","",0,"","",0,"","","","","","","","","","","","",6,Explosives,16,Unknown Explosive Type,"","","","","","","","","","","","",Explosive,0,"","",5,"","",1,3,Minor (likely < $1 million),150,"",0,"","","","","","",0,"","","","","","","","","","","","",PGIS,-9,-9,0,-9,""
197712020004,1977,12,2,"",0,"",162,8,Western Europe,Lisbon,Lisbon,38.725299,-9.150036,1,0,"","",1,1,1,0,"","",0,1,0,3,Bombing/Explosion,"","","","",2,Government (General),15,Politician or Political Party Movement/Meeting/Rally,"",Communist Party Offices,162,Portugal,"","","","","","","","","","","","","","","","",Unknown,"","","","","","",0,"","",0,"","","","","","","","","","","","",6,Explosives,16,Unknown Explosive Type,"","","","","","","","","","","","",Explosive,0,"","",1,"","",1,3,Minor (likely < $1 million),150,"",0,"","","","","","",0,"","","","","","","","","","","","",PGIS,-9,-9,0,-9,""
197803180001,1978,3,18,"",0,"",162,8,Western Europe,Lisbon,Lisbon,38.725299,-9.150036,1,0,"","",1,1,1,0,"","",0,1,0,7,Facility/Infrastructure Attack,"","","","",8,Educational Institution,49,School/University/Educational Building,"","Univ. of Lisbon, School of Sciences",162,Portugal,"","","","","","","","","","","","","","","","",Commandos for the Defense of Western Civilization,"","","","","","",0,"","",0,"","","","","","","","","","","","",8,Incendiary,"","","","","","","","","","","","","","",Incendiary,0,"","",0,"","",1,3,Minor (likely < $1 million),200000,"",0,"","","","","","",0,"","","","","","","","","","","","",PGIS,0,0,0,0,""
197804200006,1978,4,20,"",0,"",162,8,Western Europe,Azores,Ponta Delgada,37.742242,-25.67495,1,0,"","",1,1,1,0,"","",0,1,0,3,Bombing/Explosion,"","","","",3,Police,22,"Police Building (headquarters, station, school)","","police office, Punta Delgada",162,Portugal,"","","","","","","","","","","","","","","","",Front For the Liberation of the Azores,"","","","","","",0,"","",0,"","","","","","","","","","","","",6,Explosives,16,Unknown Explosive Type,"","","","","","","","","","","","",Explosive,0,"","",11,"","",1,3,Minor (likely < $1 million),2500,"",0,"","","","","","",0,"","","","","","","","","","","","",PGIS,0,0,0,0,""
197804280001,1978,4,28,"",0,"",162,8,Western Europe,Porto,Porto,41.149968,-8.610243,1,0,"","",1,1,1,-9,"","",0,1,0,2,Armed Assault,"","","","",3,Police,22,"Police Building (headquarters, station, school)","",Post of judicial police of Oporto,162,Portugal,"","","","","","","","","","","","","","","","",Unknown,"","","","","","",0,"","",0,8,"","","","","","","","","","","",5,Firearms,2,Automatic or Semi-Automatic Rifle,"","","","","","","","","","","","",Automatic firearms,0,"","",0,"","",1,3,Minor (likely < $1 million),2500,"",0,"","","","","","",0,"","","","","","","","","","","","",PGIS,-9,-9,0,-9,""
197806090003,1978,6,9,"",0,"",162,8,Western Europe,Lisbon,Lisbon,38.725299,-9.150036,1,0,"","",1,1,1,0,"","",0,1,0,3,Bombing/Explosion,"","","","",7,Government (Diplomatic),46,Embassy/Consulate,"",Argentine Embassy,11,Argentina,"","","","","","","","","","","","","","","","",Action Group for Communism,"","","","","","",0,"","",0,"","","","","","","","","","","","",6,Explosives,16,Unknown Explosive Type,"","","","","","","","","","","","",Explosive,"","","","","","",1,3,Minor (likely < $1 million),300,"",0,"","","","","","",0,"","","","","","","","","","","","",PGIS,0,1,1,1,""
197901290003,1979,1,29,"",0,"",162,8,Western Europe,Azores,Ponta Delgada,37.742242,-25.67495,1,0,"","",1,1,1,0,"","",0,1,0,3,Bombing/Explosion,"","","","",2,Government (General),21,Government Building/Facility/Office,"",Govt Vehicle,162,Portugal,"","","","","","","","","","","","","","","","",Front For the Liberation of the Azores,"","","","","","",1,"","",0,"","","","","","","","","","","","",6,Explosives,16,Unknown Explosive Type,"","","","","","","","","","","","",Explosive,0,"","",0,"","",1,3,Minor (likely < $1 million),4000,"",0,"","","","","","",0,"","","","","","","","","","","","",PGIS,0,0,0,0,""
197901290004,1979,1,29,"",0,"",162,8,Western Europe,Azores,Ponta Delgada,37.742242,-25.67495,1,0,"","",1,1,1,0,"","",0,1,0,1,Assassination,"","","","",2,Government (General),21,Government Building/Facility/Office,"",Regional gov officials house,162,Portugal,"","","","","","","","","","","","","","","","",Front For the Liberation of the Azores,"","","","","","",1,"","",0,"","","","","","","","","","","","",6,Explosives,16,Unknown Explosive Type,"","","","","","","","","","","","",Explosive,0,"","",0,"","",1,3,Minor (likely < $1 million),20000,"",0,"","","","","","",0,"","","","","","","","","","","","",PGIS,0,0,0,0,""
197905130002,1979,5,13,"",0,"",162,8,Western Europe,Lisbon,Lisbon,38.725299,-9.150036,1,0,"","",1,1,1,-9,"","",0,1,0,3,Bombing/Explosion,"","","","",14,Private Citizens & Property,73,Vehicles/Transportation,"",car,162,Portugal,"","","","","","","","","","","","","","","","",Unknown,"","","","","","",0,"","",0,"","","","","","","","","","","","",6,Explosives,16,Unknown Explosive Type,"","","","","","","","","","","","",Explosive,0,"","",1,"","",1,3,Minor (likely < $1 million),4000,"Damages: explosion, damaged vehicle, estimated at $4,000",0,"","","","","","",0,"","","","","","","","","","","","",PGIS,-9,-9,0,-9,""
197905130003,1979,5,13,"",0,"",162,8,Western Europe,Lisbon,Lisbon,38.725299,-9.150036,1,0,"","",1,1,1,-9,"","",0,1,0,3,Bombing/Explosion,"","","","",14,Private Citizens & Property,73,Vehicles/Transportation,"",car,162,Portugal,"","","","","","","","","","","","","","","","",Unknown,"","","","","","",0,"","",0,"","","","","","","","","","","","",6,Explosives,16,Unknown Explosive Type,"","","","","","","","","","","","",Explosive,0,"","",0,"","",1,3,Minor (likely < $1 million),4000,"Damages: explosion, damaged vehicle, estimated at $4,000",0,"","","","","","",0,"","","","","","","","","","","","",PGIS,-9,-9,0,-9,""
197905130004,1979,5,13,"",0,"",162,8,Western Europe,Lisbon,Lisbon,38.725299,-9.150036,1,0,"","",1,1,1,-9,"","",0,1,0,3,Bombing/Explosion,"","","","",14,Private Citizens & Property,73,Vehicles/Transportation,"",car,162,Portugal,"","","","","","","","","","","","","","","","",Unknown,"","","","","","",0,"","",0,"","","","","","","","","","","","",6,Explosives,16,Unknown Explosive Type,"","","","","","","","","","","","",Explosive,0,"","",0,"","",1,3,Minor (likely < $1 million),4000,"Damages: explosion, damaged vehicle, estimated at $4,000",0,"","","","","","",0,"","","","","","","","","","","","",PGIS,-9,-9,0,-9,""
197905130005,1979,5,13,"",0,"",162,8,Western Europe,Lisbon,Lisbon,38.725299,-9.150036,1,0,"","",1,1,1,-9,"","",0,1,0,3,Bombing/Explosion,"","","","",14,Private Citizens & Property,73,Vehicles/Transportation,"",car,162,Portugal,"","","","","","","","","","","","","","","","",Unknown,"","","","","","",0,"","",0,"","","","","","","","","","","","",6,Explosives,16,Unknown Explosive Type,"","","","","","","","","","","","",Explosive,0,"","",1,"","",1,3,Minor (likely < $1 million),4000,"Damages: explosion, damaged vehicle, estimated at $4,000",0,"","","","","","",0,"","","","","","","","","","","","",PGIS,-9,-9,0,-9,""
197905210003,1979,5,21,"",0,"",162,8,Western Europe,Azores,Ponta Delgada,37.742242,-25.67495,1,0,"","",1,1,1,-9,"","",0,1,0,1,Assassination,"","","","",14,Private Citizens & Property,73,Vehicles/Transportation,"","car, belonging to Dr Quintas and wite (medical team)",162,Portugal,"","","","","","","","","","","","","","","","",Unknown,"","","","","","",0,"","",0,"","","","","","","","","","","","",6,Explosives,16,Unknown Explosive Type,"","","","","","","","","","","","",Explosive,0,"","",0,"","",1,3,Minor (likely < $1 million),5000,"Damages: explosion/plastic explosive, damaged vehicle, estimated at $5,000 (medical team)",0,"","","","","","",0,"","","","","","","","","","","","",PGIS,-9,-9,0,-9,""
197907120003,1979,7,12,"",0,"",162,8,Western Europe,Lisbon,Lisbon,38.725299,-9.150036,1,0,"","",1,1,1,-9,"","",0,1,0,3,Bombing/Explosion,"","","","",14,Private Citizens & Property,77,Laborer (General)/Occupation Identified,"",former brewery,162,Portugal,"","","","","","","","","","","","","","","","",Unknown,"","","","","","",0,"","",0,"","","","","","","","","","","","",6,Explosives,16,Unknown Explosive Type,"","","","","","","","","","","","",Explosive,0,"","",0,"","",0,"","","","",0,"","","","","","",0,"","","","","","","","","","","","",PGIS,-9,-9,0,-9,""
197907170004,1979,7,17,"",0,"",162,8,Western Europe,Lisbon,Lisbon,38.725299,-9.150036,1,0,"","",1,1,0,1,1,Insurgency/Guerilla Action,0,1,0,3,Bombing/Explosion,"","","","",4,Military,27,Military Barracks/Base/Headquarters/Checkpost,"",building used by arm,162,Portugal,"","","","","","","","","","","","","","","","",Unknown,"","","","","","",0,"","",0,"","","","","","","","","","","","",6,Explosives,16,Unknown Explosive Type,"","","","","","","","","","","","",Explosive,0,"","",0,"","",1,"","","","",0,"","","","","","",0,"","","","","","","","","","","","",PGIS,-9,-9,0,-9,""
197908200004,1979,8,20,"",0,"",162,8,Western Europe,Porto,Penafiel,41.206996,-8.285651,1,0,"","",1,1,1,-9,"","",0,1,0,1,Assassination,"","","","",1,Business,"","",Unk,"Joaquin Ferreira Torres, Industrialist",162,Portugal,"","","","","","","","","","","","","","","","",Unknown,"","","","","","",0,"","",0,1,"","","","","","","","","","","",5,Firearms,2,Automatic or Semi-Automatic Rifle,"","","","","","","","","","","","",Automatic firearm,1,"","",0,"","",0,"","","","",0,"","","","","","",0,"","","","","","","","","","","","",PGIS,-9,-9,0,-9,""
197910010004,1979,10,1,"",0,"",162,8,Western Europe,Coimbra,Alentejo,40.314312,-7.800717,1,0,"","",1,1,1,0,"","",0,1,0,1,Assassination,"","","","",3,Police,25,Police Security Forces/Officers,"",Republican Guard Commanders Car,162,Portugal,"","","","","","","","","","","","","","","","",Unknown,"","","","","","",0,"","",0,"","","","","","","","","","","","",6,Explosives,16,Unknown Explosive Type,"","","","","","","","","","","","",Explosive,0,"","",0,"","",1,3,Minor (likely < $1 million),5000,"Damages: explosion, damaged car, estimated at $5,000",0,"","","","","","",0,"","","","","","","","","","","","",PGIS,-9,-9,0,-9,""
197910210002,1979,10,21,"",0,"",162,8,Western Europe,Evora,Viana do Alentejo,38.332022,-8.002035,1,0,"","",1,1,1,-9,"","",0,1,0,3,Bombing/Explosion,"","","","",14,Private Citizens & Property,77,Laborer (General)/Occupation Identified,"",Agriculture Engineers car,162,Portugal,"","","","","","","","","","","","","","","","",Unknown,"","","","","","",0,"","",0,"","","","","","","","","","","","",6,Explosives,16,Unknown Explosive Type,"","","","","","","","","","","","",Explosive,0,"","",0,"","",1,"","","","",0,"","","","","","",0,"","","","","","","","","","","","",PGIS,-9,-9,0,-9,""
197910210003,1979,10,21,"",0,"",162,8,Western Europe,Evora,Viana do Alentejo,38.332022,-8.002035,1,0,"","",1,1,1,-9,"","",0,1,0,3,Bombing/Explosion,"","","","",14,Private Citizens & Property,73,Vehicles/Transportation,"",Land Rover belonging to geoligical and mining institute,162,Portugal,"","","","","","","","","","","","","","","","",Unknown,"","","","","","",0,"","",0,"","","","","","","","","","","","",6,Explosives,16,Unknown Explosive Type,"","","","","","","","","","","","",Explosive,0,"","",0,"","",1,"","","","",0,"","","","","","",0,"","","","","","","","","","","","",PGIS,-9,-9,0,-9,""
197911030001,1979,11,3,"",0,"",162,8,Western Europe,Evora,Evora,38.570983,-7.909602,1,0,"","",1,1,1,-9,"","",0,1,0,3,Bombing/Explosion,"","","","",1,Business,9,Farm/Ranch,"",Communnist Run Collective Farm,162,Portugal,"","","","","","","","","","","","","","","","",Unknown,"","","","","","",0,"","",0,"","","","","","","","","","","","",6,Explosives,16,Unknown Explosive Type,"","","","","","","","","","","","",Explosive,1,"","",0,"","",1,"","","","",0,"","","","","","",0,"","","","","","","","","","","","",PGIS,-9,-9,0,-9,""
197911130008,1979,11,13,"",0,"",162,8,Western Europe,Lisbon,Lisbon,38.725299,-9.150036,1,0,"","",1,1,1,-9,"","",0,0,0,6,Hostage Taking (Kidnapping),"","","","",7,Government (Diplomatic),45,"Diplomatic Personnel (outside of embassy, consulate)",Israeli Diplomatic service,"Ephraim Eldar, ambassador in Portugal",97,Israel,"","","","","","","","","","","","","","","","",Unknown,"","","","","","",0,"","",0,3,"","","","","","","","","","","",13,Unknown,"","","","","","","","","","","","","","","",1,"","",4,"","",0,"","","","",1,1,0,"","","",Portugal,0,"","","","","","","","","","","","",PGIS,-9,-9,1,1,""
198005130006,1980,5,13,"",0,"",162,8,Western Europe,Algarve,Unknown,37.182064,-7.950285,4,0,"","",1,1,1,0,"","",0,1,0,1,Assassination,"","","","",3,Police,25,Police Security Forces/Officers,paramilitary forces,policeman,162,Portugal,"","","","","","","","","","","","","","","","",Popular Forces of April 25,"","","","","","",0,"","",0,3,"","","","","","","","","","","",13,Unknown,"","","","","","","","","","","","","","","",1,"","",0,"","",0,"","","","",0,"","","","","","",0,"","","","","","","","","","","","",PGIS,0,0,0,0,""
198005140007,1980,5,14,"",0,"",162,8,Western Europe,Lisbon,Lisbon,38.725299,-9.150036,1,0,"","",1,1,1,0,"","",0,0,0,6,Hostage Taking (Kidnapping),"","","","",2,Government (General),18,"Government Personnel (excluding police, military)",Ministry of finance,"anibal cauaco e silva, finance minister",162,Portugal,"","","","","","","","","","","","","","","","",Popular Forces of April 25,"","","","","","",0,"","",0,"","","","","","","","","","","","",13,Unknown,"","","","","","","","","","","","","","","",0,"","",1,"","",0,"","","","",1,1,0,"","","",Portugal,1,0,"","","","","","","","","","","",PGIS,0,0,0,0,""
198009120020,1980,9,12,"",0,"",162,8,Western Europe,Lisbon,Lisbon,38.725299,-9.150036,1,0,"","",1,1,1,0,"","",0,1,0,3,Bombing/Explosion,"","","","",7,Government (Diplomatic),46,Embassy/Consulate,"","Office Building, one floor occupied by Chilean Embassy",43,Chile,"","","","","","","","","","","","","","","","",Unknown,"","","","","","",0,"","",0,"","","","","","","","","","","","",6,Explosives,16,Unknown Explosive Type,"","","","","","","","","","","","",Explosive,0,"","","","","",1,"","","","",0,"","","","","","",0,"","","","","","","","","","","","",PGIS,-9,-9,1,1,""
198009120021,1980,9,12,"",0,"",162,8,Western Europe,Porto,Porto,41.149968,-8.610243,1,0,"","",1,1,1,0,"","",0,1,0,3,Bombing/Explosion,"","","","",7,Government (Diplomatic),46,Embassy/Consulate,"",Building where Chilean Honorary Consul had office,43,Chile,"","","","","","","","","","","","","","","","",Unknown,"","","","","","",0,"","",0,"","","","","","","","","","","","",6,Explosives,16,Unknown Explosive Type,"","","","","","","","","","","","",Explosive,0,"","",0,"","",1,"","","","",0,"","","","","","",0,"","","","","","","","","","","","",PGIS,-9,-9,1,1,""
198010060001,1980,10,6,"",0,"",162,8,Western Europe,Lisbon,Malveira,38.93213,-9.25778,1,0,"","",1,1,1,0,"","",0,1,0,3,Bombing/Explosion,"","","","",1,Business,3,Bank/Commerce,"",Bank,162,Portugal,"","","","","","","","","","","","","","","","",Popular Forces of April 25,"","","","","","",0,"","",0,"","","","","","","","","","","","",6,Explosives,16,Unknown Explosive Type,"","","","","","","","","","","","",Explosive,1,"","",0,"","",1,4,Unknown,"","",0,"","","","","","",0,"","","","","","","","","","","","",PGIS,0,0,0,0,""
198010060002,1980,10,6,"",0,"",162,8,Western Europe,Lisbon,Malveira,38.93213,-9.25778,1,0,"","",1,1,1,0,"","",0,1,0,3,Bombing/Explosion,"","","","",1,Business,3,Bank/Commerce,"",Bank,162,Portugal,"","","","","","","","","","","","","","","","",Popular Forces of April 25,"","","","","","",0,"","",0,"","","","","","","","","","","","",6,Explosives,16,Unknown Explosive Type,"","","","","","","","","","","","",Explosive,1,"",1,0,"","",1,4,Unknown,"","Damages: explosion/robbery, extent of damage unknown, stole unknown amount of money (bank)",0,"","","","","","",0,"","","","","","","","","","","","",PGIS,0,0,0,0,""
198010060003,1980,10,6,"",0,"",162,8,Western Europe,Lisbon,Malveira,38.93213,-9.25778,1,0,"","",1,1,1,0,"","",0,1,0,3,Bombing/Explosion,"","","","",3,Police,22,"Police Building (headquarters, station, school)","",Police Barracks,162,Portugal,"","","","","","","","","","","","","","","","",Unknown,"","","","","","",0,"","",0,"","","","","","","","","","","","",6,Explosives,16,Unknown Explosive Type,"","","","","","","","","","","","",Explosive,"","","","","","",1,4,Unknown,"","",0,"","","","","","",0,"","","","","","","","","","","","",PGIS,-9,-9,0,-9,""
198010060008,1980,10,6,"",0,"",162,8,Western Europe,Porto,Porto,41.149968,-8.610243,1,0,"","",1,1,1,0,"","",0,1,0,2,Armed Assault,"","","","",2,Government (General),15,Politician or Political Party Movement/Meeting/Rally,"",Offices of Popular Democratic Union Party(UDP),162,Portugal,"","","","","","","","","","","","","","","","",Rightist supporters of Democratic Alliance,Rightist Supporters,"","","","","",0,"","",0,"","","","","","","","","","","","",5,Firearms,5,Unknown Gun Type,"","","","","","","","","","","","",Firearm,0,"","",8,"","",1,4,Unknown,"","",0,"","","","","","",0,"","","","","","","","","","","","",PGIS,0,0,0,0,""
198102020007,1981,2,2,"",0,"",162,8,Western Europe,Lisbon,Lisbon,38.725299,-9.150036,1,0,"","",1,1,1,0,"","",0,1,0,3,Bombing/Explosion,"","","","",7,Government (Diplomatic),46,Embassy/Consulate,"",Brazilian Embassy/Bank of Brazil,30,Brazil,"","","","","","","","","","","","","","","","",Unknown,"","","","","","",0,"","",0,"","","","","","","","","","","","",6,Explosives,16,Unknown Explosive Type,"","","","","","","","","","","","",Explosive,0,"","",1,"","",1,3,Minor (likely < $1 million),30000,"",0,"","","","","","",0,"","","","","","","","","","","","",PGIS,-9,-9,1,1,""
198104220002,1981,4,22,"",0,"",162,8,Western Europe,Lisbon,Lisbon,38.725299,-9.150036,1,0,"","",1,1,1,0,"","",0,1,0,7,Facility/Infrastructure Attack,"","","","",2,Government (General),14,Judge/Attorney/Court,"",Public Prosecutor's Office,162,Portugal,"","","","","","","","","","","","","","","","",Popular Forces of April 25,"","","","","","",0,"","",0,"","","","","","","","","","","","",8,Incendiary,"","","","","","","","","","","","","","",Incendiary,0,"","",0,"","",1,"","","",Damages: destroyed office in 18th century building,0,"","","","","","",0,"","","","","","","","","","","","",PGIS,0,0,0,0,""
198105000001,1981,5,0,"",0,"",162,8,Western Europe,Porto,Porto,41.149968,-8.610243,1,0,"","",1,1,1,0,"","",0,1,0,9,Unknown,"","","","",6,Airports & Aircraft,43,Airline Officer/Personnel,"",British Airways Office,216,Great Britain,"","","","","","","","","","","","","","","","",Popular Forces of April 25,"","","","","","",0,"","",0,"","","","","","","","","","","","",13,Unknown,"","","","","","","","","","","","","","",Raid,0,"","",0,"","",1,"","","","Damages: vandalism, slogans written on wall (office)",0,"","","","","","",0,"","","","","","","","","","","","",PGIS,0,1,1,1,""
198105060004,1981,5,6,"",0,"",162,8,Western Europe,Lisbon,Lisbon,38.725299,-9.150036,1,0,"","",1,1,1,0,"","",0,1,0,3,Bombing/Explosion,"","","","",14,Private Citizens & Property,82,Labor Union Related,"",Royal British Club,216,Great Britain,"","","","","","","","","","","","","","","","",Popular Forces of April 25,"","","","","","",0,"","",0,"","","","","","","","","","","","",6,Explosives,16,Unknown Explosive Type,"","","","","","","","","","","","",Explosive,0,"","",0,"","",1,"","","","Damages: explosion, damaged 2 cars (club)",0,"","","","","","",0,"","","","","","","","","","","","",PGIS,0,1,1,1,""
198106260003,1981,6,26,"",0,"",162,8,Western Europe,Lisbon,Lisbon,38.725299,-9.150036,1,0,"","",1,1,1,0,"","",0,0,0,1,Assassination,"","","","",1,Business,4,Multinational Corporation,SAPEC,"\"Manuel Sanchez Ingles, head of partly owned Belgian owned fertilizer Co \"\"S*\"",162,Portugal,"","","","","","","","","","","","","","","","",Popular Forces of April 25,"","","","","","",0,"","",0,10,"","","","","","","","","","","",5,Firearms,5,Unknown Gun Type,"","","","","","","","","","","","",Firearm,0,"","",0,"","",0,"","","","",0,"","","","","","",0,"","","","","","","","","","","","",PGIS,0,0,0,0,""
198107230002,1981,7,23,"",0,"",162,8,Western Europe,Lisbon,Cascais,38.697276,-9.421758,1,0,"","",1,1,1,0,"","",0,0,0,1,Assassination,"","","","",1,Business,4,Multinational Corporation,Standard Electric (Portugal Subsidiary of ITT),"Picarrade Oliveira and unk, executive and chauffeur","","","","","","","","","","","","","","","","","","",Popular Forces of April 25,"","","","","","",0,"","",0,2,"","","","","","","","","","","",5,Firearms,2,Automatic or Semi-Automatic Rifle,"","","","","","","","","","","","",Automatic firearm,0,"","",2,"","",0,"","","","",0,"","","","","","",0,"","","","","","","","","","","","",PGIS,0,-9,-9,-9,""
198109280004,1981,9,28,"",0,"",162,8,Western Europe,Evora,Estremoz,38.845506,-7.591683,1,0,"","",1,1,1,0,"","",0,0,0,3,Bombing/Explosion,"","","","",3,Police,22,"Police Building (headquarters, station, school)","",National Republican Guard Barracks (GNR),162,Portugal,"","","","","","","","","","","","","","","","",Popular Forces of April 25,"","","","","","",1,"","",0,"","","","","","","","","","","","",6,Explosives,16,Unknown Explosive Type,"","","","","","","","","","","","",Explosive,0,"","",0,"","",1,"","","","",0,"","","","","","",0,"","","","","","","","","","","","",PGIS,0,0,0,0,""
198110030002,1981,10,3,"",0,"",162,8,Western Europe,Lisbon,Lisbon,38.725299,-9.150036,1,0,"","",1,1,1,0,"","",0,1,0,3,Bombing/Explosion,"","","","",3,Police,23,Police Patrol (including vehicles and convoys),"",Paramilitary Police Patrol (national republican guard)- GNR,162,Portugal,"","","","","","","","","","","","","","","","",Popular Forces of April 25,"","","","","","",0,"","",0,"","","","","","","","","","","","",6,Explosives,16,Unknown Explosive Type,"","","","","","","","","","","","",Explosive,2,"","",0,"","",1,"","","","",0,"","","","","","",0,"","","","","","","","","","","","",PGIS,0,0,0,0,""
198111000001,1981,11,0,"",0,"",162,8,Western Europe,Castelo Branco,Covilha,40.28265,-7.503261,1,0,"","",1,1,1,0,"","",0,1,0,3,Bombing/Explosion,"","","","",3,Police,22,"Police Building (headquarters, station, school)","",Gendarmeric Barracks,162,Portugal,"","","","","","","","","","","","","","","","",Popular Forces of April 25,"","","","","","",0,"","",0,"","","","","","","","","","","","",6,Explosives,16,Unknown Explosive Type,"","","","","","","","","","","","",Explosive,"","","","","","",1,4,Unknown,"","",0,"","","","","","",0,"","","","","","","","","","","","",PGIS,0,0,0,0,""
198111000002,1981,11,0,"",0,"",162,8,Western Europe,Castelo Branco,Fundao,40.136932,-7.499456,1,0,"","",1,1,1,0,"","",0,1,0,3,Bombing/Explosion,"","","","",3,Police,22,"Police Building (headquarters, station, school)","",Gendarmeric Barracks,162,Portugal,"","","","","","","","","","","","","","","","",Popular Forces of April 25,"","","","","","",0,"","",0,"","","","","","","","","","","","",6,Explosives,16,Unknown Explosive Type,"","","","","","","","","","","","",Explosive,"","","","","","",1,4,Unknown,"","",0,"","","","","","",0,"","","","","","","","","","","","",PGIS,0,0,0,0,""
198206070002,1982,6,7,"",0,"",162,8,Western Europe,Lisbon,Linda-a-Velha,38.713067,-9.235518,1,0,"","",1,1,1,0,"","",0,1,0,1,Assassination,"","","","",7,Government (Diplomatic),45,"Diplomatic Personnel (outside of embassy, consulate)",Turkish Embassy,"Turkish Administrative Attache, Wife of Attache*",162,Portugal,"","","","","","","","","","","","","","","","",Justice Commandos for the Armenian Genocide,"","","","","","",0,"","",0,1,"","","","","","","","","","","",5,Firearms,3,Handgun,"","","","","","","","","","","","",Revolver,1,"","",1,"","",0,"","","","",0,"","","","","","",0,"","","","","","","","","","","","",PGIS,1,1,0,1,""
198206070005,1982,6,7,"",0,"",162,8,Western Europe,Lisbon,Lisbon,38.725299,-9.150036,1,0,"","",1,1,1,0,"","",0,1,0,1,Assassination,"","","","",14,Private Citizens & Property,77,Laborer (General)/Occupation Identified,"","Dipl. administrative attache Ekrut Akbay, wife",209,Turkey,"","","","","","","","","","","","","","","","",Justice Commandos for the Armenian Genocide,"","","","","","",0,"","",0,"","","","","","","","","","","","",5,Firearms,5,Unknown Gun Type,"","","","","","","","","","","","",Firearm,2,"","",0,"","",0,"","","","",0,"","","","","","",0,"","","","","","","","","","","","",Hyland,1,1,1,1,""
198210180007,1982,10,18,"",0,"",162,8,Western Europe,Lisbon,Lisbon,38.725299,-9.150036,1,0,"","",1,1,1,-9,"","",0,1,0,7,Facility/Infrastructure Attack,"","","","",7,Government (Diplomatic),46,Embassy/Consulate,"",Swiss Embassys,199,Switzerland,"","","","","","","","","","","","","","","","",Hungarian exile,"","","","","","",0,"","",0,1,"","","","","","","","","","","",8,Incendiary,19,Molotov Cocktail/Petrol Bomb,"","","","","","","","","","","","",Molotov cocktails,0,"","",0,"","",0,"","","","",0,"","","","","","",0,"","","","","","","","","","","","",PGIS,1,1,1,1,""
198304100003,1983,4,10,"",0,"",162,8,Western Europe,Faro,Albufeira,37.088991,-8.252283,1,0,"","",1,1,1,0,"","",0,1,0,1,Assassination,"","","","",17,Terrorists/Non-State Militia,93,Terrorist,plo's representaive to western europe,"issam sartaur, 48, heart surgeon",155,West Bank and Gaza Strip,"","","","","","","","","","","","","","","","",Abu Nidal Organization (ANO),"","","","","","",0,"","",0,"","","","","","","","","","","","",5,Firearms,3,Handgun,"","","","","","","","","","","","",Pistol,1,"","",1,"","",0,"","","","",0,"","","","","","",0,"","","","","","","","","","","","",PGIS,0,1,1,1,""
198307270011,1983,7,27,"",0,"",162,8,Western Europe,Lisbon,Lisbon,38.725299,-9.150036,1,0,"","",1,1,1,0,"","",0,1,0,3,Bombing/Explosion,"","","","",7,Government (Diplomatic),46,Embassy/Consulate,"",Turkish Embassy/Ambassador's residence(Avenue das Descobertas),209,Turkey,"","","","","","","","","","","","","","","","",Justice Commandos for the Armenian Genocide,"","","","","","",0,"","",0,5,"","","","","","","","","","","",6,Explosives,16,Unknown Explosive Type,5,Firearms,2,Automatic or Semi-Automatic Rifle,8,Incendiary,"","",5,Firearms,5,Unknown Gun Type,Automatic firearms; Explosives; Incendiary; Firearm,7,0,5,3,0,0,1,4,Unknown,"","",1,3,0,"","","","",0,"","","","","",7,Unknown,2,"","","","",PGIS,1,1,1,1,""
198310120001,1983,10,12,"",0,"",162,8,Western Europe,Lisbon,Lisbon,38.725299,-9.150036,1,0,"","",1,1,1,0,"","",0,1,0,3,Bombing/Explosion,"","","","",2,Government (General),14,Judge/Attorney/Court,"",Boa Hora Courthouse,162,Portugal,"","","","","","","","","","","","","","","","",Unknown,"","","","","","",0,"","",0,"","","","","","","","","","","","",6,Explosives,16,Unknown Explosive Type,"","","","","","","","","","","","",Explosive,0,"","",0,"","",1,"","","","",0,"","","","","","",0,"","","","","","","","","","","","",PGIS,-9,-9,0,-9,""
198312030001,1983,12,3,"",0,"",162,8,Western Europe,Leiria,Leiria,39.744344,-8.807254,1,0,"","",1,1,1,0,"","",0,1,0,3,Bombing/Explosion,"","","","",1,Business,3,Bank/Commerce,"",Branch of Banco de Espirits Santo e Conercial,162,Portugal,"","","","","","","","","","","","","","","","",Popular Forces of April 25,"","","","","","",0,"","",0,"","","","","","","","","","","","",6,Explosives,14,Time Fuse,"","","","","","","","","","","","",Explosive - timed,"","","","","","",1,"","","","",0,"","","","","","",0,"","","","","","","","","","","","",PGIS,0,0,0,0,""
198312060001,1983,12,6,"",0,"",162,8,Western Europe,Setubal,Cacilhas,38.686354,-9.148656,1,0,"","",1,1,1,0,"","",0,1,0,3,Bombing/Explosion,"","","","",20,Unknown,"","","",unknown,162,Portugal,"","","","","","","","","","","","","","","","",Popular Forces of April 25,"","","","","","",0,"","",0,"","","","","","","","","","","","",6,Explosives,16,Unknown Explosive Type,"","","","","","","","","","","","",Explosive,"","","","","","",1,4,Unknown,"","",0,"","","","","","",0,"","","","","","","","","","","","",PGIS,0,0,0,0,""
198312060002,1983,12,6,"",0,"",162,8,Western Europe,Setubal,Seixal,38.642862,-9.106503,1,0,"","",1,1,1,0,"","",0,1,0,3,Bombing/Explosion,"","","","",20,Unknown,"","","",unknown,162,Portugal,"","","","","","","","","","","","","","","","",Popular Forces of April 25,"","","","","","",0,"","",0,"","","","","","","","","","","","",6,Explosives,16,Unknown Explosive Type,"","","","","","","","","","","","",Explosive,"","","","","","",1,4,Unknown,"","",0,"","","","","","",0,"","","","","","","","","","","","",PGIS,0,0,0,0,""
198312060003,1983,12,6,"",0,"",162,8,Western Europe,Lisbon,Lisbon,38.725299,-9.150036,1,0,"","",1,1,1,0,"","",0,1,0,3,Bombing/Explosion,"","","","",20,Unknown,"","","",Unknown,162,Portugal,"","","","","","","","","","","","","","","","",Popular Forces of April 25,"","","","","","",0,"","",0,"","","","","","","","","","","","",6,Explosives,16,Unknown Explosive Type,"","","","","","","","","","","","",Explosive,"","","","","","",1,4,Unknown,"","",0,"","","","","","",0,"","","","","","","","","","","","",PGIS,0,0,0,0,""
198312060004,1983,12,6,"",0,"",162,8,Western Europe,Setubal,Setubal,38.524515,-8.893066,1,0,"","",1,1,1,0,"","",0,1,0,3,Bombing/Explosion,"","","","",20,Unknown,"","","",unknown,162,Portugal,"","","","","","","","","","","","","","","","",Popular Forces of April 25,"","","","","","",0,"","",0,"","","","","","","","","","","","",6,Explosives,16,Unknown Explosive Type,"","","","","","","","","","","","",Explosive,"","","","","","",1,4,Unknown,"","",0,"","","","","","",0,"","","","","","","","","","","","",PGIS,0,0,0,0,""
198312130001,1983,12,13,"",0,"",162,8,Western Europe,Lisbon,Lisbon,38.725299,-9.150036,1,0,"","",1,1,1,0,"","",0,1,0,3,Bombing/Explosion,"","","","",1,Business,3,Bank/Commerce,"",Branch of Banco de Espirito Santo e Conerical,162,Portugal,"","","","","","","","","","","","","","","","",Popular Forces of April 25,"","","","","","",0,"","",0,"","","","","","","","","","","","",6,Explosives,16,Unknown Explosive Type,"","","","","","","","","","","","",Explosive,"","","","","","",1,"","","","",0,"","","","","","",0,"","","","","","","","","","","","",PGIS,0,0,0,0,""
198404000002,1984,4,0,"",0,"",162,8,Western Europe,Evora,Evora,38.570983,-7.909602,1,0,"","",1,1,1,0,"","",0,1,0,3,Bombing/Explosion,"","","","",2,Government (General),15,Politician or Political Party Movement/Meeting/Rally,"",Home of Evora Council Official,162,Portugal,"","","","","","","","","","","","","","","","",Popular Forces of April 25,"","","","","","",0,"","",0,"","","","","","","","","","","","",6,Explosives,16,Unknown Explosive Type,"","","","","","","","","","","","",Explosive,0,"","",0,"","",1,4,Unknown,"","",0,"","","","","","",0,"","","","","","","","","","","","",PGIS,0,0,0,0,""
198404300001,1984,4,30,"",0,"",162,8,Western Europe,Lisbon,Sao Marcos,38.752121,-9.295433,1,0,"","",1,1,1,0,"","",0,1,0,1,Assassination,"","","","",14,Private Citizens & Property,76,House/Apartment/Residence,"","Home of wealthy landowner, Luis Dionisis Cirola",162,Portugal,"","","","","","","","","","","","","","","","",Popular Forces of April 25,"","","","","","",0,"","",0,"","","","","","","","","","","","",6,Explosives,16,Unknown Explosive Type,"","","","","","","","","","","","",Explosive,2,"","",0,"","",1,"","","","",0,"","","","","","",0,"","","","","","","","","","","","",PGIS,0,0,0,0,""
198405290006,1984,5,29,"",0,"",162,8,Western Europe,Lisbon,Lisbon,38.725299,-9.150036,1,0,"","",1,1,1,0,"","",0,1,0,1,Assassination,"","","","",1,Business,"","",Portugal,former fishing cmpany executive Rogerio da Cunha e Sa Canha (63),162,Portugal,"","","","","","","","","","","","","","","","",Popular Forces of April 25,"","","","","","",0,"","",0,2,"","","","","","","","","","","",5,Firearms,5,Unknown Gun Type,"","","","","","","","","","","","",Firearm,1,"","",0,"","",0,"","","","",0,"","","","","","",0,"","","","","","","","","","","","",PGIS,0,0,0,0,""
198409240001,1984,9,24,"",0,"",162,8,Western Europe,Evora,Montemor-o-Novo,38.644959,-8.215425,1,0,"","",1,1,1,0,"","",1,1,0,3,Bombing/Explosion,"","","","",14,Private Citizens & Property,76,House/Apartment/Residence,"",home of wealthy landowner,162,Portugal,"","","","","","","","","","","","","","","","",Popular Forces of April 25,"","","","","","",0,"","",0,"","","","","","","","","","","","",6,Explosives,16,Unknown Explosive Type,"","","","","","","","","","","","",Explosive,0,"","",4,"","",1,"","","","",0,"","","","","","",0,"","","","","","","","","","","","",PGIS,0,0,0,0,"198409240001, 198409240002, 198409240003"
198409240002,1984,9,24,"",0,"",162,8,Western Europe,Evora,Montemor-o-Novo,38.644959,-8.215425,1,0,"","",1,1,1,0,"","",1,1,0,3,Bombing/Explosion,"","","","",14,Private Citizens & Property,76,House/Apartment/Residence,"",home of wealthy landowner,162,Portugal,"","","","","","","","","","","","","","","","",Popular Forces of April 25,"","","","","","",0,"","",0,"","","","","","","","","","","","",6,Explosives,16,Unknown Explosive Type,"","","","","","","","","","","","",Explosive,0,"","",4,"","",1,"","","","",0,"","","","","","",0,"","","","","","","","","","","","",PGIS,0,0,0,0,"198409240001, 198409240002, 198409240003"
198409240003,1984,9,24,"",0,"",162,8,Western Europe,Evora,Montemor-o-Novo,38.644959,-8.215425,1,0,"","",1,1,1,0,"","",1,1,0,3,Bombing/Explosion,"","","","",14,Private Citizens & Property,76,House/Apartment/Residence,"",home of wealthy landowner,162,Portugal,"","","","","","","","","","","","","","","","",Popular Forces of April 25,"","","","","","",0,"","",0,"","","","","","","","","","","","",6,Explosives,16,Unknown Explosive Type,"","","","","","","","","","","","",Explosive,0,"","",4,"","",1,"","","","",0,"","","","","","",0,"","","","","","","","","","","","",PGIS,0,0,0,0,"198409240001, 198409240002, 198409240003"
198410150002,1984,10,15,"",0,"",162,8,Western Europe,Lisbon,Lisbon,38.725299,-9.150036,1,0,"","",1,1,1,0,"","",1,0,0,3,Bombing/Explosion,"","","","",1,Business,"","","",Business Firm,69,France,"","","","","","","","","","","","","","","","",Popular Forces of April 25,"","","","","","",0,"","",0,"","","","","","","","","","","","",6,Explosives,16,Unknown Explosive Type,"","","","","","","","","","","","",Explosive,0,"","",0,"","",0,"","","","",0,"","","","","","",0,"","","","","","","","","","","","",PGIS,0,1,1,1,"198410150002, 198410150003"
198410150003,1984,10,15,"",0,"",162,8,Western Europe,Lisbon,Lisbon,38.725299,-9.150036,1,0,"","",1,1,1,0,"","",1,0,0,3,Bombing/Explosion,"","","","",1,Business,"","","",Business Firm,69,France,"","","","","","","","","","","","","","","","",Popular Forces of April 25,"","","","","","",0,"","",0,"","","","","","","","","","","","",6,Explosives,16,Unknown Explosive Type,"","","","","","","","","","","","",Explosive,0,"","",0,"","",0,"","","","",0,"","","","","","",0,"","","","","","","","","","","","",PGIS,0,1,1,1,"198410150002, 198410150003"
198410150006,1984,10,15,"",0,"",162,8,Western Europe,Porto,Porto,41.149968,-8.610243,1,0,"","",1,1,1,0,"","",0,0,0,3,Bombing/Explosion,"","","","",1,Business,3,Bank/Commerce,Credit Franco-Portugais,French bank branch or insurance company,69,France,"","","","","","","","","","","","","","","","",Popular Forces of April 25,"","","","","","",0,"","",0,"","","","","","","","","","","","",6,Explosives,16,Unknown Explosive Type,"","","","","","","","","","","","",Explosive,0,"","",0,"","",1,"","","","",0,"","","","","","",0,"","","","","","","","","","","","",PGIS,0,1,1,1,""
198410150007,1984,10,15,"",0,"",162,8,Western Europe,Lisbon,Lisbon,38.725299,-9.150036,1,0,"","",1,1,1,0,"","",0,1,0,3,Bombing/Explosion,"","","","",1,Business,3,Bank/Commerce,"",French-Affiliated bank,69,France,"","","","","","","","","","","","","","","","",Popular Forces of April 25,"","","","","","",0,"","",0,"","","","","","","","","","","","",6,Explosives,16,Unknown Explosive Type,"","","","","","","","","","","","",Explosive,0,"","",0,"","",1,"","","","",0,"","","","","","",0,"","","","","","","","","","","","",PGIS,0,1,1,1,""
198410220001,1984,10,22,"",0,"",162,8,Western Europe,Evora,Evora,38.570983,-7.909602,1,0,"","",1,1,1,0,"","",0,1,0,3,Bombing/Explosion,"","","","",14,Private Citizens & Property,76,House/Apartment/Residence,"",Home of Landowner,162,Portugal,"","","","","","","","","","","","","","","","",Popular Forces of April 25,"","","","","","",1,"","",0,"","","","","","","","","","","","",6,Explosives,16,Unknown Explosive Type,"","","","","","","","","","","","",Explosive,0,"","",0,"","",1,"","","","Damages: explosion, broken windows, damaged several cards (residence)",0,"","","","","","",0,"","","","","","","","","","","","",PGIS,0,0,0,0,""
198411250004,1984,11,25,"",0,"",162,8,Western Europe,Lisbon,Lisbon,38.725299,-9.150036,1,0,"","",1,1,1,0,"","",0,1,0,3,Bombing/Explosion,"","","","",7,Government (Diplomatic),46,Embassy/Consulate,U.S.,Embassy,217,United States,"","","","","","","","","","","","","","","","",Popular Forces of April 25,"","","","","","",0,"","",0,"","","","","","","","","","","","",6,Explosives,11,"Projectile (rockets, mortars, RPGs, etc.)",6,Explosives,11,"Projectile (rockets, mortars, RPGs, etc.)","","","","","","","","",Mortars; Rocket,0,0,"",0,0,"",1,"","","","",0,"","","","","","",0,"","","","","","","","","","","","",PGIS,0,1,1,1,""
198412050001,1984,12,5,"",0,"",162,8,Western Europe,Setubal,Barreiro,38.660866,-9.078635,1,0,"","",1,1,1,0,"","",0,1,0,3,Bombing/Explosion,"","","","",20,Unknown,"","","",unknown,162,Portugal,"","","","","","","","","","","","","","","","",Popular Forces of April 25,"","","","","","",0,"","",0,"","","","","","","","","","","","",6,Explosives,16,Unknown Explosive Type,"","","","","","","","","","","","",Explosive,0,"","",1,"","",1,4,Unknown,"","",0,"","","","","","",0,"","","","","","","","","","","","",PGIS,0,0,0,0,""
198412090003,1984,12,9,"",0,"",162,8,Western Europe,Lisbon,Lisbon,38.725299,-9.150036,1,0,"","",1,1,1,0,"","",0,1,0,3,Bombing/Explosion,"","","","",4,Military,37,NATO,North Atlantic Treaty Organization (NATO),Iberian Atlantic Command Headquarters,422,International,"","","","","","","","","","","","","","","","",Popular Forces of April 25,"","","","","","",0,"","",0,"","","","","","","","","","","","",6,Explosives,11,"Projectile (rockets, mortars, RPGs, etc.)","","","","","","","","","","","","",Grenades - propelled (3),0,"","",0,"","",1,"","","","Damages: explosion(s)/RPGs, no damage to target, damaged vehicle, broke 2 windows of neighboring building (NATO Atlantic Command Headquarters)",0,"","","","","","",0,"","","","","","","","","","","","",PGIS,0,1,1,1,""
198501310001,1985,1,31,"",0,"",162,8,Western Europe,Beja,Beja,38.015624,-7.865237,1,0,"","",1,1,0,1,1,Insurgency/Guerilla Action,1,1,0,3,Bombing/Explosion,"","","","",4,Military,35,Military Transportation/Vehicle (excluding convoys),"","Privately owned vehicle of FRG Military Personnel stationed at NATO Base, *",75,Germany,"","","","","","","","","","","","","","","","",Unknown,"","","","","","",0,"","",0,"","","","","","","","","","","","",6,Explosives,16,Unknown Explosive Type,"","","","","","","","","","","","",Explosive,0,"","",1,"","",1,3,Minor (likely < $1 million),6000,"",0,"","","","","","",0,"","","","","","","","","","","","",PGIS,-9,-9,1,1,"198501310001, 198501310002, 198501310003, 198501310004, 198501310005, 198501310006, 198501310007, 198501310008"
198501310002,1985,1,31,"",0,"",162,8,Western Europe,Beja,Beja,38.015624,-7.865237,1,0,"","",1,1,0,1,1,Insurgency/Guerilla Action,1,1,0,3,Bombing/Explosion,"","","","",4,Military,35,Military Transportation/Vehicle (excluding convoys),"","Privately owned vehicle of FRG Military Personnel stationed at NATO Base, *",75,Germany,"","","","","","","","","","","","","","","","",Unknown,"","","","","","",0,"","",0,"","","","","","","","","","","","",6,Explosives,16,Unknown Explosive Type,"","","","","","","","","","","","",Explosive,0,"","",1,"","",1,3,Minor (likely < $1 million),6000,"",0,"","","","","","",0,"","","","","","","","","","","","",PGIS,-9,-9,1,1,"198501310001, 198501310002, 198501310003, 198501310004, 198501310005, 198501310006, 198501310007, 198501310008"
198501310003,1985,1,31,"",0,"",162,8,Western Europe,Beja,Beja,38.015624,-7.865237,1,0,"","",1,1,0,1,1,Insurgency/Guerilla Action,1,1,0,3,Bombing/Explosion,"","","","",4,Military,35,Military Transportation/Vehicle (excluding convoys),"","Privately owned vehicle of FRG Military Personnel stationed at NATO Base, *",75,Germany,"","","","","","","","","","","","","","","","",Unknown,"","","","","","",0,"","",0,"","","","","","","","","","","","",6,Explosives,16,Unknown Explosive Type,"","","","","","","","","","","","",Explosive,0,"","",1,"","",1,3,Minor (likely < $1 million),6000,"",0,"","","","","","",0,"","","","","","","","","","","","",PGIS,-9,-9,1,1,"198501310001, 198501310002, 198501310003, 198501310004, 198501310005, 198501310006, 198501310007, 198501310008"
198501310004,1985,1,31,"",0,"",162,8,Western Europe,Beja,Beja,38.015624,-7.865237,1,0,"","",1,1,0,1,1,Insurgency/Guerilla Action,1,1,0,3,Bombing/Explosion,"","","","",4,Military,35,Military Transportation/Vehicle (excluding convoys),"","Privately owned vehicle of FRG Military Personnel stationed at NATO Base, *",75,Germany,"","","","","","","","","","","","","","","","",Unknown,"","","","","","",0,"","",0,"","","","","","","","","","","","",6,Explosives,16,Unknown Explosive Type,"","","","","","","","","","","","",Explosive,0,"","",1,"","",1,3,Minor (likely < $1 million),6000,"",0,"","","","","","",0,"","","","","","","","","","","","",PGIS,-9,-9,1,1,"198501310001, 198501310002, 198501310003, 198501310004, 198501310005, 198501310006, 198501310007, 198501310008"
198501310005,1985,1,31,"",0,"",162,8,Western Europe,Beja,Beja,38.015624,-7.865237,1,0,"","",1,1,0,1,1,Insurgency/Guerilla Action,1,1,0,3,Bombing/Explosion,"","","","",4,Military,35,Military Transportation/Vehicle (excluding convoys),"","Privately owned vehicle of FRG Military Personnel stationed at NATO Base, *",75,Germany,"","","","","","","","","","","","","","","","",Unknown,"","","","","","",0,"","",0,"","","","","","","","","","","","",6,Explosives,16,Unknown Explosive Type,"","","","","","","","","","","","",Explosive,0,"","",1,"","",1,3,Minor (likely < $1 million),6000,"",0,"","","","","","",0,"","","","","","","","","","","","",PGIS,-9,-9,1,1,"198501310001, 198501310002, 198501310003, 198501310004, 198501310005, 198501310006, 198501310007, 198501310008"
198501310006,1985,1,31,"",0,"",162,8,Western Europe,Beja,Beja,38.015624,-7.865237,1,0,"","",1,1,0,1,1,Insurgency/Guerilla Action,1,1,0,3,Bombing/Explosion,"","","","",4,Military,35,Military Transportation/Vehicle (excluding convoys),"","Privately owned vehicle of FRG Military Personnel stationed at NATO Base, *",75,Germany,"","","","","","","","","","","","","","","","",Unknown,"","","","","","",0,"","",0,"","","","","","","","","","","","",6,Explosives,16,Unknown Explosive Type,"","","","","","","","","","","","",Explosive,0,"","",1,"","",1,3,Minor (likely < $1 million),6000,"",0,"","","","","","",0,"","","","","","","","","","","","",PGIS,-9,-9,1,1,"198501310001, 198501310002, 198501310003, 198501310004, 198501310005, 198501310006, 198501310007, 198501310008"
198501310007,1985,1,31,"",0,"",162,8,Western Europe,Beja,Beja,38.015624,-7.865237,1,0,"","",1,1,0,1,1,Insurgency/Guerilla Action,1,1,0,3,Bombing/Explosion,"","","","",4,Military,35,Military Transportation/Vehicle (excluding convoys),"","Privately owned vehicle of FRG Military Personnel stationed at NATO Base, *",75,Germany,"","","","","","","","","","","","","","","","",Unknown,"","","","","","",0,"","",0,"","","","","","","","","","","","",6,Explosives,16,Unknown Explosive Type,"","","","","","","","","","","","",Explosive,0,"","",1,"","",1,3,Minor (likely < $1 million),6000,"",0,"","","","","","",0,"","","","","","","","","","","","",PGIS,-9,-9,1,1,"198501310001, 198501310002, 198501310003, 198501310004, 198501310005, 198501310006, 198501310007, 198501310008"
198501310008,1985,1,31,"",0,"",162,8,Western Europe,Beja,Beja,38.015624,-7.865237,1,0,"","",1,1,0,1,1,Insurgency/Guerilla Action,1,1,0,3,Bombing/Explosion,"","","","",4,Military,35,Military Transportation/Vehicle (excluding convoys),"","Privately owned vehicle of FRG Military Personnel stationed at NATO Base, *",75,Germany,"","","","","","","","","","","","","","","","",Unknown,"","","","","","",0,"","",0,"","","","","","","","","","","","",6,Explosives,16,Unknown Explosive Type,"","","","","","","","","","","","",Explosive,0,"","",1,"","",1,3,Minor (likely < $1 million),6000,"",0,"","","","","","",0,"","","","","","","","","","","","",PGIS,-9,-9,1,1,"198501310001, 198501310002, 198501310003, 198501310004, 198501310005, 198501310006, 198501310007, 198501310008"
198503110001,1985,3,11,"",0,"",162,8,Western Europe,Lisbon,Lisbon,38.725299,-9.150036,1,0,"","",1,1,1,0,"","",1,1,0,3,Bombing/Explosion,"","","","",1,Business,"","","",Businesses,69,France,"","","","","","","","","","","","","","","","",Popular Forces of April 25,"","","","","","",0,"","",0,"","","","","","","","","","","","",6,Explosives,16,Unknown Explosive Type,"","","","","","","","","","","","",Explosive,0,"","",0,"","",1,"","","","",0,"","","","","","",0,"","","","","","","","","","","","",PGIS,0,1,1,1,"198503110001, 198503110002, 198503110003, 198503110004, 198503110005, 198503110006, 198503110007"
198503110002,1985,3,11,"",0,"",162,8,Western Europe,Lisbon,Lisbon,38.725299,-9.150036,1,0,"","",1,1,1,0,"","",1,1,0,3,Bombing/Explosion,"","","","",1,Business,"","","",Businesses,69,France,"","","","","","","","","","","","","","","","",Popular Forces of April 25,"","","","","","",0,"","",0,"","","","","","","","","","","","",6,Explosives,16,Unknown Explosive Type,"","","","","","","","","","","","",Explosive,0,"","",0,"","",1,"","","","",0,"","","","","","",0,"","","","","","","","","","","","",PGIS,0,1,1,1,"198503110001, 198503110002, 198503110003, 198503110004, 198503110005, 198503110006, 198503110007"
198503110003,1985,3,11,"",0,"",162,8,Western Europe,Lisbon,Lisbon,38.725299,-9.150036,1,0,"","",1,1,1,0,"","",1,1,0,3,Bombing/Explosion,"","","","",1,Business,"","","",Businesses,69,France,"","","","","","","","","","","","","","","","",Popular Forces of April 25,"","","","","","",0,"","",0,"","","","","","","","","","","","",6,Explosives,16,Unknown Explosive Type,"","","","","","","","","","","","",Explosive,0,"","",0,"","",1,"","","","",0,"","","","","","",0,"","","","","","","","","","","","",PGIS,0,1,1,1,"198503110001, 198503110002, 198503110003, 198503110004, 198503110005, 198503110006, 198503110007"
198503110004,1985,3,11,"",0,"",162,8,Western Europe,Lisbon,Lisbon,38.725299,-9.150036,1,0,"","",1,1,1,0,"","",1,1,0,3,Bombing/Explosion,"","","","",1,Business,"","","",Businesses,69,France,"","","","","","","","","","","","","","","","",Popular Forces of April 25,"","","","","","",0,"","",0,"","","","","","","","","","","","",6,Explosives,16,Unknown Explosive Type,"","","","","","","","","","","","",Explosive,0,"","",0,"","",1,"","","","",0,"","","","","","",0,"","","","","","","","","","","","",PGIS,0,1,1,1,"198503110001, 198503110002, 198503110003, 198503110004, 198503110005, 198503110006, 198503110007"
198503110005,1985,3,11,"",0,"",162,8,Western Europe,Lisbon,Lisbon,38.725299,-9.150036,1,0,"","",1,1,1,0,"","",1,1,0,3,Bombing/Explosion,"","","","",1,Business,"","","",Businesses,69,France,"","","","","","","","","","","","","","","","",Popular Forces of April 25,"","","","","","",0,"","",0,"","","","","","","","","","","","",6,Explosives,16,Unknown Explosive Type,"","","","","","","","","","","","",Explosive,0,"","",0,"","",1,"","","","",0,"","","","","","",0,"","","","","","","","","","","","",PGIS,0,1,1,1,"198503110001, 198503110002, 198503110003, 198503110004, 198503110005, 198503110006, 198503110007"
198503110006,1985,3,11,"",0,"",162,8,Western Europe,Lisbon,Lisbon,38.725299,-9.150036,1,0,"","",1,1,1,0,"","",1,1,0,3,Bombing/Explosion,"","","","",1,Business,"","","",Businesses,69,France,"","","","","","","","","","","","","","","","",Popular Forces of April 25,"","","","","","",0,"","",0,"","","","","","","","","","","","",6,Explosives,16,Unknown Explosive Type,"","","","","","","","","","","","",Explosive,0,"","",0,"","",1,"","","","",0,"","","","","","",0,"","","","","","","","","","","","",PGIS,0,1,1,1,"198503110001, 198503110002, 198503110003, 198503110004, 198503110005, 198503110006, 198503110007"
198503110007,1985,3,11,"",0,"",162,8,Western Europe,Lisbon,Lisbon,38.725299,-9.150036,1,0,"","",1,1,1,0,"","",1,1,0,3,Bombing/Explosion,"","","","",1,Business,"","","",Businesses,69,France,"","","","","","","","","","","","","","","","",Popular Forces of April 25,"","","","","","",0,"","",0,"","","","","","","","","","","","",6,Explosives,16,Unknown Explosive Type,"","","","","","","","","","","","",Explosive,0,"","",0,"","",1,"","","","",0,"","","","","","",0,"","","","","","","","","","","","",PGIS,0,1,1,1,"198503110001, 198503110002, 198503110003, 198503110004, 198503110005, 198503110006, 198503110007"
198503140002,1985,3,14,"",0,"",162,8,Western Europe,Lisbon,Lisbon,38.725299,-9.150036,1,0,"","",1,1,1,0,"","",0,1,0,3,Bombing/Explosion,"","","","",1,Business,"","","","Headquarters, Landlords' Association",162,Portugal,"","","","","","","","","","","","","","","","",Popular Forces of April 25,"","","","","","",0,"","",0,"","","","","","","","","","","","",6,Explosives,16,Unknown Explosive Type,"","","","","","","","","","","","",Explosive,0,"","",0,"","",1,"","","","",0,"","","","","","",0,"","","","","","","","","","","","",PGIS,0,0,0,0,""
198505070003,1985,5,7,"",0,"",162,8,Western Europe,Santarem,Gloria do Ribatejo,39.04222,-8.643086,1,0,"","",1,1,1,0,"","",0,1,0,3,Bombing/Explosion,"","","","",10,Journalists & Media,54,Radio Journalist/Staff/Facility,"",Radio Free Europe Station,217,United States,"","","","","","","","","","","","","","","","",Unknown,"","","","","","",0,"","",0,"","","","","","","","","","","","",6,Explosives,16,Unknown Explosive Type,"","","","","","","","","","","","",Explosive,"","","","","","",0,3,Minor (likely < $1 million),0,"",0,"","","","","","",0,"","","","","","","","","","","","",PGIS,-9,-9,1,1,""
198507190009,1985,7,19,"",0,"",162,8,Western Europe,Lisbon,Lisbon,38.725299,-9.150036,1,0,"","",1,1,1,0,"","",0,1,0,1,Assassination,"","","","",14,Private Citizens & Property,"","","",Key witness in largest terrrorist trial ever Jose Manuel Barradas,162,Portugal,"","","","","","","","","","","","","","","","",Popular Forces of April 25,"","","","","","",1,"","",0,"","","","","","","","","","","","",5,Firearms,5,Unknown Gun Type,"","","","","","","","","","","","",Firearm,1,"","",0,"","",0,"","","","",0,"","","","","","",0,"","","","","","","","","","","","",PGIS,0,0,0,0,""
198507270003,1985,7,27,"",0,"",162,8,Western Europe,Lisbon,Lisbon,38.725299,-9.150036,1,0,"","",1,1,1,0,"","",0,1,0,3,Bombing/Explosion,"","","","",7,Government (Diplomatic),46,Embassy/Consulate,"",Embassy,183,South Africa,"","","","","","","","","","","","","","","","",Revolutionary Autonomous Group,"","","","","","",0,"","",0,"","","","","","","","","","","","",6,Explosives,16,Unknown Explosive Type,"","","","","","","","","","","","",Explosive,0,"","",0,"","",1,"","","","Damages: explosion, damaged building (Embassy)",0,"","","","","","",0,"","","","","","","","","","","","",PGIS,0,1,1,1,""
198512230006,1985,12,23,"",0,"",162,8,Western Europe,Lisbon,Lisbon,38.725299,-9.150036,1,0,"","",1,1,1,0,"","",0,1,0,3,Bombing/Explosion,"","","","",6,Airports & Aircraft,43,Airline Officer/Personnel,"",Iberia (Spanish Airline) ticket Office,185,Spain,"","","","","","","","","","","","","","","","",Unknown,"","","","","","",0,"","",0,"","","","","","","","","","","","",6,Explosives,16,Unknown Explosive Type,"","","","","","","","","","","","",Explosive,0,"","",0,"","",1,3,Minor (likely < $1 million),20000,"",0,"","","","","","",0,"","","","","","","","","","","","",PGIS,-9,-9,1,1,""
198602180003,1986,2,18,"",0,"",162,8,Western Europe,Lisbon,Lisbon,38.725299,-9.150036,1,0,"","",1,1,1,0,"","",0,1,0,1,Assassination,"","","","",3,Police,25,Police Security Forces/Officers,Prison Service,"Fernando Gaspar Castelo-Branco, Director General",162,Portugal,"","","","","","","","","","","","","","","","",Popular Forces of April 25,"","","","","","",0,"","",0,2,"","","","","","","","","","","",5,Firearms,5,Unknown Gun Type,"","","","","","","","","","","","",Firearm,1,"","",0,"","",0,"","","","",0,"","","","","","",0,"","","","","","","","","","","","",PGIS,0,0,0,0,""
198602180004,1986,2,18,"",0,"",162,8,Western Europe,Lisbon,Lisbon,38.725299,-9.150036,1,0,"","",1,1,1,0,"","",0,1,0,3,Bombing/Explosion,"","","","",7,Government (Diplomatic),45,"Diplomatic Personnel (outside of embassy, consulate)","",car of Embassy security chief (at Embassy),217,United States,"","","","","","","","","","","","","","","","",Unknown,"","","","","","",0,"","",0,"","","","","","","","","","","","",6,Explosives,15,Vehicle,6,Explosives,16,Unknown Explosive Type,"","","","","","","","",Explosive; Car bomb,0,"","",0,"","",1,"","","","",0,"","","","","","",0,"","","","","","","","","","","","",PGIS,-9,-9,1,1,""
198604100001,1986,4,10,"",0,"",162,8,Western Europe,Lisbon,Lisbon,38.725299,-9.150036,1,0,"","",1,1,1,0,"","",0,1,0,3,Bombing/Explosion,"","","","",6,Airports & Aircraft,43,Airline Officer/Personnel,"",Air France Office,69,France,"","","","","","","","","","","","","","","","",Action Directe,"","","","","","",0,"","",0,"","","","","","","","","","","","",6,Explosives,16,Unknown Explosive Type,"","","","","","","","","","","","",Explosive,0,"","",0,"","",1,"","","","",0,"","","","","","",0,"","","","","","","","","","","","",PGIS,1,0,1,1,""
198605170002,1986,5,17,"",0,"",162,8,Western Europe,Lisbon,Lisbon,38.725299,-9.150036,1,0,"","",1,1,0,1,1,Insurgency/Guerilla Action,0,1,0,3,Bombing/Explosion,"","","","",4,Military,37,NATO,NATO Command Post,U.S. secy Weinberg scheduled to arrive,217,United States,"","","","","","","","","","","","","","","","",Popular Forces of April 25,"","","","","","",1,"","",0,"","","","","","","","","","","","",6,Explosives,11,"Projectile (rockets, mortars, RPGs, etc.)","","","","","","","","","","","","",Mortar,0,"","",0,"","",0,"","","","",0,"","","","","","",0,"","","","","","","","","","","","",PGIS,0,1,1,1,""
198607140002,1986,7,14,"",0,"",162,8,Western Europe,Setubal,Setubal,38.524515,-8.893066,1,0,"","",1,1,1,0,"","",0,1,0,3,Bombing/Explosion,"","","","",2,Government (General),21,Government Building/Facility/Office,"",post office,162,Portugal,"","","","","","","","","","","","","","","","",Popular Forces of April 25,"","","","","","",0,"","",0,"","","","","","","","","","","","",6,Explosives,16,Unknown Explosive Type,"","","","","","","","","","","","",Explosive,0,"","",0,"","",1,"","","","",0,"","","","","","",0,"","","","","","","","","","","","",PGIS,0,0,0,0,""
198607140003,1986,7,14,"",0,"",162,8,Western Europe,Evora,Evora,38.570983,-7.909602,1,0,"","",1,1,1,0,"","",0,1,0,3,Bombing/Explosion,"","","","",15,Religious Figures/Institutions,86,Place of Worship,"",A Chapel and home of a prominent family,162,Portugal,"","","","","","","","","","","","","","","","",Revolutionary Organization of People in Arms (ORPA),"","","","","","",0,"","",0,"","","","","","","","","","","","",6,Explosives,16,Unknown Explosive Type,"","","","","","","","","","","","",Explosive,0,"","",0,"","",1,4,Unknown,"","",0,"","","","","","",0,"","","","","","","","","","","","",PGIS,1,1,0,1,""
198607150002,1986,7,15,"",0,"",162,8,Western Europe,Lisbon,Lisbon,38.725299,-9.150036,1,0,"","",1,1,1,-9,"","",0,1,0,3,Bombing/Explosion,"","","","",1,Business,"","","",Cars belonging to Administrator of Entreposto company,162,Portugal,"","","","","","","","","","","","","","","","",Unknown,"","","","","","",0,"","",0,"","","","","","","","","","","","",6,Explosives,16,Unknown Explosive Type,"","","","","","","","","","","","",Explosive,0,"","",0,"","",1,"","","","",0,"","","","","","",0,"","","","","","","","","","","","",PGIS,-9,-9,0,-9,""
198607150003,1986,7,15,"",0,"",162,8,Western Europe,Evora,Evora,38.570983,-7.909602,1,0,"","",1,1,1,0,"","",1,1,0,3,Bombing/Explosion,"","","","",2,Government (General),18,"Government Personnel (excluding police, military)","",house of count of Atalaia,162,Portugal,14,Private Citizens & Property,"","","",property of a cattleman,162,Portugal,"","","","","","","","",Popular Forces of April 25,"","","","","","",1,"","",0,"","","","","","","","","","","","",6,Explosives,16,Unknown Explosive Type,"","","","","","","","","","","","",Explosive,0,"","",0,"","",1,"","","","",0,"","","","","","",0,"","","","","","","","","","","","",PGIS,0,0,0,0,"198607150003, 198607150004"
198607150004,1986,7,15,"",0,"",162,8,Western Europe,Evora,Evora,38.570983,-7.909602,1,0,"","",1,1,1,0,"","",1,1,0,3,Bombing/Explosion,"","","","",2,Government (General),18,"Government Personnel (excluding police, military)","",house of count of Atalaia,162,Portugal,14,Private Citizens & Property,"","","",property of a cattleman,162,Portugal,"","","","","","","","",Popular Forces of April 25,"","","","","","",1,"","",0,"","","","","","","","","","","","",6,Explosives,16,Unknown Explosive Type,"","","","","","","","","","","","",Explosive,0,"","",0,"","",1,"","","","",0,"","","","","","",0,"","","","","","","","","","","","",PGIS,0,0,0,0,"198607150004, 198607150003"
198608280015,1986,8,28,"",0,"",162,8,Western Europe,Lisbon,Lisbon,38.725299,-9.150036,1,0,"","",1,1,0,1,1,Insurgency/Guerilla Action,0,1,0,3,Bombing/Explosion,"","","","",4,Military,35,Military Transportation/Vehicle (excluding convoys),"",Army Captains car,162,Portugal,"","","","","","","","","","","","","","","","",Unknown,"","","","","","",0,"","",0,"","","","","","","","","","","","",6,Explosives,16,Unknown Explosive Type,"","","","","","","","","","","","",Explosive,0,"","",1,"","",1,"","","","Damages: explosion, destroyed vehicle, damaged nearby buildings",0,"","","","","","",0,"","","","","","","","","","","","",PGIS,-9,-9,0,-9,""
198609010006,1986,9,1,"",0,"",162,8,Western Europe,Faro,Faro,37.01808,-7.928491,1,0,"","",1,1,1,0,"","",0,1,0,3,Bombing/Explosion,"","","","",18,Tourists,98,Other Facility,"",seaside tourist complexes,162,Portugal,"","","","","","","","","","","","","","","","",Armed Commandos for Liberation,"","","","","","",0,"","",0,"","","","","","","","","","","","",6,Explosives,16,Unknown Explosive Type,"","","","","","","","","","","","",Explosive,0,"","",0,"","",1,"","","","Damages: explosion, destroyed facade, damaged buildings (tourist complexes)",0,"","","","","","",0,"","","","","","","","","","","","",PGIS,-9,-9,0,-9,""
198804220014,1988,4,22,"",0,"",162,8,Western Europe,Lisbon,Lisbon,38.725299,-9.150036,1,0,"","",1,0,1,1,3,Intra/Inter-group Conflict,0,1,0,1,Assassination,"","","","",22,Violent Political Party,109,Party Official/Candidate/Other Personnel,Mozambique National Resistance (RENAMO),Member: Evo Fernandes,137,Mozambique,"","","","","","","","","","","","","","","","",Unknown,"","","","","","",0,"","",0,"","","","","","","","","","","","",5,Firearms,3,Handgun,"","","","","","","","","","","","",Pistol,1,"","",0,"","",0,"","","","",0,"","","","","","",0,"","","","","","","","","","","","",PGIS,-9,-9,1,1,""
198812130007,1988,12,13,"",0,"",162,8,Western Europe,Lisbon,Lisbon,38.725299,-9.150036,1,0,"","",1,1,1,0,"","",0,1,0,3,Bombing/Explosion,"","","","",14,Private Citizens & Property,79,"Public Area (garden, parking lot, garage, beach, public building, camp)",Govt,Street (Norton de Matos Avenue),162,Portugal,"","","","","","","","","","","","","","","","",Anti-Capitalist Brigades,"","","","","","",0,"","",0,"","","","","","","","","","","","",6,Explosives,15,Vehicle,"","","","","","","","","","","","",Explosive,1,"","",0,"","",1,"","","","",0,"","","","","","",0,"","","","","","","","","","","","",PGIS,0,0,0,0,""
198910280001,1989,10,28,"",0,"",162,8,Western Europe,Lisbon,Lisbon,38.725299,-9.150036,1,0,"","",1,1,1,0,"","",0,1,0,1,Assassination,"","","","",2,Government (General),15,Politician or Political Party Movement/Meeting/Rally,Revolutionary Socialist Party,Leader Jose da Carvalho,162,Portugal,"","","","","","","","","","","","","","","","",Neo-Nazi extremists,"","","","","","",0,"","",0,"","","","","","","","","","","","",9,Melee,23,Knife or Other Sharp Object,"","","","","","","","","","","","",Knife,1,"","",0,"","",0,"","","","",0,"","","","","","",0,"","","","","","","","","","","","",PGIS,-9,-9,0,-9,""
199202220002,1992,2,22,"",0,"",162,8,Western Europe,Porto,Borba de Godim,41.318469,-8.145236,1,0,"","",1,1,1,-9,"","",0,0,0,1,Assassination,"","","","",1,Business,"","",Bus Company,Engineer,162,Portugal,"","","","","","","","","","","","","","","","",Unknown,"","","","","","",0,"","",0,"","","","","","","","","","","","",13,Unknown,"","","","","","","","","","","","","","","",0,"","",1,"","",1,3,Minor (likely < $1 million),15000,"",0,"","","","","","",0,"","","","","","","","","","","","",PGIS,-9,-9,0,-9,""
199409130002,1994,9,13,"",0,"",162,8,Western Europe,Braganca,Braganca,41.807175,-6.759191,1,0,"","",1,1,1,-9,"","",0,1,0,2,Armed Assault,"","","","",3,Police,23,Police Patrol (including vehicles and convoys),Police,Police patrol,162,Portugal,"","","","","","","","","","","","","","","","",Unknown,"","","","","","",0,"","",0,"","","","","","","","","","","","",5,Firearms,5,Unknown Gun Type,"","","","","","","","","","","","","",2,"","",0,"","",1,"","","","",0,"","","","","","",0,"","","","","","","","","","","","",PGIS,-9,-9,0,-9,""
199506110002,1995,6,11,"",0,"",162,8,Western Europe,Lisbon,Lisbon,38.725299,-9.150036,1,0,"","",1,1,1,0,"","",0,1,0,9,Unknown,"","","","",14,Private Citizens & Property,78,"Procession/Gathering (funeral, wedding, birthday, religious)","",Race Attack,162,Portugal,"","","","","","","","","","","","","","","","",Unknown,"","","","","","",0,"","",0,"","","","","","","","","","","","",13,Unknown,"","","","","","","","","","","","","","","",0,"","",12,"","",0,"","","","",0,"","","","","","",0,"","","","","","","","","","","","",PGIS,-9,-9,0,-9,""
199506170010,1995,6,17,"",0,"",162,8,Western Europe,Lisbon,Lisbon,38.725299,-9.150036,1,0,"","",1,1,1,-9,"","",0,1,0,9,Unknown,"","","","",14,Private Citizens & Property,78,"Procession/Gathering (funeral, wedding, birthday, religious)","",Race Attack,162,Portugal,"","","","","","","","","","","","","","","","",Unknown,"","","","","","",0,"","",0,"","","","","","","","","","","","",13,Unknown,"","","","","","","","","","","","","","","",0,"","",2,"","",0,"","","","",0,"","","","","","",0,"","","","","","","","","","","","",PGIS,-9,-9,0,-9,""
199506280006,1995,6,28,"",0,"",162,8,Western Europe,Lisbon,Lisbon,38.725299,-9.150036,1,0,"","",1,1,1,-9,"","",0,1,0,9,Unknown,"","","","",14,Private Citizens & Property,71,Race/Ethnicity Identified,"",white youth,162,Portugal,"","","","","","","","","","","","","","","","",Unknown,"","","","","","",0,"","",0,"","","","","","","","","","","","",13,Unknown,"","","","","","","","","","","","","","","",0,"","",1,"","",0,"","","","",0,"","","","","","",0,"","","","","","","","","","","","",PGIS,-9,-9,0,-9,""
