200202050002,2002,2,2,"",0,"",231,11,Sub-Saharan Africa,Matabeleland North,Unknown,-18.533157,27.549585,4,0,This attack occurred in an unspecified location in the Matabeland North Province.,"02/07/2002: An unknown number of youth members of the National Youth Service of Zimbabwe, a training service supported by the government of Zimbabwe, attacked an unknown number of civilians and damaged stores owned by a campaigner for the opposition party, the Movement for Democratic Change.",1,1,1,0,"","",0,1,0,9,Unknown,"","","","",2,Government (General),15,Politician or Political Party Movement/Meeting/Rally,"",Businesses owned by a member of the opposition political party in Zimbabwe,231,Zimbabwe,14,Private Citizens & Property,67,Unnamed Civilian/Unspecified,Civilians,Civilians in the area of the Cross-Dete Shopping Center.,231,Zimbabwe,"","","","","","","","",National Youth Service of Zimbabwe,"","","","","",Unknown,0,"","",0,"","",-9,"","","","","","","","",-9,13,Unknown,"","","","","","","","","","","","","","","","",0,"","",0,"",1,3,Minor (likely < $1 million),"","",0,"","","","","","","","","","","","","","","","","\"\"\"Zimbabwe: MDC legislators flee ZANU-PF militia; 'New heights' of terror noted","\"\" The Financial Gazette",February 07,"2002.\"","","",CETIS,0,0
198004180012,1980,4,18,"",0,"",231,11,Sub-Saharan Africa,Salisbury,Salisbury,-17.825166,31.03351,1,0,"","",1,1,1,-9,"","",0,1,0,3,Bombing/Explosion,"","","","",14,Private Citizens & Property,67,Unnamed Civilian/Unspecified,"",Crowd,403,Rhodesia,"","","","","","","","","","","","","","","","",Unknown,"","","","","","",0,"","",0,"","","","","","","","","","","","",6,Explosives,7,Grenade,"","","","","","","","","","","","",Grenade,0,"","",3,"","",1,4,Unknown,"","",0,"","","","","","",0,"","","","","","","","","","","","",PGIS,-9,-9,1,1,""
200202070006,2002,2,7,02/07/2002,0,"",231,11,Sub-Saharan Africa,Matabeleland North,Lupane,-18.932017,27.761539,1,0,"","02/07/2002: In Lupane, Zimbabwe, two individuals campaigning for the opposition party titled the Movement for Democratic Change were attacked by unknown supporters of the ruling party ZANU PF. The report claimed that the two individuals fled the area following the attack. A specific date for this incident was not reported; however, it was suggested that this attack occurred on or around 2/7/2002.",1,1,1,0,"","",0,1,0,2,Armed Assault,"","","","",14,Private Citizens & Property,84,Political Party Member/Rally,Movement for Democratic Change,Two campaigners for the Movement for Democratic Change,231,Zimbabwe,"","","","","","","","","","","","","","","","",Unknown,"","","","","",Unknown,0,"","",0,"","",0,"","","","","","","","","",5,Firearms,5,Unknown Gun Type,"","","","","","","","","","","","","",0,0,0,"",0,"",-9,4,Unknown,"","",0,"","","","","","","","","","","","","","","","","\"\"\"Zimbabwe: MDC legislators flee ZANU-PF militia; 'New heights' of terror noted","\"\" The Financial Gazette",February 07,"2002.\"","\"\"\"Three MPs shot at",assaulted,arrested,says MDC,"\"\" Deutsche Presse-Agentur"
198004180013,1980,4,18,"",0,"",231,11,Sub-Saharan Africa,Salisbury,Salisbury,-17.825166,31.03351,1,0,"","",1,1,1,0,"","",0,1,0,3,Bombing/Explosion,"","","","",3,Police,25,Police Security Forces/Officers,"",Police (Investigating scene of previous blast),403,Rhodesia,"","","","","","","","","","","","","","","","",Unknown,"","","","","","",0,"","",0,"","","","","","","","","","","","",6,Explosives,7,Grenade,"","","","","","","","","","","","",Grenade,"","","","","","",1,4,Unknown,"","",0,"","","","","","",0,"","","","","","","","","","","","",PGIS,-9,-9,1,1,""
200202110010,2002,2,11,"",0,"",231,11,Sub-Saharan Africa,Bulawayo,Bulawayo,-20.120995,28.62729,1,0,The offices of the Daily News in the city center of Bulawayo,"2/11/2002: Three unidentified assailants threw two petrol bombs at the offices of the Daily News in Bulawayo, Bulawayo province, Zimbabwe.  No one was injured in the attack, although the bombs caused some material damage to the office.  No group claimed responsibility for the attack.",1,1,1,0,"","",1,1,0,7,Facility/Infrastructure Attack,"","","","",10,Journalists & Media,53,Newspaper Journalist/Staff/Facility,The Daily News,The offices of the Daily News,231,Zimbabwe,"","","","","","","","","","","","","","","","",Unknown,"","","","","","Specific motive is unknown; however, the attack occurred during the lead-up to elections.",0,"","",0,3,0,0,"","","","","","","","","",8,Incendiary,20,Gasoline or Alcohol,"","","","","","","","","","","","",Two petrol bombs,0,0,0,0,0,0,1,4,Unknown,"",The front entrance suffered some minor damage,0,"","","","","","","","","","","","","","","","","\"\"\"Zimbabwe vetting EU poll observer","\"\" CNN",February 11,"2002.\"","\"\"\"Zimbabwe radio reports firebombing of newspaper offices","\"\" ZBC Radio",February 11,"2002.\"","\"\"\"Saja Condemns Attack on Zim's Daily News"
198006230006,1980,6,23,"",0,"",231,11,Sub-Saharan Africa,Salisbury,Salisbury,-17.825166,31.03351,1,0,"","",1,1,1,0,"","",0,0,0,1,Assassination,"","","","",22,Violent Political Party,109,Party Official/Candidate/Other Personnel,Zimbabwe African National Union (ZANU),Founder: Reverend Ndabaningi Sithole,403,Rhodesia,"","","","","","","","","","","","","","","","",Unknown,"","","","","","",0,"","",0,17,"","","","","","","","","","","",5,Firearms,2,Automatic or Semi-Automatic Rifle,"","","","","","","","","","","","",Automatic firearm; Truck,1,"","",0,"","",0,"","","","",0,"","","","","","",0,"","","","","","","","","","","","",PGIS,-9,-9,1,1,""
200202110011,2002,2,11,"",0,"",231,11,Sub-Saharan Africa,Bulawayo,Bulawayo,-20.120995,28.62729,1,0,The printing house of Daily Print in the city center of Bulawayo,"2/11/2002: Three unidentified assailants threw two petrol bombs at the printing house of the Daily Print in Bulawayo, Bulawayo province, Zimbabwe.  No one was injured in the attack, although the bombs caused some material damage.  Daily Print was responsible for printing election material for the opposition party.  No group claimed responsibility for the attack.",1,1,1,0,"","",1,1,0,7,Facility/Infrastructure Attack,"","","","",10,Journalists & Media,53,Newspaper Journalist/Staff/Facility,The Daily Print,The printing house of the Daily Print,231,Zimbabwe,"","","","","","","","","","","","","","","","",Unknown,"","","","","","Specific motive is unknown; however, the attack occurred during the lead-up to elections.",0,"","",0,3,0,0,"","","","","","","","","",8,Incendiary,20,Gasoline or Alcohol,"","","","","","","","","","","","",Two petrol bombs,0,0,0,0,0,0,1,4,Unknown,"",The printing house suffered some minor damage,0,"","","","","","","","","","","","","","","","","\"\"\"Zimbabwe vetting EU poll observer","\"\" CNN",February 11,"2002.\"","\"\"\"Zimbabwe radio reports firebombing of newspaper offices","\"\" ZBC Radio",February 11,"2002.\"","\"\"\"Saja Condemns Attack on Zim's Daily News"
198007230011,1980,7,23,"",0,"",231,11,Sub-Saharan Africa,Salisbury,Salisbury,-17.825166,31.03351,1,0,"","",1,1,1,-9,"","",0,1,0,2,Armed Assault,"","","","",2,Government (General),18,"Government Personnel (excluding police, military)","","Home of Ariston Chambati, Admin Secy to Mr. Nkomo's Partriotic Front Party",403,Rhodesia,"","","","","","","","","","","","","","","","",Unknown,"","","","","","",0,"","",0,"","","","","","","","","","","","",5,Firearms,2,Automatic or Semi-Automatic Rifle,"","","","","","","","","","","","",Automatic firearm,0,"","",0,"","",1,"","","","",0,"","","","","","",0,"","","","","","","","","","","","",PGIS,-9,-9,1,1,""
200205050006,2002,5,5,"",0,"",231,11,Sub-Saharan Africa,Mashonaland Central,Bindura,-17.301306,31.319849,1,0,"","05/05/2002: Suspected members of the paramilitary militia, ZANU, killed one Movement for Democratic Change (MDC) supporters in Zimbabwe. Jenus Ngamira, an MDC activist in Bindura, was allegedly murdered by Munyaradzi Timoti a known ZANU leader. Ngamira�s brother was hurt in the attack as well. Timoti turned himself into the local police, wearing his ZANU uniform, after perpetrating the attacks.",1,1,1,0,"","",0,1,0,9,Unknown,"","","","",14,Private Citizens & Property,84,Political Party Member/Rally,Movement for Democratic Change (MDC),"Jenus Ngamira, Christopher Ngamira members of the Movement for Democratic change party in Bindura",231,Zimbabwe,"","","","","","","","","","","","","","","","",Zimbabwe African Nationalist Union (ZANU),"","","","","",Unknown,0,"","",0,"",1,1,8,Personal claim,"","","","","","",-9,13,Unknown,"","","","","","","","","","","","","","","",1,0,0,1,0,0,0,"","","","",0,"","","","","","","","","","","","","","","",Jenus Ngamira had been a polling station worker in a recent national election.,"�Zimbabwe: Two more MDC supporters reportedly killed by suspected ZANU-PF militia,� ZWNEWS, May 8, 2002.","","",CETIS,0,0,0,0,""
198009110010,1980,9,11,"",0,"",231,11,Sub-Saharan Africa,Mashonaland East,Chitungwiza,-18.019782,31.067907,1,0,"","",1,1,1,0,"","",0,1,0,3,Bombing/Explosion,"","","","",2,Government (General),15,Politician or Political Party Movement/Meeting/Rally,"",Urban Council Meeting at Kubatanga Beer Hall,231,Zimbabwe,"","","","","","","","","","","","","","","","",Unknown,"","","","","","",0,"","",0,"","","","","","","","","","","","",6,Explosives,7,Grenade,"","","","","","","","","","","","",Grenade,1,"","",9,"","",1,4,Unknown,"","",0,"","","","","","",0,"","","","","","","","","","","","",PGIS,-9,-9,0,-9,""
200205230005,2002,5,23,"",0,"",231,11,Sub-Saharan Africa,Manicaland,Nyazura,-18.714687,32.164671,1,0,"","05/23/2002:  7 individuals from Johanne Marange Apolistic Church members were killed when they drank tea spiked with pesticides in Nyazura, Zimbabwe.  In addition, 47 other people became ill in the attack.",1,1,1,0,"","",0,1,0,8,Unarmed Assault,"","","","",15,Religious Figures/Institutions,86,Place of Worship,Johanne Marange Apolistic Church,Members of the Johanna Marange Apolistic Church.,231,Zimbabwe,"","","","","","","","","","","","","","","","",Unknown,"","","","","",Unknown.,0,"","",0,"",0,0,"","","","","","","","","",2,Chemical,"","","","","","","","","","","","","","",Pesticides,7,0,0,47,0,0,0,"","","","",-9,"","","","","","","","","","","","","","","","","�Seven Die as Zimbabwe Sect Members Drink Poisoned Tea: Report,� Agence France Press, May 23, 2002.","�Zimbabwe: Five Poison Victims Still in Hospital,� The Herald. Africa News, May 24, 2002.","�Zimbabwe: Handle Chemical Containers Correctly,� The Herald. Africa News, May 24, 2002.",CETIS,-9,-9,0,-9,""
198009270003,1980,9,27,"",0,"",231,11,Sub-Saharan Africa,Salisbury,Salisbury,-17.825166,31.03351,1,0,"","",1,1,1,0,"","",0,1,0,3,Bombing/Explosion,"","","","",1,Business,8,Hotel/Resort,"",Hotel (Feathers Hotel Bar),231,Zimbabwe,"","","","","","","","","","","","","","","","",Unknown,"","","","","","",0,"","",0,"","","","","","","","","","","","",6,Explosives,7,Grenade,5,Firearms,2,Automatic or Semi-Automatic Rifle,"","","","","","","","",Grenade; Automatic rifles,2,"","",25,"","",1,4,Unknown,"","",0,"","","","","","",0,"","","","","","","","","","","","",PGIS,-9,-9,0,-9,""
200206080003,2002,6,8,"",0,"",231,11,Sub-Saharan Africa,Manicaland,Buhera,-19.395855,31.901795,1,0,"",06/08/2002: Young rebels associated with the Movement for Democratic Change (MDC) bombed and burnt down a store belonging to a Zanu-PF member in Buhera.,1,0,1,1,3,Intra/Inter-group Conflict,0,1,0,2,Armed Assault,"","","","",1,Business,7,Retail/Grocery/Bakery,Zimbabwe Commerical Sector,Store in the town of Buhera,231,Zimbabwe,"","","","","","","","","","","","","","","","",Movement for Democratic Change (MDC),"","","","","",Unknown,0,"","",0,"",0,-9,"","","","","","","","",-9,8,Incendiary,20,Gasoline or Alcohol,9,Melee,22,"Hands, Feet, Fists","","","","","","","","","Two thrown petrol bombs as well as melee attacks, were used in the attack",0,0,0,1,0,0,1,3,Minor (likely < $1 million),"",Damages were said to be in the thousands (with no specific figure given by authorities),0,"","","","","","","","","","","","","","","","","�MDC youths unleash new wave of terror in Buhera,� The Herald, June 12, 2002.","�MDC Men Accused of Burning Down Murder Suspect's Store,� The Daily News, June 13, 2002.","",CETIS,0,0,0,0,""
198010080007,1980,10,8,"",0,"",231,11,Sub-Saharan Africa,Salisbury,Salisbury,-17.834083,31.211192,1,0,"","",1,1,1,-9,"","",0,1,0,3,Bombing/Explosion,"","","","",14,Private Citizens & Property,67,Unnamed Civilian/Unspecified,"",Cinema Crowd,231,Zimbabwe,"","","","","","","","","","","","","","","","",Unknown,"","","","","","",0,"","",0,"","","","","","","","","","","","",6,Explosives,16,Unknown Explosive Type,"","","","","","","","","","","","",Explosive,0,"","",4,"","",1,4,Unknown,"","",0,"","","","","","",0,"","","","","","","","","","","","",PGIS,-9,-9,0,-9,""
200208290007,2002,8,29,"",0,"",231,11,Sub-Saharan Africa,Harare,Harare,-17.825166,31.03351,1,0,"The offices of Voice of the People (VOP) radio station, in Milton Park neighborhood of Harare","8/29/2002: Two unidentified gunmen bombed the offices of Voice of the People (VOP) radio station in Harare, Harare province, Zimbabwe.  VOP is one of the two remaining independent radio stations in the country and is generally believed to be anti-government.  The assailants approached the office, warned the security guard away, and threw two devices into the building.  The building was badly damaged, as was a variety of electronic equipment.  No one was injured in the explosion.",1,1,1,0,"","",0,1,0,3,Bombing/Explosion,"","","","",10,Journalists & Media,54,Radio Journalist/Staff/Facility,An independent radio station,The offices of Voice of the People in Harare,231,Zimbabwe,"","","","","","","","","","","","","","","","",Gunmen,"","","","","","Specific motive is unknown; however, the radio station is generally believed to be anti-government and has recently experienced increased scrutiny by the police and the government.",0,"","",0,2,0,0,"","","","","","","","","",6,Explosives,16,Unknown Explosive Type,"","","","","","","","","","","","",Two devices that were thrown into the building,0,0,0,0,0,0,1,4,Unknown,"","The radio station was badly damaged, as was furniture and electronics",0,"","","","","","","","","","","","","","","",The police had raided the offices two months previously,"\"\"\"Bomb destroys private radio station in Zimbabwe","\"\" Agence France Presse",August 29,"2002.\"","\"\"\"Zimbabwe private radio station bombed-media group","\"\" Reuters News",August 29,"2002.\"","\"\"\"Zimbabwe Independent Radio Office Destroyed In Bomb Blast"
198010100008,1980,10,10,"",0,"",231,11,Sub-Saharan Africa,Salisbury,Salisbury,-17.825166,31.03351,1,1,"","",1,1,0,1,1,Insurgency/Guerilla Action,0,1,0,2,Armed Assault,"","","","",4,Military,35,Military Transportation/Vehicle (excluding convoys),"","official car of ruling Zanu - PF party's military commander, Rex Nhongo*",231,Zimbabwe,"","","","","","","","","","","","","","","","",Unknown,"","","","","","",0,"","",0,1,"","","","","","","","","","","",5,Firearms,5,Unknown Gun Type,"","","","","","","","","","","","",Firearm,0,"","",1,"","",1,4,Unknown,"","",0,"","","","","","",0,"","","","","","","","","","","","",PGIS,-9,-9,0,-9,""
200301200002,2003,1,20,"",0,"",231,11,Sub-Saharan Africa,Harare,Kuwadzana,-17.830493,30.912954,1,0,"","01/20/2003: Presumed members of the Movement for Democratic Change (MDC) attacked the Chidakirire Building in Kuwadzana, Zimbabwe with petrol bombs before attacking the occupants with whips and knives. Police said the politically motivated attack resulted in eight injuries, of which one was serious.",1,1,1,0,"","",0,1,0,2,Armed Assault,"","","","",22,Violent Political Party,110,Party Office/Facility,Zimbabwe African National Union: Patriotic Front (ZANU-PF),Building,231,Zimbabwe,"","","","","","","","","","","","","","","","",Movement for Democratic Change (MDC),"","","","","",Unknown,0,"","",0,"",15,0,"","","","","","","","","",9,Melee,22,"Hands, Feet, Fists",9,Melee,23,Knife or Other Sharp Object,8,Incendiary,20,Gasoline or Alcohol,"","","","","",0,0,0,8,0,"",1,3,Minor (likely < $1 million),"","",0,"","","","","","","","","","","","","","","","","�Zimbabwe militants petrol bomb building injuring eight, police arrest 16,� AFX European Focus, January 21, 2003.","�MDC denies alleged role in petrol bomb attack on ZANU-PF office,� The Star, January 22, 2003.","",CETIS,0,0,0,0,""
198010140009,1980,10,14,"",0,"",231,11,Sub-Saharan Africa,Salisbury,Salisbury,-17.825166,31.03351,1,0,"","",1,1,1,-9,"","",0,1,0,3,Bombing/Explosion,"","","","",14,Private Citizens & Property,79,"Public Area (garden, parking lot, garage, beach, public building, camp)","",crowd outside hostel,231,Zimbabwe,"","","","","","","","","","","","","","","","",Unknown,"","","","","","",0,"","",0,1,"","","","","","","","","","","",6,Explosives,16,Unknown Explosive Type,"","","","","","","","","","","","",Explosive,0,"","",8,"","",1,4,Unknown,"","",0,"","","","","","",0,"","","","","","","","","","","","",PGIS,-9,-9,0,-9,""
200607020020,2006,7,2,"",0,"",231,11,Sub-Saharan Africa,Harare,Harare,-17.825166,31.03351,1,0,"","07/02/2006: In Zimbabwe, a white Member of Parliament, Trudy Stevenson, was attacked by members of her own political party, the Movement for Democratic Change (MDC). The attack occurred in the suburb of Mabyuku in Harare. Stevenson escaped but sustained injuries.",1,1,1,0,"","",0,1,0,2,Armed Assault,"","","","",2,Government (General),15,Politician or Political Party Movement/Meeting/Rally,Movement for Democratic Change,Trudy Stevenson,231,Zimbabwe,"","","","","","","","","","","","","","","","",Movement for Democratic Change (MDC),"","","","","",To kill MP Trudy Stevenson.,0,"","",0,8,8,0,"","","","","","","","","",9,Melee,23,Knife or Other Sharp Object,9,Melee,21,Blunt Object,"","","","","","","","","",0,0,"",5,0,"",-9,"","","","",0,"","","","","","","","","","","","","","","","","Richard Beeston and Jan Raath, �She Stood Up to Mugabe � But it was Her Own Party That Did This,� The Times, July 5, 2006.","�Attackers Wanted to Kill Me: Zimbabwean Opposition Lawmaker,� Agence France Presse, July 5, 2006.","�Zimbabwe Police Arrest Eight Over Attack on White Opposition Leader,� Agence France Presse, July 9, 2006.",CETIS,0,0,0,0,""
198010280011,1980,10,28,"",0,"",231,11,Sub-Saharan Africa,Salisbury,Salisbury,-17.981844,31.06668,1,0,"","",1,1,0,1,1,Insurgency/Guerilla Action,0,1,0,3,Bombing/Explosion,"","","","",4,Military,29,Military Unit/Patrol/Convoy,army,patrol,231,Zimbabwe,"","","","","","","","","","","","","","","","",Unknown,"","","","","","",0,"","",0,"","","","","","","","","","","","",6,Explosives,7,Grenade,"","","","","","","","","","","","",Grenade,0,"","",1,"","",1,4,Unknown,"","",0,"","","","","","",0,"","","","","","","","","","","","",PGIS,-9,-9,0,-9,""
200703270022,2007,3,27,"",0,"",231,11,Sub-Saharan Africa,Harare,Harare,-17.825166,31.03351,1,0,"","03/27/2007: A supermarket in Harare, Zimbabwe was bombed causing structural damage but no injuries.  No claim of responsibility was reported.",1,1,1,1,2,Other Crime Type,0,1,0,3,Bombing/Explosion,"","","","",1,Business,7,Retail/Grocery/Bakery,Supermarket in Harare,Civilians in Harare,231,Zimbabwe,"","","","","","","","","","","","","","","","",Unknown,"","","","","",Unknown,0,"","",0,"",0,0,"","","","","","","","","",6,Explosives,16,Unknown Explosive Type,"","","","","","","","","","","","","",0,0,0,0,0,0,1,3,Minor (likely < $1 million),"","",0,"","","","","","","","","","","","","","","","","�Supermarket in Zimbabwe Capital Petrol Bombed,� Deutsche Presse-Agentur, March 27, 2007.","","",CETIS,-9,-9,0,-9,""
198010290007,1980,10,29,"",0,"",231,11,Sub-Saharan Africa,Salisbury,Dzirasekwa,-17.805254,30.935999,1,0,"","",1,1,1,0,"","",0,1,0,3,Bombing/Explosion,"","","","",22,Violent Political Party,109,Party Official/Candidate/Other Personnel,Not Applicable,Wake,231,Zimbabwe,"","","","","","","","","","","","","","","","",Unknown,"","","","","","",0,"","",0,"","","","","","","","","","","","",6,Explosives,7,Grenade,"","","","","","","","","","","","",Grenade,4,"","",0,"","",1,4,Unknown,"","",0,"","","","","","",0,"","","","","","","","","","","","",PGIS,-9,-9,0,-9,""
200806040016,2008,6,4,"",0,"",231,11,Sub-Saharan Africa,Masvingo,Zaka District,-20.350765,31.354163,3,0,"The attack took place at the MDC offices in Jerera Growth Point, a small community south of Zaka.","06/04/2008: On Wednesday night at 03:00, seven people were killed when armed gunmen shot the MDC office in Jerera Growth Point, a small community south of Zaka district, Masvingo province, Zimbabwe. The attackers No claim of responsibility was made for the incident.",1,1,1,0,"","",0,1,0,2,Armed Assault,7,Facility/Infrastructure Attack,"","",22,Violent Political Party,110,Party Office/Facility,Movement for Democratic Change (MDC),Office,31,Brunei,"","","","","","","","","","","","","","","","",Unknown,"","","","","",The specific motive for the attack is unknown.,0,"","",0,-99,0,0,"","","","","","","","","",5,Firearms,5,Unknown Gun Type,"","","","","","","","","","","","",Unknown firearms were used in the firearm attack.,7,0,0,0,0,0,-9,"","","",It is unknown if there was any damage.,0,"","","","","","","","","","","","","","","","","\"All Africa, \"\"Seven Reported Dead in Attack","\"\" June 9",2008,"http://allafrica.com/stories/200806090878.html.\"","","",ISVG,-9,-9
198011010002,1980,11,1,"",0,"",231,11,Sub-Saharan Africa,Salisbury,Salisbury,-17.825166,31.03351,1,0,"","",1,1,1,0,"","",0,1,0,3,Bombing/Explosion,"","","","",14,Private Citizens & Property,74,Marketplace/Plaza/Square,"",crowd of 500,231,Zimbabwe,"","","","","","","","","","","","","","","","",Unknown,"","","","","","",0,"","",0,2,"","","","","","","","","","","",6,Explosives,7,Grenade,"","","","","","","","","","","","",Grenade,1,"","",0,"","",1,4,Unknown,"","",0,"","","","","","",0,"","","","","","","","","","","","",PGIS,-9,-9,0,-9,""
200807060014,2008,7,6,"",0,"",231,11,Sub-Saharan Africa,Mashonaland East,Ruwa,-17.902734,31.236882,1,0,"The attack occurred at a refugee camp in Ruwa, Mashonaland East, Zimbabwe.","07/06/2008: On Sunday, masked gunmen attacked a refugee camp injuring eight people in Ruwa, Mashonaland East, Zimbabwe.  No claim of responsibility was issued.",1,1,1,0,"","",0,1,0,2,Armed Assault,"","","","",14,Private Citizens & Property,67,Unnamed Civilian/Unspecified,"",Unspecified civilians,231,Zimbabwe,"","","","","","","","","","","","","","","","",Unknown,"","","","","",The specific motive for the attack is unknown.,0,"","",0,20,0,0,"","","","","","","","","",5,Firearms,4,Rifle/Shotgun (non-automatic),5,Firearms,5,Unknown Gun Type,"","","","","","","","",Shotguns and unknown firearms were used in the attack.,0,0,0,8,0,0,0,"","","","",0,"","","","","","","","","","","","","","","","","\"Bell, Alex, \"\"Refugees Attacked",Several Dead in Weekend Militia Raids,"\"\" SWRadioAfrica.com",July 7,"2008.\"","\"Lexis Nexis, \"\"Zimbabwe; 8 Ruwa Refugees Still Missing","\"\" Africa News",July 9,"2008.\""
198011160002,1980,11,16,"",0,"",231,11,Sub-Saharan Africa,Salisbury,Kambuzuma,-17.860618,30.981896,1,0,"","",1,1,1,0,"","",0,1,0,3,Bombing/Explosion,"","","","",1,Business,2,Restaurant/Bar/Caf�,"",Restaurant,231,Zimbabwe,"","","","","","","","","","","","","","","","",Unknown,"","","","","","",0,"","",0,"","","","","","","","","","","","",6,Explosives,16,Unknown Explosive Type,6,Explosives,7,Grenade,"","","","","","","","",Explosive; Grenade,3,"","",22,"","",1,"","","","",0,"","","","","","",0,"","","","","","","","","","","","",PGIS,-9,-9,0,-9,""
200808020030,2008,8,2,"",0,"",231,11,Sub-Saharan Africa,Harare,Harare,-17.825166,31.03351,1,0,The attack took place in Harare.,"08/02/2008: On Saturday evening, at about 1900, in Harare, Harare, Zimbabwe, a bomb exploded, damaging a police station but causing no casualties. No motive was reported and no group claimed responsibility.",1,1,1,0,"","",0,1,0,3,Bombing/Explosion,"","","","",3,Police,22,"Police Building (headquarters, station, school)",Harare Law Enforcement,A police station,231,Zimbabwe,"","","","","","","","","","","","","","","","",Unknown,"","","","","",The specific motive for the attack is unknown.,0,"","",0,-99,0,0,"","","","","","","","","",6,Explosives,16,Unknown Explosive Type,"","","","","","","","","","","","",Unknown explosives were used in the attack.,0,0,0,0,0,0,1,3,Minor (likely < $1 million),"",The attack caused an unknown amount of property damage.,0,"","","","","","","","","","","","","","","","","\"National Counterterroism Center,\"\"Police Station Damaged in Bombing in Harare",Zimbabwe,"\"\" Worldwide Incidents Tracking System",January 22,"2010.\"","\"Agence France Presse,\"\"Zimbawe's Main Police Station Hit by Blast: Police","\"\" Agence France Presse",August 3,"2008.\""
198011160011,1980,11,16,"",0,"",231,11,Sub-Saharan Africa,Mashonaland East,Mtoko,-17.408632,32.22568,1,0,"","",1,1,0,1,1,Insurgency/Guerilla Action,0,1,0,6,Hostage Taking (Kidnapping),"","","","",4,Military,35,Military Transportation/Vehicle (excluding convoys),New National Army,bus,231,Zimbabwe,"","","","","","","","","","","","","","","","",Zimbabwe African Nationalist Union (ZANU),ZANLA (armed wing),"","","","","",0,"","",0,25,"","","","","","","","","","","",13,Unknown,"","",13,Unknown,"","","","","","","","","","",Attacked,1,"","",2,"","",1,4,Unknown,"","",1,6,0,0,"","","",0,"","","","","","","","","","","","",PGIS,0,0,0,0,""
200808030015,2008,8,3,"",0,"",231,11,Sub-Saharan Africa,Harare,Harare,-17.825166,31.03351,1,0,The incident occurred at the main police station.,"08/03/2008: On Sunday, at an unknown time, in Harare, Zimbabwe, a bomb exploded at the main police station. There were no reported casualties. There were no claims of responsibility.",1,1,1,0,"","",0,1,0,3,Bombing/Explosion,"","","","",3,Police,22,"Police Building (headquarters, station, school)",Zimbabwean Police,The target was a police station.,231,Zimbabwe,"","","","","","","","","","","","","","","","",Unknown,"","","","","",The specific motive for the attack is unknown.,0,"","",0,-99,0,0,"","","","","","","","","",6,Explosives,16,Unknown Explosive Type,"","","","","","","","","","","","",The specific type of explosive used is unknown.,0,0,0,0,0,0,1,4,Unknown,"",The extent of the property damage is unknown.,0,"","","","","","","","","","","","","","","","","\"The Herald, \"\"Police Station Bombed","\"\" The Herald",August 4th,"2008.\"","\"Press TV, \"\"Harare Police Station Rocked by Blast","\"\" Press TV",August 3rd,"2008.\"",""
198102030003,1981,2,3,"",0,"",231,11,Sub-Saharan Africa,Manicaland,Inyayura,-18.714687,32.164671,1,1,"","",1,1,1,0,"","",0,1,0,1,Assassination,"","","","",15,Religious Figures/Institutions,85,Religious Figure,Seventh Day Adventist Church,"Donald Lale (50) and wife Anne (45), missionaries",216,Great Britain,"","","","","","","","","","","","","","","","",Unknown,"","","","","","",0,"","",0,2,"","","","","","","","","","","",13,Unknown,"","","","","","","","","","","","","","","",2,"","",0,"","",0,"","","","",0,"","","","","","",0,"","","","","","","","","","","","",PGIS,-9,-9,1,1,""
198102040004,1981,2,4,"",0,"",231,11,Sub-Saharan Africa,Salisbury,Salisbury,-17.825166,31.03351,1,0,"","",1,1,1,0,"","",0,0,0,1,Assassination,"","","","",22,Violent Political Party,109,Party Official/Candidate/Other Personnel,African National Congress (ANC),Senior Member: Joel Gicabi,231,Zimbabwe,"","","","","","","","","","","","","","","","",Unknown,"","","","","","",0,"","",0,"","","","","","","","","","","","",6,Explosives,16,Unknown Explosive Type,"","","","","","","","","","","","",Bomb,1,"","",0,"","",0,"","","","",0,"","","","","","",0,"","","","","","","","","","","","",PGIS,-9,-9,0,-9,""
198102060004,1981,2,6,"",0,"",231,11,Sub-Saharan Africa,Salisbury,Salisbury,-17.825166,31.03351,1,1,"","",1,1,1,0,"","",0,1,0,1,Assassination,"","","","",2,Government (General),15,Politician or Political Party Movement/Meeting/Rally,Patriotic Front Party,"Nelson Marembo, Senior Official, Party's Central Committee",231,Zimbabwe,2,Government (General),15,Politician or Political Party Movement/Meeting/Rally,Patriotic Front Party,"Charles Matene, Nephew of Marembo",231,Zimbabwe,"","","","","","","","",Unknown,"","","","","","",0,"","",0,"","","","","","","","","","","","",6,Explosives,8,Landmine,"","","","","","","","","","","","",Land mine,2,"","",0,"","",0,"","","","",0,"","","","","","",0,"","","","","","","","","","","","",PGIS,-9,-9,0,-9,""
198103020003,1981,3,2,"",0,"",231,11,Sub-Saharan Africa,Bulawayo,Bulawayo,-20.120995,28.62729,1,1,"","",1,1,1,0,"","",0,1,0,1,Assassination,"","","","",1,Business,9,Farm/Ranch,"","Richard Bawden, white farmer",231,Zimbabwe,"","","","","","","","","","","","","","","","",Zimbabwe African People's Union,ZIPRA (armed wing),"","","","","",0,"","",0,2,"","","","","","","","","","","",13,Unknown,"","","","","","","","","","","","","","","",1,"","",0,"","",0,"","","","",0,"","","","","","",0,"","","","","","","","","","","","",PGIS,0,0,0,0,""
198103110001,1981,3,11,"",0,"",231,11,Sub-Saharan Africa,Masvingo,Fort Victoria,-20.06373,30.82766,1,0,"","",1,1,1,-9,"","",0,1,0,1,Assassination,"","","","",1,Business,9,Farm/Ranch,"","Abraham and Margaret Roux, white homesteaders",231,Zimbabwe,"","","","","","","","","","","","","","","","",Dissidents linked to Zanga,"","","","","","",0,"","",0,"","","","","","","","","","","","",5,Firearms,2,Automatic or Semi-Automatic Rifle,"","","","","","","","","","","","",Automatic rifle,2,"","",0,"","",0,"","","","",0,"","","","","","",0,"","","","","","","","","","","","",PGIS,-9,-9,0,-9,""
198103160004,1981,3,16,"",0,"",231,11,Sub-Saharan Africa,Masvingo,Fort Victoria,-20.06373,30.82766,1,1,"","",0,1,1,1,2,Other Crime Type,0,1,0,1,Assassination,"","","","",14,Private Citizens & Property,71,Race/Ethnicity Identified,"","Helena and Philip Van As, white farmers",231,Zimbabwe,"","","","","","","","","","","","","","","","",Guerrillas,"","","","","","",0,"","",0,"","","","","","","","","","","","",5,Firearms,5,Unknown Gun Type,"","","","","","","","","","","","",Firearm,2,"","",0,"","",0,"","","","",0,"","","","","","",0,"","","","","","","","","","","","",PGIS,-9,-9,0,-9,""
198103310001,1981,3,31,"",0,"",231,11,Sub-Saharan Africa,Bulawayo,Bulawayo,-20.15,28.5833,1,0,"","",1,1,1,-9,"","",0,1,0,1,Assassination,"","","","",14,Private Citizens & Property,71,Race/Ethnicity Identified,"","Jack and Dorothy Railton, residents of wildlife preserve (white)",231,Zimbabwe,"","","","","","","","","","","","","","","","",Unknown,"","","","","","",0,"","",0,"","","","","","","","","","","","",13,Unknown,"","","","","","","","","","","","","","","",2,"","",0,"","",0,"","","","",0,"","","","","","",0,"","","","","","","","","","","","",PGIS,-9,-9,0,-9,""
198107240007,1981,7,24,"",0,"",231,11,Sub-Saharan Africa,Salisbury,Salisbury,-17.825166,31.03351,1,0,"","",1,1,1,-9,"","",0,1,0,3,Bombing/Explosion,"","","","",14,Private Citizens & Property,82,Labor Union Related,"",Independence Arch,231,Zimbabwe,"","","","","","","","","","","","","","","","",Unknown,"","","","","","",0,"","",0,"","","","","","","","","","","","",6,Explosives,16,Unknown Explosive Type,"","","","","","","","","","","","",Explosive,0,"","",0,"","",1,"","","","Damages: explosion/plastic device, damaged monument (Independence Arch)",0,"","","","","","",0,"","","","","","","","","","","","",PGIS,-9,-9,0,-9,""
198107310002,1981,7,31,"",0,"",231,11,Sub-Saharan Africa,Salisbury,Salisbury,-17.825166,31.03351,1,0,"","",1,0,1,1,3,Intra/Inter-group Conflict,0,1,0,1,Assassination,"","","","",22,Violent Political Party,109,Party Official/Candidate/Other Personnel,African National Congress (ANC),Leader: Joe Gcabi,183,South Africa,"","","","","","","","","","","","","","","","",Unknown,"","","","","","",0,"","",0,"","","","","","","","","","","","",5,Firearms,3,Handgun,"","","","","","","","","","","","",Pistol,1,"","",0,"","",0,"","","","",0,"","","","","","",0,"","","","","","","","","","","","",PGIS,-9,-9,1,1,""
198205010003,1982,5,1,"",0,"",231,11,Sub-Saharan Africa,Matabeleland South,Beitbridge,-22.216776,30.000044,1,1,"","",1,1,1,0,"","",0,1,0,3,Bombing/Explosion,"","","","",19,Transportation,100,Train/Train Tracks/Trolley,"",Main rail link to South Africa,231,Zimbabwe,"","","","","","","","","","","","","","","","",Unknown,"","","","","","",0,"","",0,"","","","","","","","","","","","",6,Explosives,16,Unknown Explosive Type,"","","","","","","","","","","","",Explosive,0,"","",0,"","",1,"","","","",0,"","","","","","",0,"","","","","","","","","","","","",PGIS,-9,-9,0,-9,""
198205010004,1982,5,1,"",0,"",231,11,Sub-Saharan Africa,Matabeleland South,Beitbridge,-22.216776,30.000044,1,1,"","",1,1,1,0,"","",0,1,0,3,Bombing/Explosion,"","","","",21,Utilities,107,Electricity,"",Electrical installation,231,Zimbabwe,"","","","","","","","","","","","","","","","",Unknown,"","","","","","",0,"","",0,"","","","","","","","","","","","",6,Explosives,16,Unknown Explosive Type,"","","","","","","","","","","","",Explosive,0,"","",0,"","",1,"","","","",0,"","","","","","",0,"","","","","","","","","","","","",PGIS,-9,-9,0,-9,""
198205010005,1982,5,1,"",0,"",231,11,Sub-Saharan Africa,Matabeleland South,Beitbridge,-22.216776,30.000044,1,1,"","",1,1,1,0,"","",0,1,0,3,Bombing/Explosion,"","","","",9,Food or Water Supply,52,Water Supply,"",Water tank,231,Zimbabwe,"","","","","","","","","","","","","","","","",Unknown,"","","","","","",0,"","",0,"","","","","","","","","","","","",6,Explosives,16,Unknown Explosive Type,"","","","","","","","","","","","",Explosive,0,"","",0,"","",1,"","","","",0,"","","","","","",0,"","","","","","","","","","","","",PGIS,-9,-9,0,-9,""
198207230004,1982,7,23,"",0,"",231,11,Sub-Saharan Africa,Unknown,Unknown,"","",5,1,"","",1,1,1,-9,"","",0,1,0,6,Hostage Taking (Kidnapping),"","","","",18,Tourists,97,Tourist,U.S.,"Brett Baldwin, 18, Baldwin student and tourist",217,United States,18,Tourists,97,Tourist,U.S.,"Kevin Ellis, 23, Painter and tourist",217,United States,14,Private Citizens & Property,68,Named Civilian,"","James Greenwell, 18",15,Austria,Unknown,"","","","","","",0,"","",0,"","","","","","","","","","","","",13,Unknown,"","","","","","","","","","","","","","","","","","","","","",0,"","","","",1,6,0,"","","",Zimbabwe,0,"","","","","","","","","","","","",PGIS,-9,-9,1,1,""
198207230006,1982,7,23,"",1,7/26/1982,231,11,Sub-Saharan Africa,Matabeleland North,Victoria Falls,-17.931788,25.825523,1,1,"","",1,1,1,-9,"","",0,1,0,6,Hostage Taking (Kidnapping),"","","","",18,Tourists,97,Tourist,"",Tourists,217,United States,"","","","","","","","","","","","","","","","",Anti-Government extremists,"","","","","","",0,"","",0,"","","","","","","","","","","","",13,Unknown,"","","","","","","","","","","","","","",Roadblock ambush,6,2,0,0,0,0,0,"","","","",1,6,2,"","","",Zimbabwe,0,"","","","","",4,Hostage(s) killed (not during rescue attempt),"","","","","",State Department 1997 Document,-9,-9,1,1,""
198207240008,1982,7,24,"",0,"",231,11,Sub-Saharan Africa,Matabeleland South,Unknown,-21.052337,29.045993,4,0,"","",1,1,1,-9,"","",0,1,0,2,Armed Assault,"","","","",1,Business,8,Hotel/Resort,"",Victoria Falls Hotel,231,Zimbabwe,"","","","","","","","","","","","","","","","",Supporters of Joshua Nkomo,"","","","","","",0,"","",0,"","","","","","","","","","","","",5,Firearms,5,Unknown Gun Type,"","","","","","","","","","","","","",1,"","",0,"","",1,"","","","",0,"","","","","","",0,"","","","","","","","","","","","",PGIS,0,0,0,0,""
198207250007,1982,7,25,"",0,"",231,11,Sub-Saharan Africa,Midlands,Gweru,-19.468531,29.81208,1,0,"","",1,1,0,1,1,Insurgency/Guerilla Action,0,1,0,3,Bombing/Explosion,"","","","",4,Military,27,Military Barracks/Base/Headquarters/Checkpost,"",Thornhill Air base,231,Zimbabwe,"","","","","","","","","","","","","","","","",Unknown,"","","","","","",0,"","",0,"","","","","","","","","","","","",6,Explosives,14,Time Fuse,"","","","","","","","","","","","",Bomb - timed,"","","","","","",1,"","","","Damages: explosion(s)/time bombs, damaged 13 planes (air base)",0,"","","","","","",0,"","","","","","","","","","","","",PGIS,-9,-9,0,-9,""
198208010006,1982,8,1,"",0,"",231,11,Sub-Saharan Africa,Matabeleland South,Unknown,-21.052337,29.045993,4,0,"","",1,1,1,-9,"","",0,1,0,1,Assassination,"","","","",3,Police,25,Police Security Forces/Officers,local,"Police Officer, University Professor",231,Zimbabwe,8,Educational Institution,48,Teacher/Professor/Instructor,Local,University Professor,231,Zimbabwe,2,Government (General),"","","",Unknowns,231,Zimbabwe,Supporters of Joshua Nkomo,"","","","","","",0,"","",0,"","","","","","","","","","","","",13,Unknown,"","","","","","","","","","","","","","","",5,"","",0,"","",0,"","","","",0,"","","","","","",0,"","","","","","","","","","","","",PGIS,0,0,0,0,""
198208050013,1982,8,5,"",0,"",231,11,Sub-Saharan Africa,Unknown,Unknown,"","",5,0,"","",1,1,0,1,1,Insurgency/Guerilla Action,0,1,0,9,Unknown,"","","","",4,Military,27,Military Barracks/Base/Headquarters/Checkpost,"",Army Battalion,231,Zimbabwe,"","","","","","","","","","","","","","","","",Supporters of Joshua Nkomo,"","","","","","",1,"","",0,"","","","","","","","","","","","",13,Unknown,"","","","","","","","","","","","","","",Attacked,1,"","",0,"","",1,"","","",Damages: stole unknown number of weapons (military),0,"","","","","","",0,"","","","","","","","","","","","",PGIS,0,0,0,0,""
198212240001,1982,12,24,"",0,"",231,11,Sub-Saharan Africa,Matabeleland North,Victoria Falls,-17.931788,25.825523,1,1,"","",1,1,1,0,"","",0,1,0,3,Bombing/Explosion,"","","","",19,Transportation,100,Train/Train Tracks/Trolley,"",Railway track,231,Zimbabwe,"","","","","","","","","","","","","","","","",Unknown,"","","","","","",0,"","",0,"","","","","","","","","","","","",6,Explosives,16,Unknown Explosive Type,"","","","","","","","","","","","",Explosive,"","","","","","",1,"","","","",0,"","","","","","",0,"","","","","","","","","","","","",PGIS,-9,-9,0,-9,""
198212240005,1982,12,24,"",0,"",231,11,Sub-Saharan Africa,Bulawayo,Bulawayo,-20.120995,28.62729,1,1,"","",1,1,1,-9,"","",0,1,0,2,Armed Assault,"","","","",19,Transportation,99,Bus (excluding tourists),"","3 buses a moving van, some cars",231,Zimbabwe,"","","","","","","","","","","","","","","","",Supporters of Joshua Nkomo,"","","","","","",0,"","",0,"","","","","","","","","","","","",5,Firearms,5,Unknown Gun Type,"","","","","","","","","","","","",Fired upon,3,"","",0,"","",1,4,Unknown,"","",0,"","","","","","",0,"","","","","","","","","","","","",PGIS,0,0,0,0,""
198212310016,1982,12,31,"",0,"",231,11,Sub-Saharan Africa,Matabeleland North,Unknown,-18.533157,27.549585,4,0,"","",1,1,1,-9,"","",0,1,0,2,Armed Assault,"","","","",14,Private Citizens & Property,73,Vehicles/Transportation,"",Car driving,231,Zimbabwe,14,Private Citizens & Property,67,Unnamed Civilian/Unspecified,"",containing travellers,69,France,"","","","","","","","",Supporters of Joshua Nkomo,"","","","","","",1,"","",0,"","","","","","","","","","","","",13,Unknown,"","",5,Firearms,2,Automatic or Semi-Automatic Rifle,"","","","","","","","",Ambushed; Automatic rifle,6,"","",0,"","",1,4,Unknown,"","",0,"","","","","","",0,"","","","","","","","","","","","",PGIS,0,1,1,1,""
198301170002,1983,1,17,"",0,"",231,11,Sub-Saharan Africa,Matabeleland South,Esigodini,-20.290681,28.938308,1,0,"","",1,1,1,0,"","",0,1,0,1,Assassination,"","","","",1,Business,"","",Local,"Masulinin Philip Moyo, Prominent businessman",231,Zimbabwe,"","","","","","","","","","","","","","","","",Zimbabwe African People's Union,ZIPRA (armed wing),"","","","","",0,"","",0,4,"","","","","","","","","","","",5,Firearms,2,Automatic or Semi-Automatic Rifle,"","","","","","","","","","","","",Automatic rifle,1,"","",1,"","",0,"","","","",0,"","","","","","",0,"","","","","","","","","","","","",PGIS,0,0,0,0,""
198301170003,1983,1,17,"",0,"",231,11,Sub-Saharan Africa,Matabeleland South,Gwanda,-20.939823,29.011076,1,1,"","",1,1,1,0,"","",0,1,0,1,Assassination,"","","","",2,Government (General),18,"Government Personnel (excluding police, military)",Matabeleland Povincial authority,"Unks, Employees",231,Zimbabwe,"","","","","","","","","","","","","","","","",Zimbabwe African People's Union,ZIPRA (armed wing),"","","","","",0,"","",0,"","","","","","","","","","","","",9,Melee,23,Knife or Other Sharp Object,"","","","","","","","","","","","",Stabbed,2,"","",0,"","",0,"","","","",0,"","","","","","",0,"","","","","","","","","","","","",PGIS,0,0,0,0,""
198303160005,1983,3,16,"",0,"",231,11,Sub-Saharan Africa,Matabeleland South,Unknown,-21.052337,29.045993,4,1,"","",1,1,1,-9,"","",0,1,0,6,Hostage Taking (Kidnapping),"","","","",1,Business,9,Farm/Ranch,Local,"Robert Dyer- Smith, white farmer (elderly)",231,Zimbabwe,"","","","","","","","","","","","","","","","",Supporters of Joshua Nkomo,"","","","","","",0,"","",0,6,"","","","","","","","","","","",13,Unknown,"","","","","","","","","","","","","","","",0,"","",1,"","",0,"","","","",1,1,0,"","","",Zimbabwe,0,"","","","","","","","","","","","",PGIS,0,0,0,0,""
198303180001,1983,3,18,"",0,"",231,11,Sub-Saharan Africa,Matabeleland North,Nyamandhlovu,-19.860083,28.268742,1,0,"","",1,1,1,-9,"","",0,1,0,1,Assassination,"","","","",14,Private Citizens & Property,68,Named Civilian,Local,"Erick Stratford (66), Christine Stratford (62), girl (15), girl (12), *",231,Zimbabwe,"","","","","","","","","","","","","","","","",Supporters of Joshua Nkomo,"","","","","","",0,"","",0,6,"","","","","","","","","","","",5,Firearms,3,Handgun,"","","","","","","","","","","","",Revolver,4,"","",0,"","",0,"","","","",0,"","","","","","",0,"","","","","","","","","","","","",PGIS,0,0,0,0,""
198304030003,1983,4,3,"",0,"",231,11,Sub-Saharan Africa,Matabeleland South,Unknown,-21.052337,29.045993,4,0,"","",1,1,1,0,"","",0,1,0,1,Assassination,"","","","",2,Government (General),15,Politician or Political Party Movement/Meeting/Rally,Zimbabwe,"Sen. Paul Savage (70), Colleen Savage (20), Unk, White senator/his daugher*",231,Zimbabwe,"","","","","","","","","","","","","","","","",Supporters of Joshua Nkomo,"","","","","","",1,"","",0,"","","","","","","","","","","","",5,Firearms,5,Unknown Gun Type,"","","","","","","","","","","","",Gunfire,3,"","",1,"","",0,"","","","",0,"","","","","","",0,"","","","","","","","","","","","",PGIS,0,0,0,0,""
198306140009,1983,6,14,"",0,"",231,11,Sub-Saharan Africa,Matabeleland South,Figtree,-20.374682,28.321355,1,1,"","",1,1,1,-9,"","",0,1,0,1,Assassination,"","","","",1,Business,9,Farm/Ranch,Lushabi Outspa Farm (own ranch),"Ian Brebner, 39, white farmer/rancher",231,Zimbabwe,"","","","","","","","","","","","","","","","",Anti-Government extremists,"","","","","","",0,"","",0,8,"","","","","","","","","","","",5,Firearms,5,Unknown Gun Type,"","","","","","","","","","","","",Firearm,1,"","",0,"","",0,"","","","",0,"","","","","","",0,"","","","","","","","","","","","",PGIS,-9,-9,0,-9,""
198411090003,1984,11,9,"",0,"",231,11,Sub-Saharan Africa,Matabeleland South,Beitbridge,-22.216776,30.000044,1,1,"","",1,1,1,0,"","",0,1,0,1,Assassination,"","","","",2,Government (General),15,Politician or Political Party Movement/Meeting/Rally,Mugabe,"Senior member of ruling party (Zanu Party), Sen. Moven Nalovu, 50",231,Zimbabwe,"","","","","","","","","","","","","","","","",Unknown,"","","","","","",0,"","",0,2,"","","","","","","","","","","",5,Firearms,5,Unknown Gun Type,"","","","","","","","","","","","",Firearm,1,"","",0,"","",0,"","","","",0,"","","","","","",0,"","","","","","","","","","","","",PGIS,-9,-9,0,-9,""
198411150002,1984,11,15,"",0,"",231,11,Sub-Saharan Africa,Masvingo,Masvingo,-20.079191,30.838409,1,0,"","",1,1,1,0,"","",0,1,0,1,Assassination,"","","","",2,Government (General),18,"Government Personnel (excluding police, military)",splinter group which bears same name of Mugabes *,officials Shangwa Mangwengwe and James Magura,231,Zimbabwe,"","","","","","","","","","","","","","","","",Unknown,"","","","","","",0,"","",0,"","","","","","","","","","","","",13,Unknown,"","","","","","","","","","","","","","","",2,"","",0,"","",0,"","","","",0,"","","","","","",0,"","","","","","","","","","","","",PGIS,-9,-9,0,-9,""
198411250006,1984,11,25,"",0,"",231,11,Sub-Saharan Africa,Matabeleland,Unknown,"","",5,0,"","",1,1,1,0,"","",0,1,0,1,Assassination,"","","","",22,Violent Political Party,109,Party Official/Candidate/Other Personnel,Zimbabwe African National Union (ZANU),Member: Jini Ntuta,231,Zimbabwe,"","","","","","","","","","","","","","","","",Unknown,"","","","","","",0,"","",0,3,"","","","","","","","","","","",5,Firearms,2,Automatic or Semi-Automatic Rifle,"","","","","","","","","","","","",Automatic rifle,1,"","",0,"","",0,"","","","",0,"","","","","","",0,"","","","","","","","","","","","",PGIS,-9,-9,0,-9,""
198502240001,1985,2,24,"",0,"",231,11,Sub-Saharan Africa,Matabeleland North,Hwange,-18.355878,26.501998,1,0,"","",1,1,1,0,"","",0,1,0,1,Assassination,"","","","",2,Government (General),15,Politician or Political Party Movement/Meeting/Rally,United African National Council,officials of opposition leader Bishop Abel I. Muzorewa,231,Zimbabwe,"","","","","","","","","","","","","","","","",Zimbabwe African Nationalist Union (ZANU),"","","","","","",1,"","",0,2,"","","","","","","","","","","",5,Firearms,5,Unknown Gun Type,"","","","","","","","","","","","",Firearm,5,"","",0,"","",0,"","","","",0,"","","","","","",0,"","","","","","","","","","","","",PGIS,0,0,0,0,""
198601210005,1986,1,21,"",0,"",231,11,Sub-Saharan Africa,Matabeleland,Unknown,"","",5,0,"","",1,1,1,-9,"","",0,1,0,1,Assassination,"","","","",14,Private Citizens & Property,69,Religion Identified,Debshar Ranch (subsidary of Anglo American),"Hector Argyle-40, farmer",183,South Africa,"","","","","","","","","","","","","","","","",Unknown,"","","","","","",0,"","",0,"","","","","","","","","","","","",13,Unknown,"","",5,Firearms,5,Unknown Gun Type,"","","","","","","","",Ambush; Firearm,1,"","",0,"","",0,"","","","",0,"","","","","","",0,"","","","","","","","","","","","",PGIS,-9,-9,1,1,""
198705090003,1987,5,9,"",0,"",231,11,Sub-Saharan Africa,Midlands,Somabhula,-19.698071,29.667207,1,0,"","",1,1,1,-9,"","",0,1,0,2,Armed Assault,"","","","",14,Private Citizens & Property,82,Labor Union Related,Social Culb,Farmers Club House,231,Zimbabwe,"","","","","","","","","","","","","","","","",Unknown,"","","","","","",0,"","",0,"","","","","","","","","","","","",5,Firearms,2,Automatic or Semi-Automatic Rifle,"","","","","","","","","","","","",Automatic firearm,4,"","",0,"","",1,"","","","",0,"","","","","","",0,"","","","","","","","","","","","",PGIS,-9,-9,0,-9,""
198705100002,1987,5,10,"",0,"",231,11,Sub-Saharan Africa,Harare,Harare,-17.825166,31.03351,1,0,"","",1,1,1,-9,"","",0,1,0,9,Unknown,"","","","",14,Private Citizens & Property,82,Labor Union Related,club,settlers club,231,Zimbabwe,"","","","","","","","","","","","","","","","",Unknown,"","","","","","",0,"","",0,"","","","","","","","","","","","",13,Unknown,"","","","","","","","","","","","","","","",4,"","",1,"","",1,"","","","",0,"","","","","","",0,"","","","","","","","","","","","",PGIS,-9,-9,0,-9,""
198705110006,1987,5,11,"",0,"",231,11,Sub-Saharan Africa,Harare,Harare,-17.825166,31.03351,1,0,"","",1,1,1,-9,"","",0,1,0,3,Bombing/Explosion,"","","","",14,Private Citizens & Property,73,Vehicles/Transportation,Housing area,apartment,231,Zimbabwe,"","","","","","","","","","","","","","","","",Unknown,"","","","","","",0,"","",0,"","","","","","","","","","","","",6,Explosives,16,Unknown Explosive Type,"","","","","","","","","","","","",Explosive,0,"","",0,"","",1,"","","","",0,"","","","","","",0,"","","","","","","","","","","","",PGIS,-9,-9,0,-9,""
198705120004,1987,5,12,"",0,"",231,11,Sub-Saharan Africa,Harare,Harare,-17.825166,31.03351,1,0,"","",1,1,1,0,"","",0,1,0,3,Bombing/Explosion,"","","","",2,Government (General),21,Government Building/Facility/Office,"govt, national",ministry office,231,Zimbabwe,"","","","","","","","","","","","","","","","",South African guerrillas,"","","","","","",0,"","",0,"","","","","","","","","","","","",6,Explosives,16,Unknown Explosive Type,"","","","","","","","","","","","",Explosive,1,"","",0,"","",1,"","","","",0,"","","","","","",0,"","","","","","","","","","","","",PGIS,1,1,0,1,""
198705170011,1987,5,17,"",0,"",231,11,Sub-Saharan Africa,Harare,Harare,-17.825166,31.03351,1,0,"","",1,1,1,0,"","",0,1,0,3,Bombing/Explosion,"","","","",2,Government (General),15,Politician or Political Party Movement/Meeting/Rally,Govt Political Party,"Office, African National Congress",231,Zimbabwe,"","","","","","","","","","","","","","","","",Unknown,"","","","","","",0,"","",0,"","","","","","","","","","","","",6,Explosives,11,"Projectile (rockets, mortars, RPGs, etc.)","","","","","","","","","","","","",Rocket,0,"","",0,"","",1,"","","","",0,"","","","","","",0,"","","","","","","","","","","","",PGIS,-9,-9,0,-9,""
198705180003,1987,5,18,"",0,"",231,11,Sub-Saharan Africa,Harare,Harare,-17.825166,31.03351,1,0,"","",1,1,1,-9,"","",0,1,0,2,Armed Assault,"","","","",1,Business,9,Farm/Ranch,Farm - Bus Dom,Dairy Farm,231,Zimbabwe,"","","","","","","","","","","","","","","","",Unknown,"","","","","","",0,"","",0,"","","","","","","","","","","","",5,Firearms,2,Automatic or Semi-Automatic Rifle,"","","","","","","","","","","","",Automatic firearm,1,"","",0,"","",1,"","","","",0,"","","","","","",0,"","","","","","","","","","","","",PGIS,-9,-9,0,-9,""
198706010011,1987,6,1,"",0,"",231,11,Sub-Saharan Africa,Bulawayo,Bulawayo,-20.120995,28.62729,1,0,"","",1,1,1,-9,"","",0,1,0,1,Assassination,"","","","",18,Tourists,97,Tourist,"",tourists,75,Germany,"","","","","","","","","","","","","","","","",Unknown,"","","","","","",0,"","",0,"","","","","","","","","","","","",5,Firearms,3,Handgun,"","","","","","","","","","","","",Pistol,2,"","",0,"","",0,"","","","",0,"","","","","","",0,"","","","","","","","","","","","",PGIS,-9,-9,1,1,""
198710130003,1987,10,13,"",0,"",231,11,Sub-Saharan Africa,Harare,Harare,-17.825166,31.03351,1,0,"","",1,1,1,0,"","",0,1,0,3,Bombing/Explosion,"","","","",14,Private Citizens & Property,74,Marketplace/Plaza/Square,Avondale Shopping Center,shopping center parking lot,231,Zimbabwe,"","","","","","","","","","","","","","","","",Unknown,"","","","","","",0,"","",0,"","","","","","","","","","","","",6,Explosives,15,Vehicle,"","","","","","","","","","","","",Explosive,0,"","",18,"","",1,3,Minor (likely < $1 million),50000,"",0,"","","","","","",0,"","","","","","","","","","","","",PGIS,-9,-9,0,-9,""
198711260003,1987,11,26,"",0,"",231,11,Sub-Saharan Africa,Bulawayo,Bulawayo,-20.120995,28.62729,1,0,"","",1,1,1,0,"","",0,1,0,2,Armed Assault,"","","","",15,Religious Figures/Institutions,87,Affiliated Institution,Brotherhood of Reconciliation,New Adam Missionary Farm,231,Zimbabwe,"","","","","","","","","","","","","","","","",Zimbabwe African Nationalist Union (ZANU),"","","","","","",0,"","",0,"","","","","","","","","","","","",9,Melee,23,Knife or Other Sharp Object,9,Melee,23,Knife or Other Sharp Object,"","","","","","","","",Knife; Axe,8,"","",0,"","",1,"","","","",0,"","","","","","",0,"","","","","","","","","","","","",PGIS,0,0,0,0,""
198711260004,1987,11,26,"",0,"",231,11,Sub-Saharan Africa,Bulawayo,Bulawayo,-20.120995,28.62729,1,0,"","",1,1,1,0,"","",0,1,0,2,Armed Assault,"","","","",15,Religious Figures/Institutions,87,Affiliated Institution,Brotherhood of Reconciliation,Olive Tree Missionary Farm,231,Zimbabwe,"","","","","","","","","","","","","","","","",Zimbabwe African Nationalist Union (ZANU),"","","","","","",0,"","",0,"","","","","","","","","","","","",5,Firearms,2,Automatic or Semi-Automatic Rifle,9,Melee,23,Knife or Other Sharp Object,"","","","","","","","",Automatic firearm; Knife,8,2,"",0,"","",1,"","","","",0,"","","","","","",0,"","","","","","","","","","","","",PGIS,0,0,0,0,""
198711260005,1987,11,26,"",0,"",231,11,Sub-Saharan Africa,Unknown,Joromani,-19.015438,29.154857,4,0,"","",1,1,1,0,"","",0,1,0,2,Armed Assault,"","","","",14,Private Citizens & Property,75,Village/City/Town/Suburb,Govt.,Joromani Village,231,Zimbabwe,"","","","","","","","","","","","","","","","",Mozambique National Resistance Movement (MNR),"","","","","","",0,"","",0,"","","","","","","","","","","","",5,Firearms,2,Automatic or Semi-Automatic Rifle,9,Melee,23,Knife or Other Sharp Object,"","","","","","","","",Automatic firearm; Axe,7,"","",0,"","",1,"","","","",0,"","","","","","",0,"","","","","","","","","","","","",PGIS,1,1,0,1,""
198801120001,1988,1,12,"",0,"",231,11,Sub-Saharan Africa,Matabeleland South,Trenance,-20.106772,28.54186,1,0,"","",1,1,1,0,"","",0,1,0,3,Bombing/Explosion,"","","","",22,Violent Political Party,109,Party Official/Candidate/Other Personnel,African National Congress (ANC),Villa,231,Zimbabwe,"","","","","","","","","","","","","","","","",Unknown,"","","","","","",0,"","",0,"","","","","","","","","","","","",6,Explosives,15,Vehicle,"","","","","","","","","","","","",Explosive,2,"","",3,"","",1,3,Minor (likely < $1 million),75000,"",0,"","","","","","",0,"","","","","","","","","","","","",PGIS,-9,-9,0,-9,""
198901080006,1989,1,8,"",0,"",231,11,Sub-Saharan Africa,Manicaland,Makoho,-19.023611,31.614167,2,0,"","",1,1,1,0,"","",0,1,0,5,Hostage Taking (Barricade Incident),"","","","",14,Private Citizens & Property,75,Village/City/Town/Suburb,Govt,Village of Makoho,231,Zimbabwe,"","","","","","","","","","","","","","","","",Mozambique National Resistance Movement (MNR),"","","","","","",0,"","",0,"","","","","","","","","","","","",5,Firearms,2,Automatic or Semi-Automatic Rifle,"","","","","","","","","","","","",Automatic firearm,6,"","",9,"","",1,"","","","",1,6,0,0,"","","",0,"","","","","","","","","","","","",PGIS,1,1,0,1,""
198901170002,1989,1,17,"",0,"",231,11,Sub-Saharan Africa,Mashonaland East,Sadza,-18.884458,31.278373,1,0,"","",1,1,1,0,"","",0,1,0,1,Assassination,"","","","",14,Private Citizens & Property,67,Unnamed Civilian/Unspecified,"",6 persons,231,Zimbabwe,"","","","","","","","","","","","","","","","",Mozambique National Resistance Movement (MNR),"","","","","","",0,"","",0,"","","","","","","","","","","","",5,Firearms,2,Automatic or Semi-Automatic Rifle,"","","","","","","","","","","","",Automatic firearm,6,"","",0,"","",0,"","","","",0,"","","","","","",0,"","","","","","","","","","","","",PGIS,1,1,0,1,""
198907110005,1989,7,11,"",0,"",231,11,Sub-Saharan Africa,Manicaland,Nyanga,-18.220079,32.746369,1,0,"","",1,1,1,0,"","",0,1,0,2,Armed Assault,"","","","",14,Private Citizens & Property,75,Village/City/Town/Suburb,Govt,Nyanga Village,231,Zimbabwe,"","","","","","","","","","","","","","","","",Mozambique National Resistance Movement (MNR),"","","","","","",0,"","",0,"","","","","","","","","","","","",5,Firearms,2,Automatic or Semi-Automatic Rifle,"","","","","","","","","","","","",Automatic firearm,9,"","",0,"","",1,"","","","",0,"","","","","","",0,"","","","","","","","","","","","",PGIS,1,1,0,1,""
199001130002,1990,1,13,"",0,"",231,11,Sub-Saharan Africa,Unknown,Unknown,"","",5,0,"","",1,1,1,0,"","",0,1,0,3,Bombing/Explosion,"","","","",21,Utilities,108,Oil,Lonrho Corporation,Beira Corridor Pipeline,216,Great Britain,"","","","","","","","","","","","","","","","",Mozambique National Resistance Movement (MNR),"","","","","","",0,"","",0,"","","","","","","","","","","","",6,Explosives,16,Unknown Explosive Type,"","","","","","","","","","","","",Explosive,0,"","",0,"","",1,3,Minor (likely < $1 million),95000,"Damages: exlposion, damaged oil pipeline, lost 380,000 liters pertoleum, estimated at $95,000",0,"","","","","","",0,"","","","","","","","","","","","",PGIS,1,1,1,1,""
199001160002,1990,1,16,"",0,"",231,11,Sub-Saharan Africa,Midlands,Bera,-20.06402,30.15885,2,1,"","",1,1,1,0,"","",0,1,0,3,Bombing/Explosion,"","","","",21,Utilities,108,Oil,Lonrho Corporation,Beira Corridor Pipeline,216,Great Britain,"","","","","","","","","","","","","","","","",Mozambique National Resistance Movement (MNR),"","","","","","",0,"","",0,"","","","","","","","","","","","",6,Explosives,16,Unknown Explosive Type,"","","","","","","","","","","","",Explosive,0,"","",0,"","",1,3,Minor (likely < $1 million),70888,"Damages: explosion, damaged oil pipeline, lost 283,555 liters of petroleum, estimated at $70,888",0,"","","","","","",0,"","","","","","","","","","","","",PGIS,1,1,1,1,""
199001160003,1990,1,16,"",0,"",231,11,Sub-Saharan Africa,Unknown,Unknown,"","",5,0,"","",1,1,1,0,"","",0,1,0,3,Bombing/Explosion,"","","","",21,Utilities,108,Oil,Lonrho Corporation,Beira Corridor Pipeline,216,Great Britain,"","","","","","","","","","","","","","","","",Mozambique National Resistance Movement (MNR),"","","","","","",0,"","",0,"","","","","","","","","","","","",6,Explosives,16,Unknown Explosive Type,"","","","","","","","","","","","",Explosive,0,"","",0,"","",1,3,Minor (likely < $1 million),149500,"Damages: explosion, damaged oil pipeline, lost 597,910 liters of petroleum, estimated at $149,500",0,"","","","","","",0,"","","","","","","","","","","","",PGIS,1,1,1,1,""
199003000002,1990,3,0,"",0,"",231,11,Sub-Saharan Africa,Midlands,Gweru,-19.468531,29.81208,1,0,"","",1,1,1,0,"","",0,1,0,1,Assassination,"","","","",2,Government (General),15,Politician or Political Party Movement/Meeting/Rally,Zimbabwe Unity Movement,Patrick Kombayi *,231,Zimbabwe,"","","","","","","","","","","","","","","","",Unknown,"","","","","","",0,"","",0,"","","","","","","","","","","","",5,Firearms,3,Handgun,"","","","","","","","","","","","",Pistol,0,"","",1,"","",0,"","","","",0,"","","","","","",0,"","","","","","","","","","","","",PGIS,-9,-9,0,-9,""
199004130011,1990,4,13,"",0,"",231,11,Sub-Saharan Africa,Mashonaland Central,Rushinga district,-16.646518,32.265389,3,1,"","",1,1,1,0,"","",0,1,0,2,Armed Assault,"","","","",14,Private Citizens & Property,78,"Procession/Gathering (funeral, wedding, birthday, religious)",Govt,Village Beer Drinking Gathering,231,Zimbabwe,"","","","","","","","","","","","","","","","",Mozambique National Resistance Movement (MNR),"","","","","","",0,"","",0,"","","","","","","","","","","","",5,Firearms,2,Automatic or Semi-Automatic Rifle,"","","","","","","","","","","","",Automatic firearm,9,"","",12,"","",1,"","","","",0,"","","","","","",0,"","","","","","","","","","","","",PGIS,1,1,0,1,""
199004280010,1990,4,28,"",0,"",231,11,Sub-Saharan Africa,Harare,Harare,-17.825166,31.03351,1,0,"","",1,1,1,0,"","",0,0,0,1,Assassination,"","","","",15,Religious Figures/Institutions,85,Religious Figure,Anglican Priest,Michael Lapsley *,231,Zimbabwe,"","","","","","","","","","","","","","","","",Right-wing extremists,"","","","","","",0,"","",0,"","","","","","","","","","","","",6,Explosives,16,Unknown Explosive Type,"","","","","","","","","","","","",Explosive,0,"","",1,"","",0,"","","","",0,"","","","","","",0,"","","","","","","","","","","","",PGIS,-9,-9,0,-9,""
199107200010,1991,7,20,"",0,"",231,11,Sub-Saharan Africa,Harare,Harare,-17.825166,31.03351,1,0,"","",1,1,1,-9,"","",0,1,0,3,Bombing/Explosion,"","","","",1,Business,8,Hotel/Resort,Sheraton Hotels,Sheraton Hotel*,217,United States,"","","","","","","","","","","","","","","","",Unknown,"","","","","","",0,"","",0,"","","","","","","","","","","","",6,Explosives,16,Unknown Explosive Type,"","","","","","","","","","","","",Explosive,0,"","",0,"","",1,"","","","",0,"","","","","","",0,"","","","","","","","","","","","",PGIS,-9,-9,1,1,""
199205250009,1992,5,25,"",0,"",231,11,Sub-Saharan Africa,Bulawayo,Bulawayo,-20.120995,28.62729,1,0,"","",1,1,1,0,"","",0,1,0,3,Bombing/Explosion,"","","","",22,Violent Political Party,109,Party Official/Candidate/Other Personnel,African National Congress (ANC),Member,183,South Africa,"","","","","","","","","","","","","","","","",Unknown,"","","","","","",0,"","",0,"","","","","","","","","","","","",6,Explosives,16,Unknown Explosive Type,"","","","","","","","","","","","",Explosive,0,"","",0,"","",1,"","","","",0,"","","","","","",0,"","","","","","","","","","","","",PGIS,-9,-9,1,1,""
199406190005,1994,6,19,"",0,"",231,11,Sub-Saharan Africa,Mashonaland East,Chitungwiza,-18.019782,31.067907,1,0,"","",1,1,1,0,"","",0,1,0,8,Unarmed Assault,"","","","",2,Government (General),15,Politician or Political Party Movement/Meeting/Rally,African National Union-Patriotic Front,Group of Members,231,Zimbabwe,"","","","","","","","","","","","","","","","",Zimbabwe African Nationalist Union (ZANU),Sithole,"","","","","",0,"","",0,"","","","","","","","","","","","",12,Other,"","","","","","","","","","","","","","",Bow and arrow,0,"","",25,"","",1,"","","","",0,"","","","","","",0,"","","","","","","","","","","","",PGIS,0,0,0,0,""
199510140004,1995,10,14,"",0,"",231,11,Sub-Saharan Africa,Harare,Harare,-17.825166,31.03351,1,0,"","",1,1,1,0,"","",0,0,0,1,Assassination,"","","","",2,Government (General),17,Head of State,"",President Magade,231,Zimbabwe,"","","","","","","","","","","","","","","","",Unknown,"","","","","","",0,"","",0,"","","","","","","","","","","","",13,Unknown,"","","","","","","","","","","","","","","",0,"","",0,"","",0,"","","","",0,"","","","","","",0,"","","","","","","","","","","","",PGIS,-9,-9,0,-9,""
199511030002,1995,11,3,"",0,"",231,11,Sub-Saharan Africa,Harare,Harare,-17.825166,31.03351,1,0,"","",1,1,1,0,"","",0,0,0,1,Assassination,"","","","",2,Government (General),15,Politician or Political Party Movement/Meeting/Rally,"",Political Leader,65,Ethiopia,"","","","","","","","","","","","","","","","",Unknown,"","","","","","",0,"","",0,"","","","","","","","","","","","",5,Firearms,5,Unknown Gun Type,"","","","","","","","","","","","",Firearm,0,"","",1,"","",0,"","","","",0,"","","","","","",0,"","","","","","","","","","","","",PGIS,-9,-9,1,1,""
200006240001,2000,6,24,"",0,"",231,11,Sub-Saharan Africa,Mashonaland Central,Chiweshe,-16.88337,31.12249,1,0,"A gas station in the northern town of Chiweshe, in Mazowe District, Zimbabwe","6/24/2000: Shepherd Mushonga, the opposition candidate for Movement for Democratic Change (MDC) for the northern constituency of Mazoe East, was the target of a bombing in the northern town of Chiweshe, Mazowe District, Zimbabwe. Supporters of ZANU-PF, the ruling party, detonated a remote-controlled bomb while Mushonga was at a gas station.  He was not injured in the attack, but the petrol storage tank at the station was set ON fire and his car was damaged in the explosion.",1,1,1,0,"","",0,1,0,3,Bombing/Explosion,"","","","",2,Government (General),15,Politician or Political Party Movement/Meeting/Rally,Opposition government in Zimbabwe,"Shepherd Mushonga, the opposition candidate for Movement for Democratic Change (MDC) for the northern constituency of Mazoe East",231,Zimbabwe,"","","","","","","","","","","","","","","","",Zimbabwe African Nationalist Union (ZANU),"","","","","","Specific motive is unknown, but sources are interpreting the attack as an intimidation tactic.",0,"","",0,-99,0,0,"","","","","","","","","",6,Explosives,12,Remote Trigger,"","","","","","","","","","","","",The bomb was a remote-controlled device,0,0,0,0,0,0,1,4,Unknown,"",The bomb set a petrol storage tank on fire and damaged a car,0,"","","","","","","","","","","","","","","","","\"\"\"Urgent Bomb set off as opposition candidate fills tank","\"\" Agence France-Presse",June 24,"2000.\"","\"\"\"High voter turnout reported despite 'serious intimidation'\"\"",South African Press Association,June 24,"2000.\"","\"\"\"Zimbabweans flock to vote"
200101280011,2001,1,28,"",0,"",231,11,Sub-Saharan Africa,Harare,Harare,-17.825166,31.03351,1,1,The Southerton neighborhood of Harare,"1/28/2001: The printing press of the Daily News, Zimbabwe's only independent daily newspaper, was attacked in Harare, Zimbabwe.  Six men forced their way into the printing press, setting off a series of explosions that destroyed several printing presses and damaged the warehouse; however, no one was injured in the explosions.  The Daily News accused the government of being involved in the attack.",1,1,1,0,"","",0,1,0,3,Bombing/Explosion,"","","","",10,Journalists & Media,53,Newspaper Journalist/Staff/Facility,Zimbabwe media,"The Daily News, Zimbabwe's only independent daily newspaper",231,Zimbabwe,"","","","","","","","","","","","","","","","",Unknown,"","","","","","Specific motive is unknown; however, sources note that the Daily News has been openly critical of the government.",0,"","",0,6,0,0,"","","","","","","","","",6,Explosives,16,Unknown Explosive Type,5,Firearms,5,Unknown Gun Type,"","","","","","","","",It appears that five explosions took place,0,0,0,0,0,0,1,4,Unknown,"","Five printing presses were destroyed, along with other machinery, and the warehouse was badly damaged",0,"","","","","","","","","","","","","","","","Sources provide several different possible perpetrators, including the government and a militant leader named Chenjerai Hunzvi","\"\"\"Blast hits Zimbabwe independent daily's printing press","\"\" Agence France-Presse",January 28,"2001\"","\"Michael Hartnack, \"\"Saboteurs attack independent Zimbabwean newspaper's printing works","\"\" Associated Press",January 28,"2001.\"","\"\"\"Zimbabwe newspaper hits out after bombing"
200103040006,2001,3,0,"March 3-4, 2001",0,"",231,11,Sub-Saharan Africa,Matabeleland North,Nyamandlovu,-19.860083,28.268742,1,0,"A farm in Nyamandlovu, approximately 70 kilometers from Bulawayo","3/3/2001: Three suspected members of the Liberation War Veterans Association shot and killed Gloria Olds at her farm in Nyamandlovu, Matabeleland North, Zimbabwe.  Olds was the mother of an opposition activist that had been killed the previous year.  She was the eighth white farmer to be killed since veterans and militants began seizing farms in the area.",1,1,1,1,2,Other Crime Type,0,1,0,2,Armed Assault,"","","","",14,Private Citizens & Property,83,Protester,Civilian,"Gloria Olds, the mother of a prominent opposition activist that had been killed the previous year",231,Zimbabwe,"","","","","","","","","","","","","","","","",Liberation War Veterans Association,"","","","","","Specific motive is unknown; however, sources speculate that the attack was intended to provoke a reaction from farmers, thus giving the government more reason to crack down on them.",1,"","",0,3,0,0,"","","","","","","","","",5,Firearms,2,Automatic or Semi-Automatic Rifle,"","","","","","","","","","","","",AK-47 rifle,1,0,0,0,0,0,1,4,Unknown,"",The assailants stole a truck,0,"","","","","","","","","","","","","","","","Although sources state that the attack was likely politically motivated, one source does note that the truck was stolen, indicating the possibility of purely economic motive.","\"\"\"Murdered Zimbabwe farmer's mother shot dead on farm","\"\" Agence France-Presse",March 4,"2001.\"","\"Michael Hartnack, \"\"Farm violence in Zimbabwe claims another victim","\"\" Associated Press",March 4,"2001.\"","\"\"\"Gunmen kill white woman farmer in Zimbabwe"
200106260003,2001,6,26,"",0,"",231,11,Sub-Saharan Africa,Mashonaland Central,Shamva,-17.29438,31.64146,1,0,"","06/26/2001: Approximately 200 suspected supporters ZANU and war veterans stormed Shamva gold mine in Mashonaland Central Province in Zimbabwe. The attackers destroyed homes and assaulted residents suspected of being supporters of the opposition Movement for Democratic Change (MDC). Six houses were destroyed in the mine compound while scores of people were wounded, 10 of them seriously.",1,1,1,0,"","",0,1,0,9,Unknown,"","","","",14,Private Citizens & Property,67,Unnamed Civilian/Unspecified,Shamva gold mine in Mashonaland Central Province,Residents of the Shamva gold mine suspected of being supporters of the opposition Movement for Democratic Change and their homes,231,Zimbabwe,"","","","","","","","","","","","","","","","",Zimbabwe African Nationalist Union (ZANU),"","","","","",Unknown,1,"","",0,200,0,0,"","","","","","","","","",13,Unknown,"","","","","","","","","","","","","","","",0,0,0,"",0,0,1,3,Minor (likely < $1 million),"","Six houses were destroyed in the mine compound. Many houses' windows, doors and roofs were shattered.",0,"","","","","","","","","","","","","","","","The violence left most people terrified as it happened in broad daylight and the attackers promised to come back again anytime. Joseph Mashinya, the losing parliamentary candidate for Shamva from the Movement for Democratic Change (MDC), said the ruling party ZANU-RF was targeting MDC members because the opposition was gaining wide support as the country approached crucial presidential elections in a year.","�Zimbabwe: Veterans storm Mashonaland mine, destroy homes, attack residents,� The Financial Gazette (Harare), June 28, 2001.","","",CETIS,0,0,0,0,""
