201408060060,2014,8,6,"",0,"",183,11,Sub-Saharan Africa,KwaZulu-Natal,Mandini,-29.154677,31.406594,1,0,"","08/06/2014: Assailants opened fire on four National Union of Metal Workers of South Africa (NUMSA) members in Mandini town, KwaZulu-Natal province, South Africa. Three people were killed and a fourth person was injured in the attack. No group claimed responsibility for the incident.",1,1,1,0,"","",0,1,0,2,Armed Assault,"","","","",14,Private Citizens & Property,82,Labor Union Related,National Union of Metalworkers of South Africa,Members,183,South Africa,"","","","","","","","","","","","","","","","",Unknown,"","","","","","",0,"","",0,-99,0,0,"","","","","","","","","",5,Firearms,5,Unknown Gun Type,"","","","","","","","","","","","","",3,0,0,1,0,0,1,3,Minor (likely < $1 million),-99,A vehicle was damaged in this attack.,0,"","","","","","","","","","","","","","","","","\"\"\"Union members gunned down","\"\" newsWall.co.za",August 10,"2014.\"","\"\"\"NUMSA Condemns Killing of Its Shopstewards in Kwazulu-Natal","\"\" AllAfrica.com",August 8,"2014.\"",""
201409040050,2014,9,4,"",0,"",183,11,Sub-Saharan Africa,Western Cape,Cape Town,-33.941849,18.41964,1,0,The incident occurred in the Athlone area of the city.,"09/04/2014: An explosive device detonated outside Belgravia Autos in Cape Town, Western Cape province, South Africa. There were no reported casualties; however, a vehicle was damaged in the blast. This was one of two similar bombings that occurred at different businesses in Cape Town within ten minutes of each other on the same day. No group claimed responsibility for the incidents.",0,1,1,1,2,Other Crime Type,1,1,0,3,Bombing/Explosion,"","","","",1,Business,7,Retail/Grocery/Bakery,Belgravia Autos,Car Dealership,183,South Africa,"","","","","","","","","","","","","","","","",Unknown,"","","","","","",0,"","",0,-99,0,0,"","","","","","","","","",6,Explosives,16,Unknown Explosive Type,"","","","","","","","","","","","","",0,0,0,0,0,0,1,3,Minor (likely < $1 million),-99,A vehicle and a vehicle dealership were damaged in this attack.,0,"","","","","","","","","","","","","","","","There is doubt this incident meets terrorism-related criteria. Sources conflicted with regards to the motive for the attacks. Some sources believed that the attacks were carried out as an extortion attempt by local gangs; whereas, other sources speculated that the attacks were politically motivated.","\"\"\"Blast scares off customers","\"\" Cape Argus",September 8,"2014.\"","\"\"\"Gangs allegedly behind Athlone bombings","\"\" Eye Witness News",September 8,"2014.\"","\"\"\"Speculation Rife Over Cape Town Blasts"
201409040051,2014,9,4,"",0,"",183,11,Sub-Saharan Africa,Western Cape,Cape Town,-33.991005,18.56384,1,0,The incident occurred in the Crawford suburb of the city.,"09/04/2014: An explosive device detonated outside of a Woolworths store in Cape Town, Western Cape province, South Africa. There were no reported casualties; however, the store was damaged in the blast. This was one of two similar bombings that occurred at different businesses in Cape Town within ten minutes of each other on the same day. No group claimed responsibility for the incidents.",0,1,1,1,2,Other Crime Type,1,1,0,3,Bombing/Explosion,"","","","",1,Business,7,Retail/Grocery/Bakery,Kromboom Convenience Centre,Shopping Center,183,South Africa,"","","","","","","","","","","","","","","","",Unknown,"","","","","","",0,"","",0,-99,0,0,"","","","","","","","","",6,Explosives,16,Unknown Explosive Type,"","","","","","","","","","","","","",0,0,0,0,0,0,1,3,Minor (likely < $1 million),-99,A retail store was damaged in this attack.,0,"","","","","","","","","","","","","","","","There is doubt this incident meets terrorism-related criteria. Sources conflicted with regards to the motive for the attacks. Some sources believed that the attacks were carried out as an extortion attempt by local gangs; whereas, other sources speculated that the attacks were politically motivated.","\"\"\"Blast scares off customers","\"\" Cape Argus",September 8,"2014.\"","\"\"\"Gangs allegedly behind Athlone bombings","\"\" Eye Witness News",September 8,"2014.\"","\"\"\"Speculation Rife Over Cape Town Blasts"
201410030054,2014,10,3,"",0,"",183,11,Sub-Saharan Africa,Free State,Khotsong,-27.37443,26.651809,1,0,"","10/03/2014: Assailants set a municipal councilor's house on fire in Khotsong town, Free State, South Africa. This was one of seven arson attacks on buildings in Khogtsong on this night. No group claimed responsibility for the incident; however, sources attributed the attacks to the Economic Freedom Fighters.",1,1,1,0,"","",1,1,0,7,Facility/Infrastructure Attack,"","","","",2,Government (General),15,Politician or Political Party Movement/Meeting/Rally,Government of Nala,House of Municipal Councilor,183,South Africa,"","","","","","","","","","","","","","","","",Economic Freedom Fighters,"","","","","","",0,"","",0,16,16,0,"","","","","","","","","",8,Incendiary,18,Arson/Fire,"","","","","","","","","","","","","",0,0,0,0,0,0,1,3,Minor (likely < $1 million),-99,A home was damaged in this attack.,0,"","","","","","","","","","","","","","","","","\"\"\"RSA: Four Opposition Economic Freedom Fighters Members Appear in Court Over Alleged Arson","\"\" SAPA",October 8,"2014.\"","\"\"\"RSA: Opposition EFF Members 'Hand Themselves' to Police For Arson Charges","\"\" SAPA",October 7,"2014.\"",""
201410030055,2014,10,3,"",0,"",183,11,Sub-Saharan Africa,Free State,Khotsong,-27.37443,26.651809,1,0,"","10/03/2014: Assailants set a municipal councilor's house on fire in Khotsong town, Free State, South Africa. This was one of seven arson attacks on buildings in Khogtsong on this night. No group claimed responsibility for the incident; however, sources attributed the attacks to the Economic Freedom Fighters.",1,1,1,0,"","",1,1,0,7,Facility/Infrastructure Attack,"","","","",2,Government (General),15,Politician or Political Party Movement/Meeting/Rally,Government of Nala,House of Municipal Councilor,183,South Africa,"","","","","","","","","","","","","","","","",Economic Freedom Fighters,"","","","","","",0,"","",0,16,16,0,"","","","","","","","","",8,Incendiary,18,Arson/Fire,"","","","","","","","","","","","","",0,0,0,0,0,0,1,3,Minor (likely < $1 million),-99,A home was damaged in this attack.,0,"","","","","","","","","","","","","","","","","\"\"\"RSA: Four Opposition Economic Freedom Fighters Members Appear in Court Over Alleged Arson","\"\" SAPA",October 8,"2014.\"","\"\"\"RSA: Opposition EFF Members 'Hand Themselves' to Police For Arson Charges","\"\" SAPA",October 7,"2014.\"",""
201410030056,2014,10,3,"",0,"",183,11,Sub-Saharan Africa,Free State,Khotsong,-27.37443,26.651809,1,0,"","10/03/2014: Assailants set a municipal councilor's house on fire in Khotsong town, Free State, South Africa. This was one of seven arson attacks on buildings in Khogtsong on this night. No group claimed responsibility for the incident; however, sources attributed the attacks to the Economic Freedom Fighters.",1,1,1,0,"","",1,1,0,7,Facility/Infrastructure Attack,"","","","",2,Government (General),15,Politician or Political Party Movement/Meeting/Rally,Government of Nala,House of Municipal Councilor,183,South Africa,"","","","","","","","","","","","","","","","",Economic Freedom Fighters,"","","","","","",0,"","",0,16,16,0,"","","","","","","","","",8,Incendiary,18,Arson/Fire,"","","","","","","","","","","","","",0,0,0,0,0,0,1,3,Minor (likely < $1 million),-99,A home was damaged in this attack.,0,"","","","","","","","","","","","","","","","","\"\"\"RSA: Four Opposition Economic Freedom Fighters Members Appear in Court Over Alleged Arson","\"\" SAPA",October 8,"2014.\"","\"\"\"RSA: Opposition EFF Members 'Hand Themselves' to Police For Arson Charges","\"\" SAPA",October 7,"2014.\"",""
201410030057,2014,10,3,"",0,"",183,11,Sub-Saharan Africa,Free State,Khotsong,-27.37443,26.651809,1,0,"","10/03/2014: Assailants set a municipal councilor's house on fire in Khotsong town, Free State, South Africa. This was one of seven arson attacks on buildings in Khogtsong on this night. No group claimed responsibility for the incident; however, sources attributed the attacks to the Economic Freedom Fighters.",1,1,1,0,"","",1,1,0,7,Facility/Infrastructure Attack,"","","","",2,Government (General),15,Politician or Political Party Movement/Meeting/Rally,Government of Nala,House of Municipal Councilor,183,South Africa,"","","","","","","","","","","","","","","","",Economic Freedom Fighters,"","","","","","",0,"","",0,16,16,0,"","","","","","","","","",8,Incendiary,18,Arson/Fire,"","","","","","","","","","","","","",0,0,0,0,0,0,1,3,Minor (likely < $1 million),-99,A home was damaged in this attack.,0,"","","","","","","","","","","","","","","","","\"\"\"RSA: Four Opposition Economic Freedom Fighters Members Appear in Court Over Alleged Arson","\"\" SAPA",October 8,"2014.\"","\"\"\"RSA: Opposition EFF Members 'Hand Themselves' to Police For Arson Charges","\"\" SAPA",October 7,"2014.\"",""
201410030058,2014,10,3,"",0,"",183,11,Sub-Saharan Africa,Free State,Khotsong,-27.37443,26.651809,1,0,"","10/03/2014: Assailants set a house on fire in Khotsong town, Free State, South Africa. This was one of seven arson attacks on buildings in Khogtsong on this night. No group claimed responsibility for the incident; however, sources attributed the attacks to the Economic Freedom Fighters.",1,1,1,0,"","",1,1,0,7,Facility/Infrastructure Attack,"","","","",14,Private Citizens & Property,76,House/Apartment/Residence,Not Applicable,House,183,South Africa,"","","","","","","","","","","","","","","","",Economic Freedom Fighters,"","","","","","",0,"","",0,16,16,0,"","","","","","","","","",8,Incendiary,18,Arson/Fire,"","","","","","","","","","","","","",0,0,0,0,0,0,1,3,Minor (likely < $1 million),-99,A home was damaged in this attack.,0,"","","","","","","","","","","","","","","","","\"\"\"RSA: Four Opposition Economic Freedom Fighters Members Appear in Court Over Alleged Arson","\"\" SAPA",October 8,"2014.\"","\"\"\"RSA: Opposition EFF Members 'Hand Themselves' to Police For Arson Charges","\"\" SAPA",October 7,"2014.\"",""
201410030059,2014,10,3,"",0,"",183,11,Sub-Saharan Africa,Free State,Khotsong,-27.37443,26.651809,1,0,"","10/03/2014: Assailants set a house on fire in Khotsong town, Free State, South Africa. This was one of seven arson attacks on buildings in Khogtsong on this night. No group claimed responsibility for the incident; however, sources attributed the attacks to the Economic Freedom Fighters.",1,1,1,0,"","",1,1,0,7,Facility/Infrastructure Attack,"","","","",14,Private Citizens & Property,76,House/Apartment/Residence,Not Applicable,House,183,South Africa,"","","","","","","","","","","","","","","","",Economic Freedom Fighters,"","","","","","",0,"","",0,16,16,0,"","","","","","","","","",8,Incendiary,18,Arson/Fire,"","","","","","","","","","","","","",0,0,0,0,0,0,1,3,Minor (likely < $1 million),-99,A home was damaged in this attack.,0,"","","","","","","","","","","","","","","","","\"\"\"RSA: Four Opposition Economic Freedom Fighters Members Appear in Court Over Alleged Arson","\"\" SAPA",October 8,"2014.\"","\"\"\"RSA: Opposition EFF Members 'Hand Themselves' to Police For Arson Charges","\"\" SAPA",October 7,"2014.\"",""
201410030060,2014,10,3,"",0,"",183,11,Sub-Saharan Africa,Free State,Khotsong,-27.37443,26.651809,1,0,"","10/03/2014: Assailants set a library on fire in Khotsong town, Free State, South Africa. This was one of seven arson attacks on buildings in Khogtsong on this night. No group claimed responsibility for the incident; however, sources attributed the attacks to the Economic Freedom Fighters.",1,1,1,0,"","",1,1,0,7,Facility/Infrastructure Attack,"","","","",14,Private Citizens & Property,81,Museum/Cultural Center/Cultural House,Unknown,Library,183,South Africa,"","","","","","","","","","","","","","","","",Economic Freedom Fighters,"","","","","","",0,"","",0,16,16,0,"","","","","","","","","",8,Incendiary,18,Arson/Fire,"","","","","","","","","","","","","",0,0,0,0,0,0,1,3,Minor (likely < $1 million),-99,A library was damaged in this attack.,0,"","","","","","","","","","","","","","","","","\"\"\"RSA: Four Opposition Economic Freedom Fighters Members Appear in Court Over Alleged Arson","\"\" SAPA",October 8,"2014.\"","\"\"\"RSA: Opposition EFF Members 'Hand Themselves' to Police For Arson Charges","\"\" SAPA",October 7,"2014.\"",""
201410040038,2014,10,4,"",0,"",183,11,Sub-Saharan Africa,Western Cape,Wynberg,-34.008446,18.466182,1,0,"","10/04/2014: Assailants set fire to the Open Mosque in Wynberg, Cape Town, South Africa. There were no reported casualties resulting from the blaze. No group claimed responsibility for the incident; however, sources attributed the attack to Muslim fundamentalists.",1,1,1,0,"","",0,1,0,7,Facility/Infrastructure Attack,"","","","",15,Religious Figures/Institutions,86,Place of Worship,Open Mosque,Mosque,183,South Africa,"","","","","","","","","","","","","","","","",Muslim extremists,"","","","","","The specific motive is unknown; however, sources noted that the targeted mosque had received a number of recent threats for allowing women and Christians to lead prayer. Sources also noted that the religious institution was the first South African mosque to be described as gay-friendly.",0,"","",0,-99,0,0,"","","","","","","","","",8,Incendiary,18,Arson/Fire,"","","","","","","","","","","","","",0,0,0,0,0,0,1,3,Minor (likely < $1 million),-99,A mosque was damaged in this attack.,0,"","","","","","","","","","","","","","","","","\"\"\"Arson Attack Suspected On South Africa's First Gay Friendly Mosque","\"\" AFP (World Service)",October 4,"2014.\"","\"\"\"Police probe arson attack on Open Mosque","\"\" SABC",October 4,"2014.\"","\"\"\"RSA: Arsonists Set 'Open Mosque' Alight"
201411070027,2014,11,7,"",0,"",183,11,Sub-Saharan Africa,KwaZulu-Natal,KwaMashu,-29.750669,30.985395,1,0,"","11/07/2014: Assailants shot and killed four members of political parties at a hostel in KwaMashu township, KwaZulu-Natal province, South Africa. No group claimed responsibility for the incident.",1,1,1,0,"","",0,1,0,2,Armed Assault,"","","","",14,Private Citizens & Property,84,Political Party Member/Rally,Unknown,Political Party Members,183,South Africa,"","","","","","","","","","","","","","","","",Unknown,"","","","","","",0,"","",0,-99,0,0,"","","","","","","","","",5,Firearms,5,Unknown Gun Type,"","","","","","","","","","","","","",4,0,0,0,0,0,0,"","","","",0,"","","","","","","","","","","","","","","","","\"\"\"'Cameras and raids needed to curb hostel violence'","\"\" The Witness",November 11,"2014.\"","\"\"\"Four gunned down at KwaMashu hostel","\"\" SABC",November 8,"2014.\"",""
201412110082,2014,12,11,"",0,"",183,11,Sub-Saharan Africa,KwaZulu-Natal,KwaMashu,-29.75019,30.983289,1,0,"","12/11/2014: Assailants threw petrol bombs at a Somali-owned business in KwaMashu township, KwaZulu-Natal province, South Africa. Two people were injured in the attack and their business sustained material damage. No group claimed responsibility for the incident; however, sources noted that the attackers may have been motivated by xenophobic intentions.",1,1,1,0,"","",0,1,0,7,Facility/Infrastructure Attack,"","","","",1,Business,7,Retail/Grocery/Bakery,Unknown,Shop,183,South Africa,"","","","","","","","","","","","","","","","",Unknown,"","","","","","The specific motive is unknown; however, sources noted that the attack, which targeted a foreign-owned business, may have been xenophobic.",0,"","",0,2,0,0,"","","","","","","","","",8,Incendiary,19,Molotov Cocktail/Petrol Bomb,"","","","","","","","","","","","",Petrol bombs were used in the attack.,0,0,0,2,0,0,1,3,Minor (likely < $1 million),-99,A shop was damaged in this attack.,0,"","","","","","","","","","","","","","","","","\"\"\"Somali shop attacks worry MEC","\"\" IOL",December 16,"2014.\"","","",START Primary Collection,-9,-9
201501130078,2015,1,13,"",0,"",183,11,Sub-Saharan Africa,Western Cape,Cape Town,-34.066106,18.614504,1,0,The incident occurred in the Rocklands area of Mitchell's Plain neighborhood.,"01/13/2015: Assailants threw an explosive device at a Klopse Kamer music practice space in Rocklands area, Cape Town, Western Cape province, South Africa. There were no reported casualties; however, the space was damaged in the attack. No group claimed responsibility for the incident.",1,1,1,0,"","",0,1,0,3,Bombing/Explosion,"","","","",14,Private Citizens & Property,82,Labor Union Related,Klopse Kamer,Music Practice Space,183,South Africa,"","","","","","","","","","","","","","","","",Unknown,"","","","","","",0,"","",0,-99,0,0,"","","","","","","","","",6,Explosives,31,Pipe Bomb,"","","","","","","","","","","","",A thrown pipe bomb was used in the attack.,0,0,0,0,0,0,1,3,Minor (likely < $1 million),-99,A building was damaged in this attack.,0,"","","","","","","","","","","","","","","","","\"\"\"Bombs spark concern in Mitchells Plain","\"\" IOL",January 14,"2015.\"","\"\"\"Mitchells Plain minstrel venue bombed","\"\" IOL",January 13,"2015.\"",""
201509150045,2015,9,15,"",0,"",183,11,Sub-Saharan Africa,Western Cape,Strand,-34.12021,18.842361,1,0,The incident occurred on Onverwacht Road.,"09/15/2015: Assailants threw petrol bombs at a passenger bus in Strand, Western Cape, South Africa. At least two people were killed and 32 people were injured in the attack. No group claimed responsibility for the incident.",1,1,1,0,"","",0,1,0,2,Armed Assault,"","","","",19,Transportation,99,Bus (excluding tourists),Intercape,Bus,183,South Africa,"","","","","","","","","","","","","","","","",Unknown,"","","","","","",0,"","",0,-99,0,0,"","","","","","","","","",8,Incendiary,19,Molotov Cocktail/Petrol Bomb,"","","","","","","","","","","","",Petrol bombs were used in the attack.,2,0,0,32,0,0,1,3,Minor (likely < $1 million),-99,A bus was damaged in this attack.,0,"","","","","","","","","","","","","","","","Casualty numbers for this attack conflict across sources. Following GTD protocol, the majority reliable estimates are reported here.","\"\"\"Striking workers 'definitely not' behind Intercape bus attack - Numsa","\"\" News24",September 17,"2015.\"","\"\"\"Two die as bus bombed in Strand","\"\" Times Live South Africa",September 16,"2015.\"","\"\"\"Motive for 'awful' bus attack unclear"
201510060064,2015,10,6,"",0,"",183,11,Sub-Saharan Africa,KwaZulu-Natal,Umzinto,-30.307826,30.664352,1,0,The incident occurred in Maizeland in Umzinto.,"10/06/2015: Assailants shot and killed Mziwendoda Mzi Ncwane, an African National Congress (ANC) ward councilor, in Maizeland, Umzinto, KwaZulu-Natal, South Africa. No group claimed responsibility for the incident.",1,1,1,0,"","",0,1,0,1,Assassination,"","","","",2,Government (General),15,Politician or Political Party Movement/Meeting/Rally,African National Congress (ANC),Ward Councilor: Mziwendoda Mzi Ncwane,183,South Africa,"","","","","","","","","","","","","","","","",Unknown,"","","","","","The specific motive is unknown; however, sources suspected that the attack may have been part of a larger trend of violence related to South Africa's local government elections.",0,"","",0,-99,0,0,"","","","","","","","","",5,Firearms,5,Unknown Gun Type,"","","","","","","","","","","","","",1,0,0,0,0,0,0,"","","","",0,"","","","","","","","","","","","","","","","","\"\"\"eNCA | LIVE VIDEO: Police minister addresses political killings","\"\" MyInforms",July 27,"2016.\"","","",START Primary Collection,-9,-9
201511200054,2015,11,20,"",0,"",183,11,Sub-Saharan Africa,North West,Marikana,-25.684548,27.537844,1,0,The incident occurred in Nkaneng in Marikana.,"11/20/2015: Assailants shot and killed Fundisile Nqinelo, an African National Congress (ANC) ward councilor and branch chairperson, in Nkaneng, Marikana, North West province, South Africa. No group claimed responsibility for the incident.",1,1,1,0,"","",0,1,0,1,Assassination,"","","","",2,Government (General),15,Politician or Political Party Movement/Meeting/Rally,African National Congress (ANC),Ward Councilor: Fundisile Nqinelo,183,South Africa,"","","","","","","","","","","","","","","","",Unknown,"","","","","","The specific motive is unknown; however, sources suspected that the attack may have been part of a larger trend of violence related to South Africa's local government elections.",0,"","",0,-99,0,0,"","","","","","","","","",5,Firearms,5,Unknown Gun Type,"","","","","","","","","","","","","",1,0,0,0,0,0,0,"","","","",0,"","","","","","","","","","","","","","","","","\"\"\"eNCA | LIVE VIDEO: Police minister addresses political killings","\"\" MyInforms",July 27,"2016.\"","","",START Primary Collection,-9,-9
201512310049,2015,12,31,"",0,"",183,11,Sub-Saharan Africa,Gauteng,Witpoortjie,-26.163437,27.825236,1,0,"","12/31/2015: Assailants shot and killed Siphiwe Zulu, an African National Congress (ANC) ward councilor, in Witpoortjie, Gauteng, South Africa. No group claimed responsibility for the incident.",1,1,1,0,"","",0,1,0,1,Assassination,"","","","",2,Government (General),15,Politician or Political Party Movement/Meeting/Rally,African National Congress (ANC),Ward Councilor: Siphiwe Zulu,183,South Africa,"","","","","","","","","","","","","","","","",Unknown,"","","","","","The specific motive is unknown; however, sources suspected that the attack may have been part of a larger trend of violence related to South Africa's local government elections.",0,"","",0,-99,0,0,"","","","","","","","","",5,Firearms,5,Unknown Gun Type,"","","","","","","","","","","","","",1,0,0,0,0,0,0,"","","","",0,"","","","","","","","","","","","","","","","","\"\"\"eNCA | LIVE VIDEO: Police minister addresses political killings","\"\" MyInforms",July 27,"2016.\"","","",START Primary Collection,-9,-9
201602190057,2016,2,19,"",0,"",183,11,Sub-Saharan Africa,KwaZulu-Natal,Basamlilo,-28.308673,31.41589,2,0,"","02/19/2016: Assailants opened fire on Phositshe Mbatha in Basamlilo, KwaZulu-Natal, South Africa. Mbatha, a National Freedom Party leader, was killed and another person was injured in the attack. No group claimed responsibility for the incident.",1,1,1,0,"","",0,1,0,1,Assassination,"","","","",14,Private Citizens & Property,84,Political Party Member/Rally,National Freedom Party (NFP),Leader: Phositshe Mbatha,183,South Africa,"","","","","","","","","","","","","","","","",Unknown,"","","","","","",0,"","",0,-99,0,0,"","","","","","","","","",5,Firearms,5,Unknown Gun Type,"","","","","","","","","","","","","",1,0,0,1,0,0,0,"","","","",0,"","","","","","","","","","","","","","","","","\"\"\"NFP hopes leader will be back before local govt elections","\"\" News24",February 22,"2016.\"","\"\"\"News24.com | NFP official shot and killed in KZN","\"\" MyInforms",February 21,"2016.\"","\"\"\"NFP publicist killed by unknown gunmen"
201603140082,2016,3,14,"",0,"",183,11,Sub-Saharan Africa,KwaZulu-Natal,Nhlanhleni,-28.710013,30.334318,2,0,The incident occurred in the area in Msinga municipality,"03/14/2016: Assailants opened fire on Beauty Nompumelelo Zondi at her residence in Nhlanhleni, KwaZulu-Natal, South Africa. Zondi, a National Freedom Party (NFP) councilor, was killed in the attack. No group claimed responsibility for the incident.",1,1,1,0,"","",0,1,0,1,Assassination,"","","","",2,Government (General),15,Politician or Political Party Movement/Meeting/Rally,Government of Umsinga,Councilor: Beauty Nompumelelo Zondi,183,South Africa,"","","","","","","","","","","","","","","","",Unknown,"","","","","","The specific motive is unknown; however, sources suspected that the attack may have been related to politics.",0,"","",0,-99,0,0,"","","","","","","","","",5,Firearms,5,Unknown Gun Type,"","","","","","","","","","","","","",1,0,0,0,0,0,0,"","","","",0,"","","","","","","","","","","","","","","","","\"\"\"NFP chairman dodges assassins' fire","\"\" Daily News (South Africa)",April 18,"2016.\"","\"\"\"Another NFP leader gunned down in KZN","\"\" News24.com",March 15,"2016.\"",""
201603220080,2016,3,22,"",0,"",183,11,Sub-Saharan Africa,Eastern Cape,Mdatya,-31.010842,30.035774,2,0,"","03/22/2016: Assailants opened fire on Sikhosiphi Bazooka Rhadebe after escorting him from his residence in Mdatya, Eastern Cape, South Africa. Rhadebe, the Amadiba Crisis Committee (ACC) chairperson, was killed in the assault. No group claimed responsibility for the attack.",1,1,1,1,5,State Actors,0,1,0,1,Assassination,"","","","",14,Private Citizens & Property,82,Labor Union Related,Amadiba Crisis Committee (ACC),Chairperson: Sikhosiphi Bazooka Rhadebe,183,South Africa,"","","","","","","","","","","","","","","","",Unknown,"","","","","","The specific motive is unknown; however, sources noted that Sikhosiphi Bazooka Rhadebe was opposed to mining operations in the area.",0,"","",0,2,0,0,"","","","","","","","","",5,Firearms,5,Unknown Gun Type,"","","","","","","","","","","","","",1,0,0,2,0,0,0,"","","","",0,"","","","","","","","","","","","","","","",There is doubt that this incident meets terrorism-related criteria. The assailants were dressed as police officers and sources noted that officers had been backing the Mineral Commodities Limited (MRC) mining company.,"\"\"\"Calls for 'comprehensive� independent' probe into mining opponent�s killing","\"\" Times Live South Africa",April 1,"2016.\"","\"\"\"Anti-mining activist killed in �blue light� hit","\"\" Times Live South Africa",March 23,"2016.\"","\"\"\"South Africa Mining Opponent Assassinated"
201604090038,2016,4,9,"",0,"",183,11,Sub-Saharan Africa,Western Cape,Cape Town,-33.941849,18.41964,1,0,The incident occurred in the Foreshore area.,"04/09/2016: Assailants set fire to the Cape Town train station in Foreshore, Cape Town, South Africa. No casualties were reported in the attack. No group claimed responsibility for the incident.",1,1,1,0,"","",0,1,0,7,Facility/Infrastructure Attack,"","","","",19,Transportation,100,Train/Train Tracks/Trolley,Metrorail,Train Station,183,South Africa,"","","","","","","","","","","","","","","","",Unknown,"","","","","","",0,"","",0,-99,0,0,"","","","","","","","","",8,Incendiary,18,Arson/Fire,"","","","","","","","","","","","","",0,0,0,0,0,0,1,4,Unknown,-99,Train carriages and platforms were damaged in this attack.,0,"","","","","","","","","","","","","","","","","\"\"\"CT Metrorail reopens 3 platforms following disruptions","\"\" Eye Witness News",April 12,"2016.\"","\"\"\"CT Metrorail commuters warned of major delays","\"\" Eye Witness News",April 11,"2016.\"","\"\"\"Metrorail counts cost of Cape Town arson attacks"
201604140030,2016,4,13,"",0,"",183,11,Sub-Saharan Africa,Western Cape,Cape Town,-34.034498,18.55819,1,0,The incident occurred in the Philippi area of the city.,"04/13/2016: Assailants set fire to the office of Mzuzile Mpondwana in Cape Town, South Africa. Mpondwana, an African National Congress ward councilor, was meeting with four other people at the time of the incident. The individuals were forced at gunpoint to leave the building before it was set alight. There were no reported casualties in the attack. No group claimed responsibility for the incident.",1,1,1,0,"","",0,1,0,2,Armed Assault,7,Facility/Infrastructure Attack,"","",14,Private Citizens & Property,84,Political Party Member/Rally,African National Congress (ANC),Office,183,South Africa,"","","","","","","","","","","","","","","","",Unknown,"","","","","","",0,"","",0,4,0,0,"","","","","","","","","",5,Firearms,5,Unknown Gun Type,8,Incendiary,20,Gasoline or Alcohol,12,Other,"","","","","","","Firearms, petrol, and stones were used in the attack.",0,0,0,0,0,0,1,3,Minor (likely < $1 million),-99,A car was damaged in this attack.,0,"","","","","","","","","","","","","","","","","\"\"\"Cops continue hunt after councillor�s office torched","\"\" Eye Witness News",April 15,"2016.\"","\"\"\"Western Cape ANC condemns attack on councillor's office","\"\" News24",April 14,"2016.\"","\"\"\"ANC councillor�s office torched"
201604150028,2016,4,15,"",0,"",183,11,Sub-Saharan Africa,KwaZulu-Natal,Bergville,-28.730162,29.352175,1,0,The incident occurred in the Emmaus area.,"04/15/2016: Assailants opened fire on the vehicle of Vikizitha Mlotshwa in Bergville, KwaZulu-Natal, South Africa. Mlotshwa, the National Freedom Party (NFP) chairperson for KwaZulu-Natal, was not injured in the attack. No group claimed responsibility for the incident.",1,1,1,0,"","",0,0,0,1,Assassination,"","","","",14,Private Citizens & Property,84,Political Party Member/Rally,National Freedom Party (NFP),Vehicle of KwaZulu-Natal Chair: Vikizitha Mlotshwa,183,South Africa,"","","","","","","","","","","","","","","","",Unknown,"","","","","","",0,"","",0,2,0,0,"","","","","","","","","",5,Firearms,5,Unknown Gun Type,"","","","","","","","","","","","","",0,0,0,0,0,0,1,3,Minor (likely < $1 million),-99,A vehicle was damaged in this attack.,0,"","","","","","","","","","","","","","","","","\"\"\"NFP chairman dodges assassins' fire","\"\" Daily News (South Africa)",April 18,"2016.\"","\"\"\"KZN politician's car shot at five times","\"\" News24",April 16,"2016.\"","\"\"\"PICS: Gunmen target KZN NFP chairman"
201605080101,2016,5,8,"",0,"",183,11,Sub-Saharan Africa,KwaZulu-Natal,Newcastle,-27.743173,29.936357,1,0,"","05/08/2016: Assailants opened fire at an African National Congress (ANC) meeting in Newcastle, KwaZulu-Natal, South Africa. Windile Ngubeni, an ANC Youth League regional deputy chairperson, was killed and Mafika Mndebele, the ANC regional secretary, was injured in the assault. No group claimed responsibility for the attack.",1,1,1,0,"","",0,1,0,2,Armed Assault,"","","","",14,Private Citizens & Property,84,Political Party Member/Rally,African National Congress (ANC),Meeting,183,South Africa,"","","","","","","","","","","","","","","","",Unknown,"","","","","","The specific motive is unknown; however, sources suspected that the attack may have been part of a larger trend of violence related to South Africa's local government elections.",0,"","",0,2,0,0,"","","","","","","","","",5,Firearms,5,Unknown Gun Type,"","","","","","","","","","","","","",1,0,0,1,0,0,0,"","","","",0,"","","","","","","","","","","","","","","","\"The victims include Windile \"\"Mangqasha\"\" Ngubeni and Mafika Mndebele.\"","\"\"\"ANCYL shocked at KZN killing","\"\" News24",May 10,"2016.\"","\"\"\"ANC ward candidate gunned down in front of family","\"\" IOL",July 4,"2016.\"",""
201605160045,2016,5,16,"",0,"",183,11,Sub-Saharan Africa,KwaZulu-Natal,Nongoma,-27.894289,31.645303,1,0,"","05/16/2016: Assailants opened fire on a vehicle driven by an African National Congress councillor in Nongoma, KwaZulu-Natal province, South Africa. The councillor was killed while his wife was wounded in the attack. No group claimed responsibility for the attack.",1,1,1,0,"","",0,1,0,1,Assassination,"","","","",2,Government (General),15,Politician or Political Party Movement/Meeting/Rally,Government of KwaZulu-Natal,Councilor: Bhekithemba Goodwill Nyember,183,South Africa,"","","","","","","","","","","","","","","","",Unknown,"","","","","","",0,"","",0,-99,0,0,"","","","","","","","","",5,Firearms,5,Unknown Gun Type,"","","","","","","","","","","","","",1,0,0,1,0,0,-9,"","","",It is unknown if any property was damaged in this attack.,0,"","","","","","","","","","","","","","","","","\"\"\"Councillor shot dead",wife seriously injured in Nongoma attack,"\"\" The Mercury (South Africa)",May 17,"2016.\"","\"\"\"ANC KZN councillor shot dead","\"\" News24",May 16,"2016.\""
201606010058,2016,6,1,"",0,"",183,11,Sub-Saharan Africa,KwaZulu-Natal,Edendale,-29.650993,30.294632,1,0,The incident occurred in Henley near Edendale.,"06/01/2016: Assailants opened fire on Simo Mncwabe, a municipal chief financial officer (CFO), in Edendale, KwaZulu-Natal, South Africa. Mncwabe was killed and his two children were injured in the attack. No group claimed responsibility for the incident.",1,1,1,0,"","",0,1,0,1,Assassination,"","","","",2,Government (General),18,"Government Personnel (excluding police, military)",Government of Mpofana,Chief Financial Officer (CFO): Simo Mncwabe,183,South Africa,"","","","","","","","","","","","","","","","",Unknown,"","","","","","The specific motive is unknown; however, sources suspected that the attack may have been part of a larger trend of violence related to South Africa's local government elections.",0,"","",0,1,0,0,"","","","","","","","","",5,Firearms,5,Unknown Gun Type,"","","","","","","","","","","","","",1,0,0,2,0,0,0,"","","","",0,"","","","","","","","","","","","","","","","","\"\"\"Threatened municipal CFO shot dead","\"\" News24",June 2,"2016.\"","\"\"\"Killing to be a ward candidate","\"\" City Press - News24",July 27,"2016.\"",""
201606010059,2016,6,1,"",0,"",183,11,Sub-Saharan Africa,KwaZulu-Natal,Imbali,-29.642374,30.347556,1,0,"","06/01/2016: Assailants opened fire on Nathi Hlongwa in Imbali, near Edendale, KwaZulu-Natal, South Africa. Hlongwa, an African National Congress (ANC) branch chairperson, was killed in the attack. No group claimed responsibility for the incident.",1,1,1,0,"","",0,1,0,1,Assassination,"","","","",14,Private Citizens & Property,84,Political Party Member/Rally,African National Congress (ANC),Branch Chairperson: Nathi Hlongwa,183,South Africa,"","","","","","","","","","","","","","","","",Unknown,"","","","","","",0,"","",0,-99,0,0,"","","","","","","","","",5,Firearms,5,Unknown Gun Type,"","","","","","","","","","","","","",1,0,0,0,0,0,0,"","","","",0,"","","","","","","","","","","","","","","","","\"\"\"ANC branch chairman killed in Pietermaritzburg","\"\" eNCA",June 2,"2016.\"","\"\"\"Killing to be a ward candidate","\"\" City Press - News24",July 27,"2016.\"",""
201607020044,2016,7,2,"",0,"",183,11,Sub-Saharan Africa,KwaZulu-Natal,Newcastle,-27.744688,29.937278,1,0,"","07/02/2016: Assailants opened fire on Thembi Mbongo at her residence in Newcastle, KwaZulu-Natal, South Africa. Mbongo, an African National Congress (ANC) ward councilor candidate, was killed in the assault. No group claimed responsibility for the attack.",1,1,1,0,"","",0,1,0,1,Assassination,"","","","",14,Private Citizens & Property,84,Political Party Member/Rally,African National Congress (ANC),House of Ward Councilor Candidate: Thembi Mbongo,183,South Africa,"","","","","","","","","","","","","","","","",Unknown,"","","","","","The specific motive is unknown; however, sources noted that the victim, Thembi Mbongo, was an African National Congress (ANC) councilor candidate in South Africa's local elections.",0,"","",0,2,0,0,"","","","","","","","","",5,Firearms,5,Unknown Gun Type,"","","","","","","","","","","","","",1,0,0,0,0,0,0,"","","","",0,"","","","","","","","","","","","","","","","","\"\"\"ANC forms task team to probe political killings in KZN","\"\" Eye Witness News",July 6,"2016.\"","\"\"\"ANC councillor killed in Newcastle","\"\" ENCA",July 3,"2016.\"","\"\"\"ANC KZN member shot and killed in front of family"
201607020045,2016,7,2,"",0,"",183,11,Sub-Saharan Africa,Mpumalanga,Barberton,-25.778338,31.043353,1,0,"","07/02/2016: Assailants opened fire on Mandla Mamba in Barberton, Mpumalanga, South Africa. At least two people, including Mamba, an African National Congress (ANC) ward councilor candidate, were injured in the assault. No group claimed responsibility for the attack.",1,1,1,0,"","",0,0,0,1,Assassination,"","","","",14,Private Citizens & Property,84,Political Party Member/Rally,African National Congress (ANC),Ward Councilor Candidate: Mandla Mamba,183,South Africa,"","","","","","","","","","","","","","","","",Unknown,"","","","","","The specific motive is unknown; however, sources noted that the victim, Mandla Mamba, was an African National Congress (ANC) councilor candidate in South Africa's local elections.",0,"","",0,1,0,0,"","","","","","","","","",5,Firearms,5,Unknown Gun Type,"","","","","","","","","","","","","",0,0,0,2,0,0,0,"","","","",0,"","","","","","","","","","","","","","","",The victims included Swenkie Mashaba.,"\"\"\"Mpumalanga ANC councillor candidate recovering from shooting","\"\" News24",July 6,"2016.\"","\"\"\"No arrest yet in the shooting of ANC councillor candidate","\"\" Look Local",July 24,"2016.\"","\"\"\"Two bullets hit ANC candidate"
201607130038,2016,7,13,"",0,"",183,11,Sub-Saharan Africa,KwaZulu-Natal,Edendale,-29.650723,30.294386,1,0,"","07/13/2016: Assailants opened fire at the residence of Nonhlanhla Khumalo in Edendale, KwaZulu-Natal, South Africa. Khumalo, an African National Congress (ANC) branch chairperson, was unharmed and no other casualties were reported in the attack. No group claimed responsibility for the incident.",1,0,1,1,3,Intra/Inter-group Conflict,0,0,0,1,Assassination,"","","","",14,Private Citizens & Property,84,Political Party Member/Rally,African National Congress (ANC),House of Branch Chairperson: Nonhlanhla Khumalo,183,South Africa,"","","","","","","","","","","","","","","","",Unknown,"","","","","","",0,"","",0,-99,0,0,"","","","","","","","","",5,Firearms,5,Unknown Gun Type,"","","","","","","","","","","","","",0,0,0,0,0,0,1,3,Minor (likely < $1 million),-99,A house was damaged in this attack.,0,"","","","","","","","","","","","","","","",There is doubt that this incident meets terrorism-related criteria. The attack may have been the result of conflict between rival political groups.,"\"\"\"Two ANC candidates shot dead in 12 hours","\"\" Sunday Tribune",July 19,"2016.\"","\"\"\"ANC branch chair and children survive hail of bullets at home","\"\" GroundUp",July 15,"2016.\"",""
201607170030,2016,7,17,"",0,"",183,11,Sub-Saharan Africa,KwaZulu-Natal,Richmond,-29.8747,30.277992,1,0,"","07/17/2016: Assailants set fire to an African National Congress (ANC) office in Richmond, KwaZulu-Natal, South Africa. There were no reported casualties in the attack. No group claimed responsibility for the incident.",1,1,1,0,"","",0,1,0,7,Facility/Infrastructure Attack,"","","","",14,Private Citizens & Property,84,Political Party Member/Rally,African National Congress (ANC),Office,183,South Africa,"","","","","","","","","","","","","","","","",Unknown,"","","","","","",0,"","",0,-99,0,0,"","","","","","","","","",8,Incendiary,19,Molotov Cocktail/Petrol Bomb,"","","","","","","","","","","","",A petrol bomb was used in the attack.,0,0,0,0,0,0,1,3,Minor (likely < $1 million),-99,An office was damaged in this attack.,0,"","","","","","","","","","","","","","","","","\"\"\"Two ANC candidates shot dead in 12 hours","\"\" Sunday Tribune",July 19,"2016.\"","\"\"\"ANC constituency office in Richmond torched","\"\" News24",July 18,"2016.\"",""
201607180047,2016,7,18,"",0,"",183,11,Sub-Saharan Africa,KwaZulu-Natal,Harding,-30.576877,29.893954,1,1,"","07/18/2016: Assailants opened fire on Bongani Skhosana near Harding, KwaZulu-Natal, South Africa. Skhosana, an African National Congress (ANC) ward councilor candidate, was killed in the attack. No group claimed responsibility for the incident.",1,1,1,0,"","",0,1,0,1,Assassination,"","","","",14,Private Citizens & Property,84,Political Party Member/Rally,African National Congress (ANC),Ward Councilor Candidate: Bongani Skhosana,183,South Africa,"","","","","","","","","","","","","","","","",Unknown,"","","","","","The specific motive is unknown; however, sources noted that the victim, Bongani Skhosana, was an African National Congress (ANC) candidate in South Africa's local elections.",0,"","",0,-99,0,0,"","","","","","","","","",5,Firearms,5,Unknown Gun Type,"","","","","","","","","","","","","",1,0,0,0,0,0,0,"","","","",0,"","","","","","","","","","","","","","","","","\"\"\"ANC ward candidate gunned down while taking kids to school in KwaZulu-Natal","\"\" Times Live South Africa",July 18,"2016.\"","\"\"\"Worry grows after deaths of two KZN ANC members","\"\" East Coast Radio",July 19,"2016.\"","\"\"\"Authorities need assistance in KZN political killing investigations"
201607180048,2016,7,18,"",0,"",183,11,Sub-Saharan Africa,KwaZulu-Natal,Ladysmith,-28.560404,29.782343,1,0,The incident occurred in Mnambithi.,"07/18/2016: Assailants opened fire on Khanyisile Sibisi in Ladysmith, KwaZulu-Natal, South Africa. Sibisi, an African National Congress (ANC) candidate, was killed in the attack. No group claimed responsibility for the incident.",1,1,1,0,"","",0,1,0,1,Assassination,"","","","",14,Private Citizens & Property,84,Political Party Member/Rally,African National Congress (ANC),Candidate: Khanyisile Sibisi,183,South Africa,"","","","","","","","","","","","","","","","",Unknown,"","","","","","The specific motive is unknown; however, sources noted that the victim, Khanyisile Sibisi, was an African National Congress (ANC) candidate in South Africa's local elections.",0,"","",0,-99,0,0,"","","","","","","","","",5,Firearms,5,Unknown Gun Type,"","","","","","","","","","","","","",1,0,0,0,0,0,0,"","","","",0,"","","","","","","","","","","","","","","","","\"\"\"eNCA | KZN election candidate killed during #67Minutes","\"\" MyInforms",July 18,"2016.\"","\"\"\"Worry grows after deaths of two KZN ANC members","\"\" East Coast Radio",July 19,"2016.\"","\"\"\"Authorities need assistance in KZN political killing investigations"
201607260034,2016,7,26,"",0,"",183,11,Sub-Saharan Africa,Eastern Cape,Port Elizabeth,-33.864957,25.565088,1,0,The incident occurred in Zwide.,"07/26/2016: Two assailants shot and killed Nceba Dywili, an African National Congress (ANC) ward councilor candidate, in Port Elizabeth, Eastern Cape, South Africa. No group claimed responsibility for the incident.",1,1,1,0,"","",0,1,0,1,Assassination,"","","","",14,Private Citizens & Property,84,Political Party Member/Rally,African National Congress (ANC),Ward Councilor Candidate: Nceba Dywili,183,South Africa,"","","","","","","","","","","","","","","","",Unknown,"","","","","","The specific motive is unknown; however, sources noted that the victim, Nceba Dywili, was an African National Congress (ANC) councilor candidate in South Africa's local elections, scheduled for August 3, 2016.",0,"","",0,2,0,0,"","","","","","","","","",5,Firearms,5,Unknown Gun Type,"","","","","","","","","","","","","",1,0,0,0,0,0,0,"","","","",0,"","","","","","","","","","","","","","","","","\"\"\"Another ANC candidate murdered in run-up to local elections","\"\" Xinhua General News Service",July 27,"2016.\"","\"\"\"ANC politician shot dead in South Africa","\"\" Africa Review",July 27,"2016.\"","\"\"\"ANC ward councillor candidate killed in EC"
201607280036,2016,7,28,"",0,"",183,11,Sub-Saharan Africa,North West,Mareetsane,-26.078939,24.988469,1,0,"","07/28/2016: Assailants set fire to the Setilo Secondary School in Mareetsane, North West, South Africa. There were no reported casualties in the attack. No group claimed responsibility for the incident; however, sources suspected that the attack may have been related to upcoming local government elections.",1,1,1,0,"","",0,1,0,7,Facility/Infrastructure Attack,"","","","",8,Educational Institution,49,School/University/Educational Building,Setilo Secondary School,School,183,South Africa,"","","","","","","","","","","","","","","","",Unknown,"","","","","","The specific motive is unknown; however, sources suspected that the attack may have been part of a larger trend of violence related to South Africa's local government elections.",0,"","",0,-99,0,0,"","","","","","","","","",8,Incendiary,18,Arson/Fire,"","","","","","","","","","","","","",0,0,0,0,0,0,1,3,Minor (likely < $1 million),-99,Classrooms were damaged in this attack.,0,"","","","","","","","","","","","","","","","","\"\"\"Police confident of arrest after Mahikeng school arson attack - South African Broadcasting Corporation","\"\" NewsJS.com",July 31,"2016.\"","","",START Primary Collection,-9,-9
201608110052,2016,8,11,"",0,"",183,11,Sub-Saharan Africa,Eastern Cape,Tsolo,-31.319448,28.754782,1,0,"","08/11/2016: Assailants opened fire on Zolile Malangeni inside his residence in Tsolo, Eastern Cape, South Africa. Both Malangeni, an ANC mayoral candidate, and his wife were killed in the assault. No group claimed responsibility for the attack.",1,1,1,0,"","",0,1,0,1,Assassination,"","","","",14,Private Citizens & Property,84,Political Party Member/Rally,African National Congress (ANC),Mayoral Candidate: Zolile Malangeni,183,South Africa,"","","","","","","","","","","","","","","","",Unknown,"","","","","","The specific motive is unknown; however, sources noted that Zolile Malangeni was an African National Congress (ANC) mayoral candidate in South Africa's upcoming local government elections.",0,"","",0,-99,0,0,"","","","","","","","","",5,Firearms,3,Handgun,"","","","","","","","","","","","",A 9-mm pistol was used in the attack.,2,0,0,0,0,0,0,"","","","",0,"","","","","","","","","","","","","","","","","\"\"\"ANC EC mayoral candidate",wife shot dead,"\"\" Eye Witness News",August 13,"2016.\"","\"\"\"ANC mayoral candidate and wife slain in Eastern Cape","\"\" The Sunday Independent (South Africa)",August 14,"2016.\""
201608170052,2016,8,17,"",0,"",183,11,Sub-Saharan Africa,Northern Cape,Danielskuil,-28.183771,23.560946,1,0,The incident occurred in the Groenwater area.,"08/17/2016: Assailants opened fire on Johannes Baaitjies in Danielskuil, Northern Cape, South Africa. Baaitjies, a Democratic Alliance (DA) councilor, was killed and one person was injured in the attack. No group claimed responsibility for the incident.",1,1,1,0,"","",0,1,0,1,Assassination,"","","","",2,Government (General),15,Politician or Political Party Movement/Meeting/Rally,Government of South Africa,Councillor: Johannes Baaitjies,183,South Africa,"","","","","","","","","","","","","","","","",Unknown,"","","","","","The specific motive is unknown; however, sources noted that Johannes Baaitjies was recently elected as the Democratic Alliance (DA) ward councilor.",0,"","",0,-99,0,0,"","","","","","","","","",5,Firearms,5,Unknown Gun Type,"","","","","","","","","","","","","",1,0,0,1,0,0,0,"","","","",0,"","","","","","","","","","","","","","","","","\"\"\"Police investigate murder of DA councillor in Groenwater - Eyewitness News","\"\" NewsJS.com",August 19,"2016.\"","\"\"\"Slain DA member alleged to have received threats","\"\" SABC",August 19,"2016.\"",""
201609140037,2016,9,14,"",0,"",183,11,Sub-Saharan Africa,Eastern Cape,East London,-32.974669,27.870703,1,0,The incident occurred in the Cambridge West neighborhood.,"09/14/2016: Assailants shot and killed Sakhekile Ndudula, a provincial chief of staff, in East London, Eastern Cape, South Africa. No group claimed responsibility for the incident.",1,1,1,0,"","",0,1,0,1,Assassination,"","","","",2,Government (General),18,"Government Personnel (excluding police, military)",Government of Eastern Cape,Social Development Chief of Staff: Sakhekile Ndudula,183,South Africa,"","","","","","","","","","","","","","","","",Unknown,"","","","","","",0,"","",0,-99,0,0,"","","","","","","","","",5,Firearms,5,Unknown Gun Type,"","","","","","","","","","","","","",1,0,0,0,0,0,0,"","","","",0,"","","","","","","","","","","","","","","","","\"\"\"Senior Eastern Cape official assassinated - shot 8 times","\"\" Metro Tell.co.za",September 14,"2016.\"","\"\"\"UPDATE: Top Bhisho official killed by unknown gunmen","\"\" Africa News Hub",September 14,"2016.\"","\"\"\"Senior EC government official shot dead"
201610050047,2016,10,5,"",0,"",183,11,Sub-Saharan Africa,KwaZulu-Natal,Ladysmith,-28.559671,29.780789,1,0,"","10/05/2016: Assailants opened fire on Mpumelelo Mbatha in Ladysmith, KwaZulu-Natal, South Africa. Mbatha, the office manager for the mayor, was killed in the attack. No group claimed responsibility for the incident.",1,0,1,1,3,Intra/Inter-group Conflict,0,1,0,1,Assassination,"","","","",2,Government (General),18,"Government Personnel (excluding police, military)",Government of uThukela,Mayoral Office Manager: Mpumelelo Mbatha,183,South Africa,"","","","","","","","","","","","","","","","",Unknown,"","","","","","",0,"","",0,-99,0,0,"","","","","","","","","",5,Firearms,5,Unknown Gun Type,"","","","","","","","","","","","","",1,0,0,0,0,0,0,"","","","",0,"","","","","","","","","","","","","","","",There is doubt that this incident meets terrorism-related criteria. The attack may have been the result of conflict between rival political groups.,"\"\"\"Municipal manager's death 'a hit'","\"\" Daily News (South Africa)",October 7,"2016.\"","\"\"\"The uThukela District manager shot dead","\"\" Citizen.co.za",October 6,"2016.\"","\"\"\"Update: Tragic death of uThukela manager"
201611100015,2016,11,10,"",0,"",183,11,Sub-Saharan Africa,KwaZulu-Natal,Margate,-30.86341,30.356897,1,0,The incident occurred in Ugu district.,"11/10/2016: Assailants opened fire on Thembinkosi Zoleka at his residence in Margate, KwaZulu-Natal, South Africa. Zoleka, an African National Congress (ANC) councilor, was killed in the attack. No group claimed responsibility for the incident.",1,1,1,0,"","",0,1,0,1,Assassination,"","","","",14,Private Citizens & Property,84,Political Party Member/Rally,African National Congress (ANC),PR Councilor: Thembinkosi Zoleka,183,South Africa,"","","","","","","","","","","","","","","","",Unknown,"","","","","","",0,"","",0,-99,0,0,"","","","","","","","","",5,Firearms,5,Unknown Gun Type,"","","","","","","","","","","","","",1,0,0,0,0,0,0,"","","","",0,"","","","","","","","","","","","","","","","","\"\"\"ANC councillor shot and killed in KZN","\"\" News24",November 11,"2016.\"","\"\"\"JUST IN: ANC councillor gunned down","\"\" Look Local",November 11,"2016.\"","\"\"\"Update: Margate ANC councillor found dead in bed with gunshot wound"
201612010108,2016,12,1,"",0,"",183,11,Sub-Saharan Africa,KwaZulu-Natal,Harding,-30.57692,29.89309,1,0,"","12/01/2016: Assailants opened fire on Alwin Houston in Harding, KwaZulu-Natal, South Africa. Houston, a local ward councilor and African National Congress (ANC) member, was killed in the assault. No group claimed responsibility for the attack.",1,1,1,0,"","",0,1,0,1,Assassination,"","","","",2,Government (General),15,Politician or Political Party Movement/Meeting/Rally,Government of Umuziwabantu,Ward Councilor: Alwin Houston,183,South Africa,"","","","","","","","","","","","","","","","",Unknown,"","","","","","",0,"","",0,-99,0,0,"","","","","","","","","",5,Firearms,5,Unknown Gun Type,"","","","","","","","","","","","","",1,0,0,0,0,0,0,"","","","",0,"","","","","","","","","","","","","","","","","\"\"\"ANC councillor gunned down at meeting","\"\" Times Live South Africa",December 2,"2016.\"","\"\"\"ANC councillor gunned down at meeting","\"\" Suid Kaap Forum",December 2,"2016.\"",""
201612050029,2016,12,5,"",0,"",183,11,Sub-Saharan Africa,KwaZulu-Natal,Sundumbili,-29.134747,31.398471,1,0,The incident occurred in the Chappies area.,"12/05/2016: Assailants opened fire on Linda Mathonsi in Chappies neighborhood, Sundumbili, KwaZulu-Natal, South Africa. Mathonsi, a local chief, was killed and his daughter was injured in the assault. No group claimed responsibility for the attack.",1,1,1,0,"","",0,1,0,1,Assassination,"","","","",14,Private Citizens & Property,77,Laborer (General)/Occupation Identified,Not Applicable,KwaZulu-Natal Chief: Linda Mathonsi,183,South Africa,"","","","","","","","","","","","","","","","",Unknown,"","","","","","",0,"","",0,-99,0,0,"","","","","","","","","",5,Firearms,5,Unknown Gun Type,"","","","","","","","","","","","","",1,0,0,1,0,0,1,3,Minor (likely < $1 million),-99,A vehicle was damaged in this attack.,0,"","","","","","","","","","","","","","","","","\"\"\"KZN chief shot and killed in front of daughter","\"\" News24",December 5,"2016.\"","\"\"\"BREAKING NEWS: Chief shot dead� daughter wounded in attack","\"\" Times Live South Africa",December 5,"2016.\"",""
201612170037,2016,12,17,"",0,"",183,11,Sub-Saharan Africa,KwaZulu-Natal,Kwalubisi,-30.143628,30.627129,1,0,"","12/17/2016: Assailants opened fire on Mbhekiseni Khumalo in Kwalubisi, KwaZulu-Natal, South Africa. Khumalo, a local councilor and African National Congress (ANC) member, was killed in the assault. No group claimed responsibility for the attack.",1,1,1,0,"","",0,1,0,1,Assassination,"","","","",2,Government (General),15,Politician or Political Party Movement/Meeting/Rally,Government of Uphongolo,Councilor: Mbhekiseni Khumalo,183,South Africa,"","","","","","","","","","","","","","","","",Unknown,"","","","","","",0,"","",0,1,0,0,"","","","","","","","","",5,Firearms,5,Unknown Gun Type,"","","","","","","","","","","","","",1,0,0,0,0,0,0,"","","","",0,"","","","","","","","","","","","","","","","","\"\"\"Slaying of ANC councillors in KZN condemned by MEC","\"\" Pretoria News (South Africa)/Pretoria News Weekend (South Africa)",December 19,"2016.\"","\"\"\"A 'killing spree of public  officials'","\"\" The Mercury (South Africa)",December 19,"2016.\"","\"\"\"Another KZN councillor slain"
201612260033,2016,12,26,"",0,"",183,11,Sub-Saharan Africa,KwaZulu-Natal,Nongoma,-27.894289,31.645422,1,1,The incident occurred near Nongoma in the KwaLuphonjwana area.,"12/26/2016: Assailants opened fire on Mzokhona 'Sibotho' Dlane in KwaLuphonjwana, KwaZulu-Natal, South Africa. Dlane, a former African National Congress (ANC) candidate, was killed in the assault. No group claimed responsibility for the attack.",1,1,1,0,"","",0,1,0,1,Assassination,"","","","",14,Private Citizens & Property,84,Political Party Member/Rally,African National Congress (ANC),Candidate: Mzokhona 'Sibotho' Dlane,183,South Africa,"","","","","","","","","","","","","","","","",Unknown,"","","","","","",0,"","",0,-99,0,0,"","","","","","","","","",5,Firearms,2,Automatic or Semi-Automatic Rifle,"","","","","","","","","","","","","",1,0,0,0,0,0,0,"","","","",0,"","","","","","","","","","","","","","","","","\"\"\"Activist gunned down outside Nongoma","\"\" Zululand Observer",December 30,"2016.\"","\"\"\"ANC councillor",IFP leader gunned down,"\"\" Zululand Observer",December 25,"2016.\""
201701120056,2017,1,12,"",0,"",183,11,Sub-Saharan Africa,Western Cape,Cape Town,-34.015365,18.649458,1,0,The incident occurred in the Site C area of the Khayelitsha neighborhood.,"01/12/2017: Assailants shot and killed a Somali shopkeeper in Khayelitsha neighborhood, Cape Town, Western Cape, South Africa. No group claimed responsibility for the attack.",1,1,1,0,"","",0,1,0,2,Armed Assault,7,Facility/Infrastructure Attack,"","",14,Private Citizens & Property,77,Laborer (General)/Occupation Identified,Not Applicable,Shopkeeper,182,Somalia,"","","","","","","","","","","","","","","","",Unknown,"","","","","","",0,"","",0,-99,0,0,"","","","","","","","","",5,Firearms,5,Unknown Gun Type,"","","","","","","","","","","","","",1,0,0,0,0,0,1,3,Minor (likely < $1 million),-99,Unspecified goods were stolen in this attack.,0,"","","","","","","","","","","","","","","","","\"\"\"SOMALIS PLEAD FOR AN END TO KILLINGS IN KHAYELITSHA","\"\" WardheerNews",March 6,"2017.\"","\"\"\"South Africa: Government official takes aim at foreigners","\"\" Panapress.com",February 7,"2017.\"","\"\"\"Highlights: Somalia Daily Media Highlights 7 February 2017"
201701150018,2017,1,15,"",0,"",183,11,Sub-Saharan Africa,Unknown,Unknown,"","",5,0,"","01/15/2017: An assailant opened fire on a South African Broadcasting Corporation (SABC) journalist with a pellet gun in an unknown location in South Africa. The journalist, identified as Suna Venter, was injured in the attack. No group claimed responsibility for the incident.",1,1,1,0,"","",0,1,0,2,Armed Assault,"","","","",10,Journalists & Media,54,Radio Journalist/Staff/Facility,South African Broadcasting Corporation (SABC),Journalist: Suna Venter,183,South Africa,"","","","","","","","","","","","","","","","",Unknown,"","","","","","",0,"","",0,1,0,0,"","","","","","","","","",5,Firearms,6,Other Gun Type,"","","","","","","","","","","","",A pellet gun was used in the attack.,0,0,0,1,0,0,0,"","","","",0,"","","","","","","","","","","","","","","","","\"\"\"SABC 8 Journalist Shot In Face With Pellet Gun","\"\" News24",January 27,"2017.\"","\"\"\"SABC INQUIRY HEARS JOURNALIST SUNA VENTER WAS SHOT IN FACE WITH AIR RIFLE","\"\" Eye Witness News",January 27,"2017.\"",""
201701240031,2017,1,24,"",0,"",183,11,Sub-Saharan Africa,Western Cape,Cape Town,-34.015365,18.649458,1,0,The incident occurred in the Site C area of the Khayelitsha neighborhood.,"01/24/2017: Assailants shot and killed a Somali shopkeeper in Cape Town, Western Cape, South Africa. No group claimed responsibility for the incident.",1,1,1,0,"","",0,1,0,2,Armed Assault,"","","","",1,Business,7,Retail/Grocery/Bakery,Unknown,Shopkeeper,182,Somalia,"","","","","","","","","","","","","","","","",Unknown,"","","","","","",0,"","",0,-99,0,0,"","","","","","","","","",5,Firearms,5,Unknown Gun Type,"","","","","","","","","","","","","",1,0,0,0,0,0,0,"","","","",0,"","","","","","","","","","","","","","","","","\"\"\"SOMALIS PLEAD FOR AN END TO KILLINGS IN KHAYELITSHA","\"\" WardheerNews",March 6,"2017.\"","\"\"\"South Africa: Government official takes aim at foreigners","\"\" Panapress.com",February 7,"2017.\"","\"\"\"Highlights: Somalia Daily Media Highlights 7 February 2017"
201702020020,2017,2,2,"",0,"",183,11,Sub-Saharan Africa,Western Cape,Cape Town,-34.015365,18.649458,1,0,The incident occurred in the Site C area of the Khayelitsha neighborhood.,"02/02/2017: Assailants shot and killed a Somali shopkeeper in Khayelitsha neighborhood, Cape Town, South Africa. This was one of three attacks targeting Somali shopkeepers in Khayelitsha on the same day. No group claimed responsibility for the incidents.",1,1,1,0,"","",1,1,0,2,Armed Assault,"","","","",1,Business,7,Retail/Grocery/Bakery,Unknown,Shopkeeper,182,Somalia,"","","","","","","","","","","","","","","","",Unknown,"","","","","","",0,"","",0,-99,0,0,"","","","","","","","","",5,Firearms,5,Unknown Gun Type,"","","","","","","","","","","","","",1,0,0,0,0,0,0,"","","","",0,"","","","","","","","","","","","","","","","","\"\"\"South Africa: Government official takes aim at foreigners","\"\" Panapress.com",February 7,"2017.\"","\"\"\"Somali nationals shot dead in Khayelitsha","\"\" ENCA",February 3,"2017.\"","\"\"\"Highlights: Somalia Daily Media Highlights 7 February 2017"
201702020021,2017,2,2,"",0,"",183,11,Sub-Saharan Africa,Western Cape,Cape Town,-34.015365,18.649458,1,0,The incident occurred in the Site C area of the Khayelitsha neighborhood.,"02/02/2017: Assailants shot and killed a Somali shopkeeper in Khayelitsha neighborhood, Cape Town, South Africa. This was one of three attacks targeting Somali shopkeepers in Khayelitsha on the same day. No group claimed responsibility for the incidents.",1,1,1,0,"","",1,1,0,2,Armed Assault,"","","","",1,Business,7,Retail/Grocery/Bakery,Unknown,Shopkeeper,182,Somalia,"","","","","","","","","","","","","","","","",Unknown,"","","","","","",0,"","",0,-99,0,0,"","","","","","","","","",5,Firearms,5,Unknown Gun Type,"","","","","","","","","","","","","",1,0,0,0,0,0,0,"","","","",0,"","","","","","","","","","","","","","","","","\"\"\"South Africa: Government official takes aim at foreigners","\"\" Panapress.com",February 7,"2017.\"","\"\"\"Somali nationals shot dead in Khayelitsha","\"\" ENCA",February 3,"2017.\"","\"\"\"Highlights: Somalia Daily Media Highlights 7 February 2017"
201702020022,2017,2,2,"",0,"",183,11,Sub-Saharan Africa,Western Cape,Cape Town,-34.015365,18.649458,1,0,The incident occurred in the Site C area of the Khayelitsha neighborhood.,"02/02/2017: Assailants shot and killed a Somali shopkeeper in Khayelitsha neighborhood, Cape Town, South Africa. This was one of three attacks targeting Somali shopkeepers in Khayelitsha on the same day. No group claimed responsibility for the incidents.",1,1,1,0,"","",1,1,0,2,Armed Assault,"","","","",1,Business,7,Retail/Grocery/Bakery,Unknown,Shopkeeper,182,Somalia,"","","","","","","","","","","","","","","","",Unknown,"","","","","","",0,"","",0,-99,0,0,"","","","","","","","","",5,Firearms,5,Unknown Gun Type,"","","","","","","","","","","","","",1,0,0,0,0,0,0,"","","","",0,"","","","","","","","","","","","","","","","","\"\"\"South Africa: Government official takes aim at foreigners","\"\" Panapress.com",February 7,"2017.\"","\"\"\"Somali nationals shot dead in Khayelitsha","\"\" ENCA",February 3,"2017.\"","\"\"\"Highlights: Somalia Daily Media Highlights 7 February 2017"
201703060036,2017,3,6,"",0,"",183,11,Sub-Saharan Africa,KwaZulu-Natal,Richmond,-29.873981,30.272784,1,0,The incident occurred on Victoria Road.,"03/06/2017: Assailants opened fire on Sibusiso Sithole in Richmond, KwaZulu-Natal, South Africa. Sithole, a local municipal manager, was killed in the assault. No group claimed responsibility for the attack.",1,1,1,1,2,Other Crime Type,0,1,0,2,Armed Assault,"","","","",2,Government (General),18,"Government Personnel (excluding police, military)",Government of Richmond,Municipal Manager: Sibusiso Sithole,183,South Africa,"","","","","","","","","","","","","","","","",Unknown,"","","","","","",0,"","",0,2,0,0,"","","","","","","","","",5,Firearms,5,Unknown Gun Type,"","","","","","","","","","","","","",1,0,0,0,0,0,0,"","","","",0,"","","","","","","","","","","","","","","",There is doubt that this incident meets terrorism-related criteria. A source suspected that the victim may have been targeted because he fired or refused to hire corrupt officials.,"\"\"\"Richmond municipal manager gunned down","\"\" News24",March 6,"2017.\"","\"\"\"ANC members killed for anti-corruption stance","\"\" IAfrica.com",August 28,"2017.\"",""
201703150047,2017,3,15,"",0,"",183,11,Sub-Saharan Africa,Limpopo,Polokwane,-23.918839,29.443324,1,0,The incident occurred in the Ivy Park neighborhood.,"03/15/2017: Assailants attacked a Nigerian national and set fire to his house in Polokwane, Limpopo, South Africa. The civilian was injured in the attack. No group claimed responsibility for the incident.",1,1,1,0,"","",0,1,0,7,Facility/Infrastructure Attack,"","","","",14,Private Citizens & Property,67,Unnamed Civilian/Unspecified,Not Applicable,Civilian,147,Nigeria,"","","","","","","","","","","","","","","","",Unknown,"","","","","","The specific motive is unknown; however, sources noted that the attack was xenophobic.",0,"","",0,-99,0,0,"","","","","","","","","",8,Incendiary,18,Arson/Fire,13,Unknown,"","","","","","","","","","","",0,0,0,1,0,0,1,3,Minor (likely < $1 million),-99,A house was damaged in this attack.,0,"","","","","","","","","","","","","","","","","\"\"\"Xenophobia: Five Nigerians attacked in S/Africa again",three in critical conditions,"\"\" Naij.com",March 21,"2017.\"","","",START Primary Collection,-9
201703210026,2017,3,21,2017-03-21 00:00:00,0,"",183,11,Sub-Saharan Africa,Limpopo,Moledji,-23.896171,29.448626,2,0,"","03/21/2017: Assailants attacked a Nigerian civilian in Moledji, Limpopo, South Africa. The civilian was injured and a house was damaged in the assault. This was one of three related attacks targeting Nigerian nationals in the area on the same day. No group claimed responsibility for the incidents.",1,1,1,0,"","",1,1,0,7,Facility/Infrastructure Attack,"","","","",14,Private Citizens & Property,67,Unnamed Civilian/Unspecified,Not Applicable,Civilian,147,Nigeria,"","","","","","","","","","","","","","","","",Unknown,"","","","","","The specific motive is unknown; however, sources noted that the attack was xenophobic.",0,"","",0,-99,0,0,"","","","","","","","","",13,Unknown,"","","","","","","","","","","","","","","",0,0,0,1,0,0,1,3,Minor (likely < $1 million),-99,A house was looted and damaged during this attack.,0,"","","","","","","","","","","","","","","","","\"\"\"Xenophobia: Five Nigerians attacked in S/Africa again",three in critical conditions,"\"\" Naij.com",March 21,"2017.\"","","",START Primary Collection,-9
201703210027,2017,3,21,2017-03-21 00:00:00,0,"",183,11,Sub-Saharan Africa,Limpopo,Moledji,-23.896171,29.448626,2,0,"","03/21/2017: Assailants attacked a Nigerian civilian in Moledji, Limpopo, South Africa. The civilian was injured and a house was damaged in the assault. This was one of three related attacks targeting Nigerian nationals in the area on the same day. No group claimed responsibility for the incidents.",1,1,1,0,"","",1,1,0,7,Facility/Infrastructure Attack,"","","","",14,Private Citizens & Property,67,Unnamed Civilian/Unspecified,Not Applicable,Civilian,147,Nigeria,"","","","","","","","","","","","","","","","",Unknown,"","","","","","The specific motive is unknown; however, sources noted that the attack was xenophobic.",0,"","",0,-99,0,0,"","","","","","","","","",13,Unknown,"","","","","","","","","","","","","","","",0,0,0,1,0,0,1,3,Minor (likely < $1 million),-99,A house was looted and damaged during this attack,0,"","","","","","","","","","","","","","","","","\"\"\"Xenophobia: Five Nigerians attacked in S/Africa again",three in critical conditions,"\"\" Naij.com",March 21,"2017.\"","","",START Primary Collection,-9
201703210028,2017,3,21,2017-03-21 00:00:00,0,"",183,11,Sub-Saharan Africa,Limpopo,Moledji,-23.896171,29.448626,2,0,"","03/21/2017: Assailants attacked a Nigerian civilian in Moledji, Limpopo, South Africa. The civilian was injured and a house was damaged in the assault. This was one of three related attacks targeting Nigerian nationals in the area on the same day. No group claimed responsibility for the incidents.",1,1,1,0,"","",1,1,0,7,Facility/Infrastructure Attack,"","","","",14,Private Citizens & Property,67,Unnamed Civilian/Unspecified,Not Applicable,Civilian,147,Nigeria,"","","","","","","","","","","","","","","","",Unknown,"","","","","","The specific motive is unknown; however, sources noted that the attack was xenophobic.",0,"","",0,-99,0,0,"","","","","","","","","",13,Unknown,"","","","","","","","","","","","","","","",0,0,0,1,0,0,1,3,Minor (likely < $1 million),-99,A house was looted and damaged during this attack.,0,"","","","","","","","","","","","","","","","","\"\"\"Xenophobia: Five Nigerians attacked in S/Africa again",three in critical conditions,"\"\" Naij.com",March 21,"2017.\"","","",START Primary Collection,-9
201704200031,2017,4,20,"",0,"",183,11,Sub-Saharan Africa,KwaZulu-Natal,Mfundweni,-30.274507,29.920861,2,0,The incident occurred in the Umzimkhulu municipality of the Harry Gwala district.,"04/20/2017: Assailants opened fire on Khaya Thobela at his residence in Mfundweni, KwaZulu-Natal, South Africa. Thobela, an African National Congress (ANC) regional deputy secretary, was killed in the attack. No group claimed responsibility for the incident.",1,1,1,0,"","",0,1,0,1,Assassination,"","","","",14,Private Citizens & Property,84,Political Party Member/Rally,African National Congress (ANC),Regional Deputy Secretary: Khaya Thobela,183,South Africa,"","","","","","","","","","","","","","","","",Unknown,"","","","","","",0,"","",0,-99,0,0,"","","","","","","","","",5,Firearms,5,Unknown Gun Type,"","","","","","","","","","","","","",1,0,0,0,0,0,0,"","","","",0,"","","","","","","","","","","","","","","","","\"\"\"Three councillors gunned down in Dlamini-Zuma's region","\"\" Times LIVE South Africa",June 4,"2017.\"","","",START Primary Collection,-9,-9
201705110046,2017,5,11,"",0,"",183,11,Sub-Saharan Africa,KwaZulu-Natal,Umzimkhulu,-30.26335,29.938265,1,0,The incident occurred in the Harry Gwala district.,"05/11/2017: Assailants shot and killed Khaya Mgcwaba, a former African National Congress (ANC) councilor, in Umzimkhulu, KwaZulu-Natal, South Africa. No group claimed responsibility for the incident.",1,1,1,0,"","",0,1,0,1,Assassination,"","","","",2,Government (General),15,Politician or Political Party Movement/Meeting/Rally,Government of Umzimkhulu,Former Councilor: Khaya Mgcwaba,183,South Africa,"","","","","","","","","","","","","","","","",Unknown,"","","","","","",0,"","",0,-99,0,0,"","","","","","","","","",5,Firearms,5,Unknown Gun Type,"","","","","","","","","","","","","",1,0,0,0,0,0,0,"","","","",0,"","","","","","","","","","","","","","","","","\"\"\"Three councillors gunned down in Dlamini-Zuma's region","\"\" Times LIVE South Africa",June 4,"2017.\"","","",START Primary Collection,-9,-9
201705230050,2017,5,23,"",0,"",183,11,Sub-Saharan Africa,KwaZulu-Natal,Umzimkhulu,-30.26044,29.940006,1,0,The incident occurred in Ixopo district.,"05/23/2017: Assailants shot and killed Mduduzi Tshivase, an African National Congress (ANC) municipal councilor, in Umzimkhulu, KwaZulu-Natal, South Africa. No group claimed responsibility for the incident.",1,1,1,0,"","",0,1,0,1,Assassination,"","","","",2,Government (General),15,Politician or Political Party Movement/Meeting/Rally,Government of Umzimkhulu,Municipal Councilor,183,South Africa,"","","","","","","","","","","","","","","","",Unknown,"","","","","","",0,"","",0,-99,0,0,"","","","","","","","","",5,Firearms,5,Unknown Gun Type,"","","","","","","","","","","","","",1,0,0,0,0,0,0,"","","","",0,"","","","","","","","","","","","","","","","","\"\"\"Three councillors gunned down in Dlamini-Zuma's region","\"\" Times LIVE South Africa",June 4,"2017.\"","\"\"\"ANC councillor shot dead in a month after speaker�s murder","\"\" Africa News Hub",May 24,"2017.\"","\"\"\"ANC councillor gunned down in KZN"
201706210018,2017,6,21,"",0,"",183,11,Sub-Saharan Africa,Western Cape,Cape Town,-34.016667,18.55,1,0,The incident occurred in the Phillipi neighborhood.,"06/21/2017: An assailant shot and killed Xolile Gwangxu, a Democratic Alliance (DA) ward councilor, in Phillipi neighborhood, Cape Town, South Africa. No group claimed responsibility for the incident.",1,1,1,0,"","",0,1,0,1,Assassination,"","","","",2,Government (General),15,Politician or Political Party Movement/Meeting/Rally,Government of Cape Town,Ward Councilor: Xolile Gwangxu,183,South Africa,"","","","","","","","","","","","","","","","",Unknown,"","","","","","",0,"","",0,-99,0,0,"","","","","","","","","",5,Firearms,5,Unknown Gun Type,"","","","","","","","","","","","","",1,0,0,0,0,0,0,"","","","",0,"","","","","","","","","","","","","","","","","\"\"\"DA councillor shot dead in Cape Town","\"\" ENCA",June 22,"2017.\"","\"\"\"Tandeka Gqada left traumatized by  DA councillor�s murder","\"\" SA Breaking News",June 23,"2017.\"","\"\"\"DA councillor gunned down in Philippi"
201706290030,2017,6,29,"",0,"",183,11,Sub-Saharan Africa,KwaZulu-Natal,Richmond,-29.903343,30.239734,1,0,"","06/29/2017: Assailants opened fire on Sfiso Mkhize in Richmond, KwaZulu-Natal, South Africa. Mkhize, an African National Congress (ANC) ward council member, was killed in the assault. No group claimed responsibility for the attack.",1,1,1,0,"","",0,1,0,1,Assassination,"","","","",2,Government (General),15,Politician or Political Party Movement/Meeting/Rally,African National Congress (ANC),Ward Council Member: Sfiso Mkhize,183,South Africa,"","","","","","","","","","","","","","","","",Unknown,"","","","","","",0,"","",0,-99,0,0,"","","","","","","","","",5,Firearms,5,Unknown Gun Type,"","","","","","","","","","","","","",1,0,0,0,0,0,0,"","","","",0,"","","","","","","","","","","","","","","","","\"\"\"Councillor shot in back; Fourth ANC official killed this year","\"\" Daily News (South Africa)",August 31,"2017.\"","\"\"\"Spate Of Violence Against Councillors In KZN Continues With Three Shootings","\"\" HuffingtonPost.co.za",July 14,"2017.\"","\"\"\"Assassins kill third Richmond official"
201707130050,2017,7,13,"",0,"",183,11,Sub-Saharan Africa,KwaZulu-Natal,Umzimkhulu,-30.264216,29.919119,1,0,"","07/13/2017: Assailants opened fire on a vehicle carrying three African National Congress (ANC) municipal councilors in Umzimkhulu, KwaZulu-Natal, South Africa. Sindiso Magaqa was killed and two councilors were injured in the attack. No group claimed responsibility for the incident.",0,1,1,1,2,Other Crime Type,0,0,0,1,Assassination,"","","","",2,Government (General),15,Politician or Political Party Movement/Meeting/Rally,Government of Umzimkhulu,"Municipal Councilors: Sindiso Magaqa, Nonsikelelo Mafa, Jabu Mzizi",183,South Africa,"","","","","","","","","","","","","","","","",Unknown,"","","","","","",0,"","",0,-99,0,0,"","","","","","","","","",5,Firearms,2,Automatic or Semi-Automatic Rifle,5,Firearms,3,Handgun,"","","","","","","","",A high-powered rifle and a pistol were used in the attack.,1,0,0,2,0,0,1,3,Minor (likely < $1 million),-99,A vehicle was damaged in this attack.,0,"","","","","","","","","","","","","","","",There is doubt that this incident meets terrorism-related criteria. Family members stated that Magaqa was targeted because he was planning to expose corruption within the African National Congress (ANC).,"\"\"\"Ex-ANC Youth League leader's car peppered with at least a dozen bullets","\"\" Times LIVE South Africa",July 14,"2017.\"","\"\"\"BREAKING: Former ANCYL secretary-general shot in ambush","\"\" Times LIVE South Africa",July 13,"2017.\"","\"\"\"Sindiso Magaqa was killed because of ANC elective conference"
201707170035,2017,7,17,"",0,"",183,11,Sub-Saharan Africa,Eastern Cape,Fort Beaufort,-32.774242,26.63337,1,0,The incident occurred in the Newton neighborhood.,"07/17/2017: Assailants shot and killed Thozama Njobe, an African National Congress (ANC) municipal councilor, in Fort Beaufort, Eastern Cape, South Africa. No group claimed responsibility for the incident; however, sources stated that Njobe was likely targeted for her opposition to corruption.",1,1,1,0,"","",0,1,0,1,Assassination,"","","","",2,Government (General),15,Politician or Political Party Movement/Meeting/Rally,Government of Raymond Mhlaba Muncipality,Municipal Councilor: Thozama Njobe,183,South Africa,"","","","","","","","","","","","","","","","",Unknown,"","","","","","The specific motive is unknown; however, sources noted that Thozama Njobe advocated against corruption.",0,"","",0,1,0,0,"","","","","","","","","",5,Firearms,5,Unknown Gun Type,"","","","","","","","","","","","","",1,0,0,0,0,0,0,"","","","",0,"","","","","","","","","","","","","","","","","\"\"\"'Raymond Mhlaba Speaker killed because of anti-corruption stance'","\"\" Eye Witness News",July 19,"2017.\"","\"\"\"Speaker of EC municipality gunned down in suspected hit","\"\" Eye Witness News",July 18,"2017.\"","\"\"\"Has being an ANC politician become more dangerous by the day?"
201707310029,2017,7,31,"",0,"",183,11,Sub-Saharan Africa,Eastern Cape,Mthatha,-31.590654,28.783986,1,0,The incident occurred on Craister Street,"07/31/2017: Assailants opened fire on Thembinkosi Fandaleki as he was driving on Craister Street in Mthatha, Eastern Cape, South Africa. Fandaleki, a bishop, was killed in the assault. No group claimed responsibility for the incident.",1,1,1,0,"","",0,1,0,2,Armed Assault,"","","","",15,Religious Figures/Institutions,85,Religious Figure,Methodist Church South Africa,Bishop: Thembinkosi Fandaleki,183,South Africa,"","","","","","","","","","","","","","","","",Unknown,"","","","","","",0,"","",0,-99,0,0,"","","","","","","","","",5,Firearms,5,Unknown Gun Type,"","","","","","","","","","","","","",1,0,0,0,0,0,1,3,Minor (likely < $1 million),-99,A vehicle and a building were damaged in this attack.,0,"","","","","","","","","","","","","","","","","\"\"\"Methodist bishop shot in Mthatha","\"\" The Herald (South Africa)",August 2,"2017.\"","\"\"\"Third suspect in court over bishop's murder","\"\" Daily Dispatch (South Africa)",August 21,"2017.\"","\"\"\"Beloved bishop shot and killed in Mthatha"
201708080013,2017,8,8,"",0,"",183,11,Sub-Saharan Africa,KwaZulu-Natal,Umdoni,-30.323135,30.689139,2,0,"","08/08/2017: Assailants opened fire on Ntokozo Maphumulo in Umdoni, KwaZulu-Natal, South Africa. Maphumulo, a former African National Congress (ANC) councilor, was killed in the assault. No group claimed responsibility for the attack.",1,1,1,0,"","",0,1,0,1,Assassination,"","","","",2,Government (General),15,Politician or Political Party Movement/Meeting/Rally,African National Congress (ANC),Former Councillor: Ntokozo Maphumulo,183,South Africa,"","","","","","","","","","","","","","","","",Unknown,"","","","","","",0,"","",0,-99,0,0,"","","","","","","","","",5,Firearms,5,Unknown Gun Type,"","","","","","","","","","","","","",1,0,0,0,0,0,0,"","","","",0,"","","","","","","","","","","","","","","","","\"\"\"Family of slain former ANC councillor unsure of shooting motive","\"\" Eye Witness News",August 10,"2017.\"","\"\"\"Former Umdoni ANC councillor murdered in driveway","\"\" South Coast Herald",August 17,"2017.\"",""
201708220025,2017,8,22,"",0,"",183,11,Sub-Saharan Africa,KwaZulu-Natal,Mooi River,-29.209447,30.002762,1,0,"","08/22/2017: Assailants attempted to set fire to Mayor Xolani Duma's house in Mooi River, KwaZulu-Natal, South Africa. An unknown number of people, including Duma, were injured in the attack. No group claimed responsibility for the incident.",1,1,1,0,"","",0,0,0,1,Assassination,"","","","",2,Government (General),15,Politician or Political Party Movement/Meeting/Rally,Mpofana Municipality,Home of Mayor: Xolani Duma,183,South Africa,"","","","","","","","","","","","","","","","",Unknown,"","","","","","",0,"","",0,-99,0,0,"","","","","","","","","",8,Incendiary,18,Arson/Fire,"","","","","","","","","","","","","",0,0,0,"",0,0,1,3,Minor (likely < $1 million),-99,A house was damaged in this attack.,0,"","","","","","","","","","","","","","","","","\"\"\"Councillor shot in back; Fourth ANC official killed this year","\"\" Daily News (South Africa)",August 31,"2017.\"","\"\"\"KwaZulu-Natal mayor's house torched","\"\" Times LIVE South Africa",August 22,"2017.\"","\"\"\"KZN mayor fears for life following arson attack"
201708300021,2017,8,30,"",0,"",183,11,Sub-Saharan Africa,KwaZulu-Natal,Wentworth,-29.926938,30.996278,1,0,The incident occurred in the Durban district.,"08/30/2017: Security forces discovered and safely detonated a parcel bomb at a post office in Wentworth, KwaZulu-Natal, South Africa. No group claimed responsibility for the incident.",1,1,1,0,"","",0,0,0,3,Bombing/Explosion,"","","","",2,Government (General),18,"Government Personnel (excluding police, military)",Austerville Post Office,Post Office Workers,183,South Africa,"","","","","","","","","","","","","","","","",Unknown,"","","","","","",0,"","",0,-99,0,0,"","","","","","","","","",6,Explosives,9,Letter Bomb,"","","","","","","","","","","","",A remote-controlled explosives-laden parcel utilizing a mobile phone as a triggering mechanism was used in the attack.,0,0,0,0,0,0,0,"","","","",0,"","","","","","","","","","","","","","","","","\"\"\"JUST IN: Bomb scare rattles Wentworth post office","\"\" Southlands Sun",August 31,"2017.\"","\"\"\"Bomb squad blows up suspicious package at Wentworth post office","\"\" IOL",August 31,"2017.\"",""
201708300024,2017,8,30,"",0,"",183,11,Sub-Saharan Africa,KwaZulu-Natal,Camperdown,-29.728017,30.532154,1,0,The incident occurred in the Mkhambathini district.,"08/30/2017: Assailants opened fire on Kwazi Mkhize in Camperdown, Mkhambathini, KwaZulu-Natal, South Africa. Mkhize, an African National Congress (ANC) councilor, was killed in the attack. No group claimed responsibility for the incident.",1,1,1,0,"","",0,1,0,1,Assassination,"","","","",2,Government (General),15,Politician or Political Party Movement/Meeting/Rally,African National Congress (ANC),Councilor: Kwazi Mkhize,183,South Africa,"","","","","","","","","","","","","","","","",Unknown,"","","","","","",0,"","",0,1,0,0,"","","","","","","","","",5,Firearms,5,Unknown Gun Type,"","","","","","","","","","","","","",1,0,0,0,0,0,0,"","","","",0,"","","","","","","","","","","","","","","","","\"\"\"ANC councillor gunned down in KZN in latest political killing","\"\" Mail & Guardian Online",August 31,"2017.\"","\"\"\"Councillor shot in back; Fourth ANC official killed this year","\"\" Daily News (South Africa)",August 31,"2017.\"","\"\"\"ANC mourns death of councillor in uMkhambathini"
201709120016,2017,9,12,"",0,"",183,11,Sub-Saharan Africa,North West,Rustenburg,-25.666667,27.25,1,1,"","09/12/2017: Assailants shot and killed an Association of Mineworkers and Construction Union (AMCU) branch treasurer outside a mine near Rustenburg, North West, South Africa. No group claimed responsibility for the attack.",1,1,1,0,"","",0,1,0,2,Armed Assault,"","","","",14,Private Citizens & Property,82,Labor Union Related,Association of Mineworkers and Construction Union (AMCU),Branch Treasurer,183,South Africa,"","","","","","","","","","","","","","","","",Unknown,"","","","","","",0,"","",0,-99,0,0,"","","","","","","","","",5,Firearms,5,Unknown Gun Type,"","","","","","","","","","","","","",1,0,0,0,0,0,0,"","","","",0,"","","","","","","","","","","","","","","","","\"\"\"AMCU official shot dead near Rustenburg mine","\"\" Metro Tell.co.za",September 12,"2017.\"","\"\"\"AMCU official shot dead near Rustenburg mine","\"\" ZoBo.co.za",September 12,"2017.\"",""
201709240036,2017,9,24,"",0,"",183,11,Sub-Saharan Africa,KwaZulu-Natal,Ulundi,-28.309097,31.420501,1,0,The incident occurred in the Zululand district.,"09/24/2017: Assailants threw a petrol bomb at the house of Wilson Ntshangase in Ulundi, Zululand, KwaZulu-Natal, South Africa. Ntshangase, the mayor of Ulundi, was not harmed in the attack. No group claimed responsibility for the incident.",1,1,1,0,"","",0,0,0,1,Assassination,"","","","",2,Government (General),15,Politician or Political Party Movement/Meeting/Rally,Governmorent of Ulundi,Residence of Mayor: Wilson Ntshangase,183,South Africa,"","","","","","","","","","","","","","","","",Unknown,"","","","","","",0,"","",0,-99,0,0,"","","","","","","","","",8,Incendiary,19,Molotov Cocktail/Petrol Bomb,"","","","","","","","","","","","",A petrol bomb was used in the attack.,0,0,0,0,0,0,1,3,Minor (likely < $1 million),-99,A window was damaged in this attack.,0,"","","","","","","","","","","","","","","","","\"\"\"Mystery surrounds Ulundi mayor�s attack","\"\" Zululand Observer",September 28,"2017.\"","","",START Primary Collection,-9,-9
201710010032,2017,10,1,"",0,"",183,11,Sub-Saharan Africa,KwaZulu-Natal,Mtubatuba,-28.418457,32.185218,1,0,"","10/01/2017: Assailants opened fire on Bongani Msomi at a Maskandi music festival in Mtubatuba, KwaZulu-Natal, South Africa. Msomi, a former Mtubatuba councilor and African National Congress (ANC) member, was killed in the assault. No group claimed responsibility for the attack.",1,1,1,0,"","",0,1,0,1,Assassination,"","","","",2,Government (General),15,Politician or Political Party Movement/Meeting/Rally,Government of Mtubatuba,Former Councillor: Bongani Msomi,183,South Africa,"","","","","","","","","","","","","","","","",Unknown,"","","","","","",0,"","",0,1,0,0,"","","","","","","","","",5,Firearms,5,Unknown Gun Type,"","","","","","","","","","","","","",1,0,0,0,0,0,0,"","","","",0,"","","","","","","","","","","","","","","","","\"\"\"Motive for former councillor's murder unknown","\"\" The Times (South Africa)",October 3,"2017.\"","\"\"\"Former ANC councillor shot dead in KZN","\"\" Mail & Guardian Online",October 2,"2017.\"",""
201710020039,2017,10,2,"",0,"",183,11,Sub-Saharan Africa,KwaZulu-Natal,Harry Gwala district,-30.154457,30.069105,3,0,The incident occurred in the Hlanganani area.,"10/02/2017: Assailants opened fire on Nkosinathi Ngcobo in Hlanganani, Harry Gwala district, KwaZulu-Natal, South Africa. Ngcobo, a local municipal official and former African National Congress (ANC) branch chairperson, was killed in the assault. No group claimed responsibility for the attack.",1,1,1,0,"","",0,1,0,1,Assassination,"","","","",2,Government (General),18,"Government Personnel (excluding police, military)",Government of Dr Nkosazana Dlamini-Zuma Municipality,Municipal Official: Nkosinathi Ngcobo,183,South Africa,"","","","","","","","","","","","","","","","",Unknown,"","","","","","",0,"","",0,3,0,0,"","","","","","","","","",5,Firearms,5,Unknown Gun Type,"","","","","","","","","","","","","",1,0,0,0,0,0,-9,"","","","",0,"","","","","","","","","","","","","","","","","\"\"\"[ALERT] Another ANC municipal official gunned down in KZN","\"\" Eye Witness News",October 3,"2017.\"","\"\"\"ANC KZN sends condolences after Ngcobo�s murder","\"\" Eye Witness News",October 3,"2017.\"","\"\"\"ANOTHER KZN ANC LEADER KILLED!"
201711200021,2017,11,20,"",0,"",183,11,Sub-Saharan Africa,KwaZulu-Natal,Enkanyazeni,-28.575323,30.561802,2,0,The incident occurred in the Umkambathini municipality.,"11/20/2017: Assailants shot and killed Lungisani Mnguni, a former African National Congress (ANC) KwaZulu-Natal branch chairperson, while he was delivering groceries to a local school in Enkanyazeni, Umkambathini, KwaZulu-Natal, South Africa. There were no other reported casualties. No group claimed responsibility for the attack.",1,1,1,0,"","",0,1,0,1,Assassination,"","","","",14,Private Citizens & Property,84,Political Party Member/Rally,African National Congress (ANC),Vehicle of Former KwaZulu-Natal Branch Chairperson: Lungisani Mnguni,183,South Africa,"","","","","","","","","","","","","","","","",Unknown,"","","","","","",0,"","",0,-99,0,0,"","","","","","","","","",5,Firearms,5,Unknown Gun Type,"","","","","","","","","","","","","",1,0,0,0,0,0,0,"","","","",0,"","","","","","","","","","","","","","","","","\"\"\"Third ANC offical gunned down in KZN region","\"\" Mail & Guardian Online",November 20,"2017.\"","\"\"\"ANC KwaZulu-Natal member killed in Camperdown area","\"\" Citizen.co.za",November 20,"2017.\"",""
201711230018,2017,11,23,"",0,"",183,11,Sub-Saharan Africa,KwaZulu-Natal,Mpophomeni,-29.566387,30.180759,1,0,"","11/23/2017: Assailants pretending to be police officers opened fire on Sthe Mhlongo at his residence in Mpophomeni, KwaZulu-Natal, South Africa. Mhlongo, an ANC Youth League deputy regional secretary, was killed in the attack. No group claimed responsibility for the incident.",1,1,1,0,"","",0,1,0,1,Assassination,"","","","",14,Private Citizens & Property,84,Political Party Member/Rally,African National Congress Youth League (ANCYL),Deputy Regional Secretary: Sthe Mhlongo,183,South Africa,"","","","","","","","","","","","","","","","",Unknown,"","","","","","",0,"","",0,2,0,0,"","","","","","","","","",5,Firearms,5,Unknown Gun Type,"","","","","","","","","","","","","",1,0,0,0,0,0,0,"","","","",0,"","","","","","","","","","","","","","","","","\"\"\"Third ANC cadre shot in Pietermaritzburg area","\"\" The Herald (South Africa)",November 24,"2017.\"","\"\"\"Fake cops gun down KZN regional ANC Youth League leader","\"\" Citizen.co.za",November 23,"2017.\"","\"\"\"ANC youth league executive killed in pre-dawn attack"
