200810110014,2008,10,11,"",0,"",130,1,North America,Nuevo Leon,Monterrey,25.673211,-100.309201,1,0,"The attack took place in Monterrey, Nuevo Leon, Mexico at the U.S. Consulate.","10/11/2008: On Saturday around midnight, two gunmen shot six times at the U.S. Consulate in Monterrey, Nuevo Leon, Mexico and threw a grenade which failed to detonate.  Police found six spent .45 caliber casings at the scene. No group claimed responsibility.",1,1,1,0,"","",0,0,0,3,Bombing/Explosion,"","","","",7,Government (Diplomatic),46,Embassy/Consulate,United States Consulate,U.S. Consulate in Monterrey,217,United States,"","","","","","","","","","","","","","","","",Unknown,"","","","","",The specific motive for the attack is unknown.,0,"","",0,2,0,0,"","","","","","","","","",6,Explosives,7,Grenade,"","","","","","","","","","","","",A grenade was used in the attack.,0,0,0,0,0,0,-9,4,Unknown,"",It is unknown if the attack caused any property damage.,0,"","","","","","","","","","","","","","","","","\"Associated Press, \"\"Assailants Attack U.S. Consulate in Mexico","\"\" Associated Press",October 13,"2008.\"","\"US Fed News, \"\"Ambassador Garza Reviews Monterrey Consulate After Incident","\"\" LexisNexis Academic",US Fed News,October 15,"2008.\""
200906250012,2009,6,25,"",0,"",130,1,North America,Sonora,Benito Juarez,26.603577,-109.174626,1,0,"The attack took place in Benito Juarez, Sonora, Mexico.","06/25/2009: On Thursday, in Benito Juarez, Sonora, Mexico, assailants fired upon a vehicle carrying congressional candidate, Ernesto Cornejo for the National Action Party, and his aides, killing two civilians and wounding three others, and damaging the vehicle. No motive was reported and no group claimed responsibility.",1,1,1,1,2,Other Crime Type,0,0,0,1,Assassination,"","","","",2,Government (General),15,Politician or Political Party Movement/Meeting/Rally,National Action Party,The vehicle of Ernesto Cornejo,130,Mexico,"","","","","","","","","","","","","","","","",Unknown,"","","","","",The specific motive for the attack is unknown.,0,"","",0,-99,0,0,"","","","","","","","","",5,Firearms,5,Unknown Gun Type,"","","","","","","","","","","","",Unknown firearms were used in the attack.,2,0,0,3,0,0,1,3,Minor (likely < $1 million),"",The attack caused an unknown amount of property damage.,0,"","","","","","","","","","","","","","","","","\"National Counterterrorism Center, \"\"Two Civilians Killed",Three Others Wounded in Armed Attack in Benito Juarez,Sonora,Mexico,"\"\" Worldwide Incidents Tracking System",November 19,"2009.\"","\"Agence France Presse, \"\"Gunmen Kill Two Aides To Mexican Political Candidate","\"\" LexisNexis Academic"
201003230023,2010,3,23,"",1,"",130,1,North America,Chiapas,Mitzit�n,16.647497,-92.545467,1,0,"The attack took place in the town of Mitzit�n, municipality of San Cristobal de Las Casas, Chiapas, Mexico.","03/23/2010: On Tuesday, in Mitzit�n, municipality of San Cristobal de Las Casas, Chiapas, Mexico, after authorities took an indigenous man, other indigenous people of that town responded by blocking a highway and kidnapping five public service workers, two of them police officers, and demanding the release of the indigenous man. No group claimed responsibility but authorities claimed the Zapatista National Liberation Army (EZLN) were responsible for the attack. The status of the hostages remains unknown.",1,1,1,0,"","",0,1,0,6,Hostage Taking (Kidnapping),7,Facility/Infrastructure Attack,"","",14,Private Citizens & Property,71,Race/Ethnicity Identified,"",Five indigenous men,130,Mexico,"","","","","","","","","","","","","","","","",Zapatista National Liberation Army,"","","","","",The release of a indigenous men was the suspected motive for this attack.,1,"","",0,-99,0,0,"","","","","","","","","",13,Unknown,"","","","","","","","","","","","","","",It is unknown if weapons were used in the attack.,0,0,0,0,0,0,0,"","","","",1,5,0,"",-99,"","",-9,"","","","","",7,Unknown,0,The summary of this incident was based on  articles originally written in Spanish.,"\"Isa�n Mandujano, \"\"Indigenous in Chiapas Block Highway and Retain Police","\"\" Proceso",March 23,2010,"http://proceso.com.mx/rv/modHome/detalleExclusiva/77747.\"","\"Diario Critico, \"\"Mitzit�n:: Zipizape Entre Tzotziles",Zapatistas,Evangelistas y Cat�licos,' http://www.diariocritico.com/mexico/2010/Marzo/notevagustar/196761/mitziton-zipizape-entre--tzotziles-zapatistas-evangelistas-y-catolicos.html (March 02
201005120016,2010,5,12,"",0,"",130,1,North America,Guanajuato,Leon,21.123619,-101.680496,1,0,"The bombs were placed in the entrance of a restaurant in Leon, Guanajuato, Mexico.","05/12/2010: On Wednesday, in Leon, Guanajato, Mexico, two fake bombs were placed in front of a Kentucky Fried Chicken restaurant. The incident caused military and police to mobilize and evacuate the site. No casualties or damages were reported. A note was left by the Animal Liberation Front demanding the freedom of political prisoners and reassuring that they will always remain anonymous.",1,1,1,0,"","",0,0,0,3,Bombing/Explosion,"","","","",1,Business,4,Multinational Corporation,Kentucky Fried Chicken Company,A Kentucky Fried Chicken restaurant was targeted in the attack.,130,Mexico,"","","","","","","","","","","","","","","","",Animal Liberation Front (ALF),North America,"","","","",The specific motive for the attack is unknown.,0,"","",0,-99,0,1,5,Note left at scene,"","","","","","","",7,Fake Weapons,"","","","","","","","","","","","","","",Two fake bombs were used in the incident.,0,0,0,0,0,0,0,"","","","",0,"","","","","","","","","","","","","","","","","\"Bite Back, \"\"Hoax bomb at KFC","\"\" Bite Back",May 17,2010,"http://www.directaction.info/news_may17b_10.htm.\"","\"Milenio, \"\"Grupo Anaquista Opera en Leon\"\"",Milenio,May 31,"2010.\""
201005230003,2010,5,23,"",0,"",130,1,North America,Jalisco,Guadalajara,20.673343,-103.344177,1,0,"The bomb was placed inside the building of the company Novartis in Jalisco, Guadalajara, Mexico.","05/23/2010: On Sunday in Guadalajara, Jalisco, Mexico, bomb disposal experts defused an explosive device made out of dynamite and butane gas, which had been placed inside the building where Novartis company is located. The Animal Liberation Front claimed responsibility for the attempted attack in the biteback.com website.",1,1,1,0,"","",0,0,0,3,Bombing/Explosion,"","","","",1,Business,4,Multinational Corporation,Norvatis Pharmaceuticals,The building of a Pharmaceutical company,130,Mexico,"","","","","","","","","","","","","","","","",Animal Liberation Front (ALF),North America,"","","","",The specific motive for the attack is unknown.,0,"","",0,-99,0,1,7,"Posted to website, blog, etc.","","","","","","","",6,Explosives,28,Dynamite/TNT,"","","","","","","","","","","","",An improvised explosive device composed of dynamite and butane gas was intended to be used in the attack.,0,0,0,0,0,0,0,"","","","",0,"","","","","","","","","","","","","","","",The summary of this incident was partially based on an article originally written in Spanish.,"\"Bite Back, \"\"Homemade Bomb Placed at Gates of Novarts","\"\" Bite Back",May 23,2010,"URL.\"","\"El Informador, \"\"Dejan Explosivo Casero a La Entrada de un Edificio\"\"",El Informador,October 6,2010
201011070008,2010,11,7,"",0,"",130,1,North America,Jalisco,Guadalajara,20.673343,-103.344177,1,0,"The attack took place outside the Secretary of Rural Development building on Hidalgo Avenue, Colonia Lafayette neighborhood, Jalisco, Guadalajara, Mexico.","11/07/2010: On Sunday evening at 2030, in the Colonia Lafayette neighborhood, Jalisco, Guadalajara, Mexico, five incendiary bombs composed of butane gasoline and an unknown amount of unspecified explosives was detonated outside the Secretary of Rural Development building on Hidalgo Avenue. The amount of property damages caused by the blast is unknown, but no casualties were reported. The Animal Liberation Front claimed responsibility for the attack through a communiqu� posted to the website of BiteBack magazine. The group threatened investors' residences of a new slaughterhouse that was scheduled to open in Jalisco, Mexico.",1,1,1,0,"","",0,1,0,3,Bombing/Explosion,"","","","",2,Government (General),21,Government Building/Facility/Office,Secretary of Rural Development,The Secretary of Rural Development building was targeted in the attack.,130,Mexico,"","","","","","","","","","","","","","","","",Animal Liberation Front (ALF),North America,"","","","","The attack was carried out to protest the building of an industrial slaughterhouse that was scheduled to open in Jalisco, Mexico.",0,"","",0,-99,0,1,7,"Posted to website, blog, etc.","","","","","","","",6,Explosives,17,Other Explosive Type,"","","","","","","","","","","","","Five explosive devices, containing butane, gasoline, and explosive material were used in the attack.",0,0,0,0,0,0,1,3,Minor (likely < $1 million),"",The attack caused an unknown amount of property damage to the Rural Development building.,0,"","","","","","","","","","","","","","","",The summary of this incident was partially based on an article originally written in Spanish.,"\"Bite Back, \"\"Gov't Offices Bombed to Protest Slaughterhouse Construction","\"\" Bite Back",November 12,2010,"http://www.directaction.info/news_nov12_10.htm.\"","\"Santiago Vega, \"\"Attack Blamed on Activists","\"\" LexisNexis Academic",Mural,November 9
201012070019,2010,12,7,"",0,"",130,1,North America,Federal District,Mexico City,19.371887,-99.086624,1,0,"The attack took place near an ATM of a branch of Bancomer Bank in Tlalnepantla, Mexico City, Mexico.","12/07/2010: On Tuesday night, in Tlalnepantla, Mexico City, Mexico, members of the Earth Liberation Front (ELF), detonated an improvised explosive device near the ATM of a branch of Bancomer Bank. According to the militants, the explosive device consisted of cans of butane gas, a bottle of gasoline and a galvanized metal pipe stuffed with dynamite. The attack caused an unknown amount of property damage but resulted in no casualties. On 12/12/2010, ELF claimed responsibility for the attack through an online post to the Animal Liberation Front (ALF) website of BiteBack.",1,1,1,0,"","",0,1,0,3,Bombing/Explosion,"","","","",1,Business,3,Bank/Commerce,Bancomer Bank,An ATM of a branch of Bancomer Bank,130,Mexico,"","","","","","","","","","","","","","","","",Earth Liberation Front (ELF),"","","","","",The attack was carried out because banks have agreements with the multinational companies which threaten the ecosystem.,1,"","",0,-99,0,1,7,"Posted to website, blog, etc.","","","","","","","",6,Explosives,28,Dynamite/TNT,"","","","","","","","","","","","","An improvised explosive device consisting of cans of butane gas, a bottle of gasoline and a galvanized metal pipe stuffed with dynamite was used in the attack.",0,0,0,0,0,0,1,3,Minor (likely < $1 million),"",The attack caused an unknown amount of property damage to the ATM.,0,"","","","","","","","","","","","","","","",The summary of this incident was partially based on an article originally written in Spanish.,"Jane�s Intelligence, �ELF Statement Claims Attack on Bank in Mexican Capital,� Terrorism Watch Report, Bite Back, December 15, 2010.","\"Bite Back, \"\"Bank Bombed by ELF","\"\" Bite Back",December 12,2010,"http://www.directaction.info/news_dec12_10.htm.\"","",ISVG,0
201106290013,2011,6,29,"",0,"",130,1,North America,M�xico,Tultitlan,19.645565,-99.168927,1,0,"The bombing attack took place at Santander Bank in Tultitlan, Mexico, Mexico.","06/29/2011: On Wednesday evening at 2130, in Tultitlan, Mexico, militants from Earth Liberation Front (ELF) detonated an improvised explosive device of less than a kilogram of gunpowder, along with two cans of butane gas and a bottle of gasoline, all tied tightly with heavy wire, inside the ATM area of the Santander Bank. The attack was dedicated to Luciano Pitronello, an ELF militant who was injured in an attempt to detonate a Santander Bank in Chile on 06/01/2011. The front structure of Santander Bank was completely destroyed; it had broken windows, and the place was partially burned. ELF claimed responsibility for the bombing through an online post to the BiteBack website.",1,1,1,0,"","",0,1,0,3,Bombing/Explosion,"","","","",1,Business,3,Bank/Commerce,Santander Bank,Santander Bank,130,Mexico,"","","","","","","","","","","","","","","","",Earth Liberation Front (ELF),"","","","","","The attack was dedicated to Luciano Pitronello, an ELF militant who was injured in an attempt to detonate a Santander Bank in Chile on 06/01/2011.",0,"","",0,-99,0,1,7,"Posted to website, blog, etc.","","","","","","","",6,Explosives,17,Other Explosive Type,"","","","","","","","","","","","","An improvised explosive device containing less than a kilogram of gunpowder, along with two cans of butane gas and a bottle of gasoline, all tied tightly with heavy wire was used in the attack.",0,0,0,0,0,0,1,3,Minor (likely < $1 million),"","The front structure of Santander Bank was completely destroyed; it had broken windows, and the place was partially burned.",0,"","","","","","","","","","","","","","","",The summary of this incident was partially based on articles originally written in Spanish.,"\"Bite Back, \"\"Santander Bank Bombed",For Luciano,"\"\" Bite Back",July 6,2011,"http://www.directaction.info/news_july06_11.htm.\"","\"Juan Manuel Barrera Aguirre, \"\"Improvised Explosive Device Detonated at a Bank in Tultitl�n","\"\" El Universal",June 29
201112070034,2011,12,7,"",0,"",130,1,North America,Hidalgo,Pachuca,20.115301,-98.745887,1,0,At the Pachuca Polytechnic University,"12/7/2011: A letter bomb exploded in the hands of a professor at the Pachuca Polytechnic University in Pachuca in the state of Hildalgo, Mexico.  The letter had originally been addressed to a professor who researches nanotechnology.  That professor noticed that it was suspiciously heavy and gave it to a faculty member who was part of the security committee.  The package exploded in the hands of the second individual, slightly burning his hands.  While no group has claimed this attack it is similar to attacks committed by the Individuals Tending Toward Savagery a few months earlier.  The names of the professors were not given.",1,1,1,0,"","",0,1,0,3,Bombing/Explosion,"","","","",8,Educational Institution,48,Teacher/Professor/Instructor,Professors,The letter was addressed to a professor who researches nanotechnology.  It exploded in the hands of a member of the security committee,130,Mexico,"","","","","","","","","","","","","","","","",Individuals Tending Toward Savagery,"","","","","","The motive for this attack is unknown.  However, there were 2 similar attacks in the months proceeding this one.",1,"","",0,-99,0,0,"","","","","","","","","",6,Explosives,9,Letter Bomb,"","","","","","","","","","","","",No additional information available,0,0,0,1,0,0,0,"","","","",0,"","","","","","","","","","","","","","","",This attack is very similar to two attacks that had been claimed by Individuals Tending Toward Savagery.,"\"\"\"Letter bomb slighly wounds Mexican professor","\"\" Associated Press",December 8,"2011.\"","\"\"\"Letter Bomb",Possibly From Anti-Technology Group,Injures Mexican Professor,"\"\" The Chronical of Higher Education",December 9
201201060023,2012,1,6,"",0,"",130,1,North America,Nuevo Leon,Cadereyta Jimenez,25.593517,-99.990181,1,0,"","01/06/2012: Assailants shot and killed journalist Raul Regulo Garza Quirino in Cadereyta Jimenez city, Nuevo Leon state, Mexico. No group claimed responsibility for the attack.",1,1,1,0,"","",0,1,0,1,Assassination,"","","","",10,Journalists & Media,"","",La Ultima Palabra,Journalist: Raul Regulo Garza Quirino,130,Mexico,"","","","","","","","","","","","","","","","",Unknown,"","","","","","The specific motive is unknown; however, there has been a pattern of attacks against journalists in Mexico since 2000.",0,"","",0,-99,0,0,"","","","","","","","","",5,Firearms,5,Unknown Gun Type,"","","","","","","","","","","","","",1,0,0,0,0,0,1,3,Minor (likely < $1 million),-99,The victim's vehicle was damaged in this attack.,0,"","","","","","","","","","","","","","","","","\"\"\"Journalist gunned down in Mexico","\"\" Indo-Asian News Service",January 9,"2012.\"","\"\"\"Journalist gunned down in Mexico","\"\" The South Asian Times",January 9,"2012.\"",""
201203180003,2012,3,18,"",0,"",130,1,North America,Tamaulipas,Unknown,24.26694,-98.836276,4,0,"Occurred on the road linking Nuevo Laredo, Tamaulipas and Piedras Negras, Coahuila","03/18/2012: Gunmen attacked an army patrol in an unknown location in Tamaulipas state, Mexico. The soldiers returned fire, killing seven of the attackers. There was no claim of responsibility for this incident.",1,1,0,0,"","",0,1,0,2,Armed Assault,"","","","",4,Military,29,Military Unit/Patrol/Convoy,Mexican Army,Patrol,130,Mexico,"","","","","","","","","","","","","","","","",Unknown,"","","","","","",0,"","",0,-99,3,0,"","","","","","","","","",5,Firearms,5,Unknown Gun Type,"","","","","","","","","","","","","",7,0,7,0,0,0,0,"","","","",0,"","","","","","","","","","","","","","","","","\"\"\"EFE News Briefs for Wednesday",March 21,"\"\" EFE News Service",March 22,"2012.\"","","",START Primary Collection,-9
201203190012,2012,3,19,"",0,"",130,1,North America,Tamaulipas,Ciudad Victoria,23.736916,-99.141115,1,0,Occurred outside offices of Expreso daily newspaper,"03/19/2012: An explosives-laden vehicle detonated in Ciudad Victoria city, Tamaulipas state, Mexico. The car was parked outside of the Expreso newspaper office. Five people were wounded. The Zetas claimed responsibility for this attack.",1,1,1,0,"","",0,1,0,3,Bombing/Explosion,"","","","",10,Journalists & Media,53,Newspaper Journalist/Staff/Facility,Expreso Newspaper,Office,130,Mexico,14,Private Citizens & Property,67,Unnamed Civilian/Unspecified,Not Applicable,Civilians,130,Mexico,"","","","","","","","",Zetas,"","","","","","",0,"","",0,-99,0,1,10,Unknown,"","","","","","","",6,Explosives,15,Vehicle,"","","","","","","","","","","","","",0,0,0,5,0,0,1,4,Unknown,-99,"The Expreso Newsroom office, nearby buildings, and several vehicles were damaged in this attack.",0,"","","","","","","","","","","","","","","","","\"\"\"Mexico urged to investigate attacks on media","\"\" EFE News Service",March 27,"2012.\"","\"\"\"Car explodes near newspaper offices in Mexico","\"\" Associated Press Online",March 20,"2012.\"",""
201203250016,2012,3,25,"",0,"",130,1,North America,Tamaulipas,Matamoros,25.869029,-97.502738,1,0,Occurred at Televisa television studios,"03/25/2012: An assailant threw a grenade at Televisa television studios in Matamoros city, Tamaulipas state, Mexico. There were no casualties, and no group claimed responsibility for the attack.",1,1,1,0,"","",0,1,0,3,Bombing/Explosion,"","","","",10,Journalists & Media,55,Television Journalist/Staff/Facility,Televisa,Television Studio,130,Mexico,"","","","","","","","","","","","","","","","",Unknown,"","","","","","The specific motive is unknown; however, sources speculated that the attack may have been an attempt to intimidate members of the media ahead of Mexico's national elections, scheduled for July 1, 2012.",0,"","",0,1,0,0,"","","","","","","","","",6,Explosives,7,Grenade,"","","","","","","","","","","","","",0,0,0,0,0,0,-9,"","","",It is unknown if the Televisa Television Studios was damaged in this attack.,0,"","","","","","","","","","","","","","","","","\"\"\"Mexico urged to investigate attacks on media","\"\" EFE News Service",March 27,"2012.\"","","",START Primary Collection,-9,-9
201204240016,2012,4,24,"",0,"",130,1,North America,Tamaulipas,Nuevo Laredo,27.480024,-99.510535,1,0,"","04/24/2012: An explosives-laden vehicle detonated outside a police station in Nuevo Laredo city, Tamaulipas state, Mexico. This was one of two attacks at this police station on this day, across which one person was injured. No group claimed responsibility for this incident.",0,1,1,1,2,Other Crime Type,1,1,0,3,Bombing/Explosion,"","","","",3,Police,22,"Police Building (headquarters, station, school)",Mexican Police,Police Station,130,Mexico,"","","","","","","","","","","","","","","","",Unknown,"","","","","","",0,"","",0,-99,0,0,"","","","","","","","","",6,Explosives,15,Vehicle,"","","","","","","","","","","","","",0,0,0,1,0,0,1,3,Minor (likely < $1 million),-99,The police station was damaged in this attack.,0,"","","","","","","","","","","","","","","",Casualty numbers represent an equal division across 201204240016 and 201204240017. There is doubt this incident meets terrorism-related criteria. Sources suspected that this attack may have been the result of criminal action.,"\"\"\"Mexico: Nuevo Laredo Police Station Car Bomb Followed by Gunfights","\"\" EL UNIVERSAL.com.mx",April 25,"2012.\"","\"\"\"Mexico: Car Bomb Explodes In Front Of Nuevo Laredo Police Station","\"\" EL UNIVERSAL.com.mx",April 24,"2012.\"",""
201204240017,2012,4,24,"",0,"",130,1,North America,Tamaulipas,Nuevo Laredo,27.480024,-99.510535,1,0,"","04/24/2012: Gunmen attacked soldiers in Nuevo Laredo city, Tamaulipas, Mexico. The authorities were responding to an explosion that occurred earlier in the day outside of a police station. This was one of two attacks at this police station on this day, across which one person was injured. No group claimed responsibility for this incident.",0,1,1,1,2,Other Crime Type,1,1,0,2,Armed Assault,"","","","",4,Military,34,"Military Personnel (soldiers, troops, officers, forces)",Armed Forces of Mexico,Soldiers,130,Mexico,"","","","","","","","","","","","","","","","",Unknown,"","","","","","",0,"","",0,-99,0,0,"","","","","","","","","",5,Firearms,5,Unknown Gun Type,"","","","","","","","","","","","","",0,0,0,0,0,0,1,3,Minor (likely < $1 million),-99,The police station was damaged in the incident.,0,"","","","","","","","","","","","","","","",Casualty numbers represent an equal division across 201204240016 and 201204240017. There is doubt this incident meets terrorism-related criteria. Sources suspected that this attack may have been the result of criminal action.,"\"\"\"Mexico: Nuevo Laredo Police Station Car Bomb Followed by Gunfights","\"\" EL UNIVERSAL.com.mx",April 25,"2012.\"","\"\"\"Mexico: Car Bomb Explodes In Front Of Nuevo Laredo Police Station","\"\" EL UNIVERSAL.com.mx",April 24,"2012.\"",""
201205100017,2012,5,10,"",0,"",130,1,North America,Sonora,Hermosillo,29.089186,-110.96133,1,0,"","05/10/2012: Assailants beat Gerardo Ponce de Leon in Hermosillo city, Sonora state, Mexico. Ponce de Leon, editor of the Marquesina Politica news website, was injured in the assault. No group claimed responsibility for the attack.",1,1,1,0,"","",0,1,0,8,Unarmed Assault,"","","","",10,Journalists & Media,"","",Unknown,Journalist: Gerado Ponce de Leon,130,Mexico,"","","","","","","","","","","","","","","","",Unknown,"","","","","","",0,"","",0,2,0,0,"","","","","","","","","",9,Melee,22,"Hands, Feet, Fists","","","","","","","","","","","","","",0,0,0,1,0,0,0,"","","","",0,"","","","","","","","","","","","","","","","","\"\"\"Mexican journalist's body found in trunk of car","\"\" EFE News Service",May 14,"2012.\"","\"\"\"Mexican rights body investigates attack on reporter","\"\" EFE News Service",May 13,"2012.\"",""
201205110014,2012,5,11,"",0,"",130,1,North America,Tamaulipas,Nuevo Laredo,27.480024,-99.510535,1,0,"","05/11/2012: Gunmen threw a fragmentation grenade and opened fire on the El Manana newspaper offices in Nuevo Laredo city, Tamaulipas state, Mexico. The building and three vehicles were damaged in the assault. No group claimed responsibility for the attack.",1,1,1,0,"","",0,1,0,2,Armed Assault,"","","","",10,Journalists & Media,53,Newspaper Journalist/Staff/Facility,El Manana Newspaper,Newspaper,130,Mexico,"","","","","","","","","","","","","","","","",Unknown,"","","","","","",0,"","",0,-99,0,0,"","","","","","","","","",6,Explosives,7,Grenade,5,Firearms,5,Unknown Gun Type,"","","","","","","","",A fragmentation grenade was used in the attack.,0,0,0,0,0,0,1,3,Minor (likely < $1 million),-99,The front of the building and three parked vehicles were damaged in this attack.,0,"","","","","","","","","","","","","","","","","\"\"\"Journalist kidnapped in Mexico","\"\" EFE News Service",May 18,"2012.\"","\"\"\"Mexican journalist's body found in trunk of car","\"\" EFE News Service",May 14,"2012.\"","\"\"\"Mexican rights body investigates attack on reporter"
201205120013,2012,5,12,"",1,"",130,1,North America,Morelos,Cuernavaca,18.93402,-99.231483,1,0,"","05/12/2012: Assailants abducted Orta Salgado, a journalist, in Cuernavaca city, Morelos state, Mexico. Salgado's body was found in the trunk of his car on May 13, 2012. No group claimed responsibility for the attack.",1,1,1,0,"","",0,1,0,6,Hostage Taking (Kidnapping),"","","","",10,Journalists & Media,"","",Unknown,Journalist: Rene Orta Salgado,130,Mexico,"","","","","","","","","","","","","","","","",Unknown,"","","","","","",0,"","",0,-99,0,0,"","","","","","","","","",5,Firearms,2,Automatic or Semi-Automatic Rifle,"","","","","","","","","","","","",Assault rifles were used in the attack.,1,0,0,0,0,0,0,"","","","",1,1,0,"",1,"","",0,"","","","","",4,Hostage(s) killed (not during rescue attempt),0,"","\"\"\"Journalist kidnapped in Mexico","\"\" EFE News Service",May 18,"2012.\"","\"\"\"Mexican journalist's body found in trunk of car","\"\" EFE News Service",May 14,"2012.\"",""
201205170018,2012,5,17,"",1,"",130,1,North America,Sonora,Ciudad Obregon,27.492199,-109.940706,1,0,"","05/17/2012: Armed assailants abducted Marco Antonio Avila Garcia in Ciudad Obregon, Sonora state, Mexico. Garcia, a police reporter, was tortured and killed; his body was discovered on May 18, 2012. No group claimed responsibility for the attack; however, officials said they found a letter from a drug cartel with the body.",1,1,1,0,"","",0,1,0,6,Hostage Taking (Kidnapping),"","","","",10,Journalists & Media,"","",Unknown,Reporter: Marco Antonio Avila Garcia,130,Mexico,"","","","","","","","","","","","","","","","",Unknown,"","","","","","",0,"","",0,3,0,0,"","","","","","","","","",5,Firearms,2,Automatic or Semi-Automatic Rifle,"","","","","","","","","","","","",Assault rifles were used in the attack.,1,0,0,0,0,0,0,"","","","",1,1,0,"",1,"","",0,"","","","","",4,Hostage(s) killed (not during rescue attempt),0,"","\"\"\"Journalist kidnapped in Mexico","\"\" EFE News Service",May 18,"2012.\"","\"\"\"Abducted Mexican journalist found dead","\"\" Indo-Asian News Service",May 19,"2012.\"","\"\"\"AROUND THE WORLD;"
201205180007,2012,5,3,2012-05-03 00:00:00,1,"",130,1,North America,Veracruz,Veracruz,19.190478,-96.152386,1,0,"","05/03/2012: One investigative journalist and three news photographers were kidnapped and killed in Veracruz city, Veracruz state, Mexico. No group claimed responsibility for the attack.",1,1,1,0,"","",0,1,0,6,Hostage Taking (Kidnapping),"","","","",10,Journalists & Media,"","",Unknown,Journalists,130,Mexico,"","","","","","","","","","","","","","","","",Unknown,"","","","","","",0,"","",0,-99,0,0,"","","","","","","","","",5,Firearms,2,Automatic or Semi-Automatic Rifle,"","","","","","","","","","","","",Assault rifles were used in the attack.,4,0,0,0,0,0,0,"","","","",1,4,0,"",-99,"","",0,"","","","","",4,Hostage(s) killed (not during rescue attempt),0,"","\"\"\"Kidnapped Mexican reporter turns up dead","\"\" Agence France Presse",June 14,"2012.\"","\"\"\"Journalist kidnapped in Mexico","\"\" EFE News Service",May 18,"2012.\"",""
201205310031,2012,5,31,"",0,"",130,1,North America,Michoacan,Unknown,19.566519,-101.706829,4,0,"","05/31/2012: Assailants opened fire on a delivery truck in Michoacan state, Mexico. The truck was destroyed and the driver injured in the attack. The Knights Templar (Caballeros Templarios) claimed responsibility for the incident. According to banners hung by the group, the trucks were burned because the group believed they were helping transport government intelligence agents.",0,1,1,1,2,Other Crime Type,0,1,0,7,Facility/Infrastructure Attack,"","","","",1,Business,7,Retail/Grocery/Bakery,Sabritas Snack Company,Delivery truck,130,Mexico,"","","","","","","","","","","","","","","","",Knights Templar (Caballeros Templarios),"","","","","","According to banners hung by the Knights Templar (Caballeros Templarios), the trucks were burned because the group believed they were helping transport government intelligence agents.",0,"","",0,-99,0,1,10,Unknown,"","","","","","","",8,Incendiary,18,Arson/Fire,"","","","","","","","","","","","","",0,0,0,1,0,0,1,3,Minor (likely < $1 million),-99,One PepsiCo delivery truck was damaged in this attack.,0,"","","","","","","","","","","","","","","","There is doubt that this incident meets terrorism-related criteria. It is unclear whether there was a larger political goal since the attack was carried out by the Knights Templar (Caballeros Templarios), a drug cartel.","\"\"\"Gunmen attack Pepsi subsidiary vehicle in Mexico","\"\" Agence France Presse -- English",June 1,"2012.\"","\"\"\"Gang attacks Mexico PepsiCo subsidiary again","\"\" Associated Press Online",June 1,"2012.\"",""
201206020022,2012,6,2,"",0,"",130,1,North America,Tamaulipas,Matamoros,25.869029,-97.502738,1,0,"","06/02/2012: Assailants threw a hand grenade near the Televisa studios in Matamoros city, Tamaulipas state, Mexico. The device failed to detonate and was safely removed without causing injury. No group claimed responsibility for the incident; however, sources suspected that the attack was connected to a Zeta campaign.",0,1,1,1,2,Other Crime Type,0,0,0,3,Bombing/Explosion,"","","","",10,Journalists & Media,55,Television Journalist/Staff/Facility,Televisa,Television Studio,130,Mexico,"","","","","","","","","","","","","","","","",Unknown,"","","","","","",0,"","",0,-99,0,0,"","","","","","","","","",6,Explosives,7,Grenade,"","","","","","","","","","","","","",0,0,0,0,0,0,0,"","","","",0,"","","","","","","","","","","","","","","","There is doubt that this incident meets terrorism-related criteria. Sources stated that the attack was meant to limit the activity of the Gulf Cartel, a rival group of the Zetas.","\"\"\"Grenades used in Mexico serve to scare more than kill","\"\" The Monitor (MCT)",June 21,"2012.\"","","",START Primary Collection,-9,-9
201206130041,2012,6,13,"",1,"",130,1,North America,Veracruz,Xalapa,19.530476,-96.909131,1,0,"","06/13/2012: Assailants kidnapped Victor Manuel Baez Chino outside of his workplace in Xalapa city, Veracruz state, Mexico. Baez Chino, a journalist with Milenio Newspaper, was discovered dead the next day. The Zetas claimed responsibility for the incident, stating that the journalist had betrayed the group.",0,1,1,1,2,Other Crime Type,0,1,0,6,Hostage Taking (Kidnapping),"","","","",10,Journalists & Media,53,Newspaper Journalist/Staff/Facility,Milenio Newspaper,Journalist: Victor Manuel Baez Chino,130,Mexico,"","","","","","","","","","","","","","","","",Zetas,"","","","","","According to a note left on the corpse of the victim, the Zetas killed the victim because he had betrayed the group.  Sources speculated that the victim, a newspaper journalist, may have been killed because of his reporting on drug crime.",0,"","",0,-99,0,1,5,Note left at scene,"","","","","","","",5,Firearms,5,Unknown Gun Type,"","","","","","","","","","","","","",1,0,0,0,0,0,0,"","","","",1,1,0,"",1,"","",0,"","","","","",4,Hostage(s) killed (not during rescue attempt),0,"There is doubt that this incident meets terrorism-related criteria. Sources suspect that the Zetas killed the journalist due to his reporting on drug activity, suggesting that this was a purely criminal act.","\"\"\"Mexican crime reporter killed in Veracruz state","\"\" Associated Press Online",June 14,"2012.\"","\"\"\"Mexican reporter killed",fifth to die since late April,"\"\" Associated Press Newswires",June 15,"2012.\""
201206230010,2012,6,22,2012-06-22 00:00:00,0,"",130,1,North America,Tamaulipas,Ciudad Victoria,23.737156,-99.143987,1,0,"","06/22/2012: Two severed heads were placed outside Ciudad Victoria's city hall in Tamaulipas state, Mexico. The heads each had a Z carved into the skin. The date that the victims were killed and their identities are unknown. No group claimed responsibility for the incident; however, according to a sign left at the scene of the event, city officials were warned to stop cooperating with the Zetas.",0,1,1,1,2,Other Crime Type,0,1,0,2,Armed Assault,"","","","",14,Private Citizens & Property,67,Unnamed Civilian/Unspecified,Not Applicable,Civilians,130,Mexico,"","","","","","","","","","","","","","","","",Unknown,"","","","","","The specific motive is unknown; however, a banner was found near the site that warned city officials not to cooperate with the Zetas cartel.",0,"","",0,-99,0,0,"","","","","","","","","",9,Melee,23,Knife or Other Sharp Object,"","","","","","","","","","","","","",2,0,0,0,0,0,0,"","","","",0,"","","","","","","","","","","","","","","",There is doubt that this incident meets terrorism-related criteria. Sources suspected that the attack was the result of fighting between rival drug cartels.,"\"\"\"BYLINE:   The Monitor",McAllen,Texas,"\"\" The Monitor (McAllen",Texas),June 23,"2012.\"","",""
201211300007,2012,11,30,"",0,"",130,1,North America,Federal,Mexico City,19.343744,-99.156188,1,0,"","11/30/2012: An explosive device detonated at an automated teller machine (ATM) in Coyoacan neighborhood, Mexico City, Federal, Mexico. There were no reported injuries resulting from the blast, although the building was damaged. There were political pamphlets left at the site of the explosion indicating that the attack was perpetrated by a far-left group.",1,1,1,0,"","",0,1,0,3,Bombing/Explosion,"","","","",1,Business,3,Bank/Commerce,Unknown,Automated Teller Machine (ATM),130,Mexico,"","","","","","","","","","","","","","","","",Unknown,"","","","","","",0,"","",0,-99,0,0,"","","","","","","","","",6,Explosives,17,Other Explosive Type,"","","","","","","","","","","","",A homemade explosive device constructed from a gas spray can and placed inside an ATM machine was used in the attack.,0,0,0,0,0,0,1,3,Minor (likely < $1 million),-99,The building and ATM were damaged in this attack.,0,"","","","","","","","","","","","","","","","","\"\"\"Homemade explosives hit two Mexico ATM machines","\"\" Agence France Presse -- English",November 30,"2012.\"","","",START Primary Collection,-9,-9
201301310030,2013,1,31,"",0,"",130,1,North America,Federal,Mexico City,19.371887,-99.086624,1,0,"","01/31/2013: An explosion occurred at the Pemex state oil company offices in Mexico City, Federal, Mexico. The blast killed approximately 37 people and injured at least 101 more. The cause of the explosion is unknown, although Pemex concluded it was due to a gas leak. Individuals Tending Toward Savagery (ITS) claimed responsibility for the incident, stating that destruction of the planet has repercussions and that attacks will continue unless nanotechnology is stopped.",1,1,1,0,"","",0,1,0,7,Facility/Infrastructure Attack,"","","","",1,Business,1,Gas/Oil/Electric,Pemex State Oil Company,Office,130,Mexico,"","","","","","","","","","","","","","","","",Individuals Tending Toward Savagery,"","","","","","In an online statement, Individuals Tending Toward Savagery claimed responsibility for the attack and stated that attacks will continue unless nanotechnology is stopped.",1,"","",0,-99,0,1,7,"Posted to website, blog, etc.","","","","","","","",8,Incendiary,20,Gasoline or Alcohol,"","","","","","","","","","","","","",37,0,0,101,0,0,1,4,Unknown,-99,A Pemex Oil Company administrative building was destroyed in this attack.,0,"","","","","","","","","","","","","","","","Casualty numbers for this incident conflict across sources. Following GTD protocol, the most recent reliable estimates are reported here.","\"\"\"Mexican state oil company says toll rises to 37 in disaster at headquarters","\"\" Associated Press Newswires",February 4,"2013.\"","\"\"\"Death toll rises in Mexico's Pemex blast","\"\" CNN Wire",February 3,"2013.\"","\"\"\"14 killed"
201302070026,2013,2,7,"",0,"",130,1,North America,Coahuila,Torreon,25.542844,-103.406786,1,0,"","02/07/2013: Assailants kidnapped five newspaper employees in Torreon city, Coahuila state, Mexico. Perpetrators beat and then released the five employees of Siglo de Torreon after a few hours. No group claimed responsibility for the attack.",1,1,1,0,"","",0,1,0,6,Hostage Taking (Kidnapping),"","","","",10,Journalists & Media,55,Television Journalist/Staff/Facility,El Siglo de Torreon,Non-Editorial Employees,130,Mexico,"","","","","","","","","","","","","","","","",Unknown,"","","","","","",0,"","",0,-99,0,0,"","","","","","","","","",5,Firearms,5,Unknown Gun Type,"","","","","","","","","","","","","",0,0,0,5,0,0,0,"","","","",1,5,0,13,"","","",0,"","","","","",2,Hostage(s) released by perpetrators,5,"","\"\"\"Grenades that exploded near U.S. Consulate may not have been targeting it","\"\" Dallas Morning News",February 9,"2013.\"","\"\"\"Five Employees of Mexican Daily Briefly Abducted","\"\" Latin American Herald Tribune",February 9,"2013.\"","\"\"\"5 Mexico newspaper employees kidnapped"
201303030014,2013,3,3,"",0,"",130,1,North America,Chihuahua,Ojinaga,29.564449,-104.544098,1,0,"","03/03/2013: Assailants shot an online journalist in Ojinaga town, Chihuahua state, Mexico. The victim, Jaime Gonzalez Dominguez, died in the attack. No group has claimed responsibility for the incident.",1,1,1,0,"","",0,1,0,1,Assassination,"","","","",10,Journalists & Media,56,Other (including online news agencies),Ojinaga Noticias,Online Journalist: Jaime Gonzalez Dominguez,130,Mexico,"","","","","","","","","","","","","","","","",Unknown,"","","","","","",0,"","",0,-99,0,0,"","","","","","","","","",5,Firearms,5,Unknown Gun Type,"","","","","","","","","","","","","",1,0,0,0,0,0,0,"","","","",0,"","","","","","","","","","","","","","","","","\"\"\"Mexico: Attacks on Journalists Continue under PRI Adiministration","\"\" Reporte Indigo",March 7,"2013.\"","\"\"\"Gunmen kill online reporter in Mexico border town","\"\" Modesto Bee",March 4,"2013.\"","\"\"\"Gunmen kill online reporter in Mexico border town"
201303060034,2013,3,6,"",0,"",130,1,North America,Chihuahua,Chihuahua,28.631272,-106.072715,1,0,"","03/06/2013: Assailants opened fire on the front of the building owned by Diario de Juarez, a daily newspaper, in Chihuahua city, Chihuahua state, Mexico. No one was injured; however, the building was damaged in the attack. This was one of two attacks on media establishments in Chihuahua on this day. No group claimed responsibility for the incident.",0,1,1,1,2,Other Crime Type,1,1,0,7,Facility/Infrastructure Attack,"","","","",10,Journalists & Media,56,Other (including online news agencies),Diario de Juarez,Building,130,Mexico,"","","","","","","","","","","","","","","","",Unknown,"","","","","","",0,"","",0,-99,0,0,"","","","","","","","","",5,Firearms,5,Unknown Gun Type,"","","","","","","","","","","","","",0,0,0,0,0,0,1,3,Minor (likely < $1 million),-99,The building was damaged in the attack.,0,"","","","","","","","","","","","","","","","There is doubt that this incident meets terrorism-related criteria. Given the context of the drug trade in Mexico, it is unclear whether the attack was carried out by a criminal gang.","\"\"\"Mexico: Attacks on Journalists Continue under PRI Adiministration","\"\" Reporte Indigo",March 7,"2013.\"","","",START Primary Collection,-9,-9
201303060035,2013,3,6,"",0,"",130,1,North America,Chihuahua,Chihuahua,28.631272,-106.072715,1,0,"","03/06/2013: Assailants opened fire on the front of the building owned by Channel 44 news, in Chihuahua city, Chihuahua state, Mexico. No one was injured; however, the building was damaged in the attack. This was one of two attacks on media establishments in Chihuahua on this day. No group claimed responsibility for the incident.",0,1,1,1,2,Other Crime Type,1,1,0,7,Facility/Infrastructure Attack,"","","","",10,Journalists & Media,55,Television Journalist/Staff/Facility,Channel 44,Building,130,Mexico,"","","","","","","","","","","","","","","","",Unknown,"","","","","","",0,"","",0,-99,0,0,"","","","","","","","","",5,Firearms,5,Unknown Gun Type,"","","","","","","","","","","","","",0,0,0,0,0,0,1,3,Minor (likely < $1 million),-99,The Channel 44 building was damaged in the attack.,0,"","","","","","","","","","","","","","","","There is doubt that this incident meets terrorism-related criteria. Given the context of the drug trade in Mexico, it is unclear whether the attack was carried out by a criminal gang.","\"\"\"Mexico: Attacks on Journalists Continue under PRI Adiministration","\"\" Reporte Indigo",March 7,"2013.\"","","",START Primary Collection,-9,-9
201303150001,2013,3,15,"",0,"",130,1,North America,Quintana Roo,Cancun,21.156762,-86.842448,1,0,"","03/15/2013: Two gunmen open fired with automatic weapons in a restaurant-bar, the Mermaid, in Cancun, Quintana Roo state, Mexico. Seven people were killed and four were injured in the attack. The motive of the attack was unknown; however, the majority of the victims belonged to a taxi cab union. No group claimed responsibility for the incident.",0,1,1,1,2,Other Crime Type,0,1,0,2,Armed Assault,"","","","",1,Business,2,Restaurant/Bar/Caf�,The Mermaid,Restaurant,130,Mexico,"","","","","","","","","","","","","","","","",Unknown,"","","","","","",0,"","",0,2,0,0,"","","","","","","","","",5,Firearms,2,Automatic or Semi-Automatic Rifle,"","","","","","","","","","","","","",7,0,0,4,0,0,1,3,Minor (likely < $1 million),-99,A restaurant was damaged in this attack.,0,"","","","","","","","","","","","","","","","There is doubt that this incident meets terrorism-related criteria. Given the context of the drug trade in Mexico, it is unclear whether the attack was carried out by a criminal gang.","\"\"\"Gun Attack Inside Cancun Bar Kills 7",Wounds 4,"\"\" ABC News",March 15,"2013.\"","\"\"\"7 Die in armed attack in Mexican resort city","\"\" EFE",March 15,"2013.\""
201303240023,2013,3,24,"",0,"",130,1,North America,Oaxaca,Unknown,17.05423,-96.71323,4,0,Incident occurred between Juxtlahuaca and Meson de Guadalupe,"03/24/2013: Two gunmen shot and killed mayor Feliciano Martinez and a police officer in Oaxaca state, Mexico. The mayor and the police officer were traveling between Juxtlahuaca and Meson de Guadalupe. There was no claim of responsibility for this attack.",1,1,1,0,"","",0,1,0,1,Assassination,"","","","",2,Government (General),15,Politician or Political Party Movement/Meeting/Rally,San Juan Mixtepec,Mayor: Feliciano Martinez's Vehicle,130,Mexico,3,Police,25,Police Security Forces/Officers,Mexican Police,Officer: Policarpo Remigio Rojas's Vehicle,130,Mexico,"","","","","","","","",Unknown,"","","","","","",0,"","",0,2,0,0,"","","","","","","","","",5,Firearms,5,Unknown Gun Type,"","","","","","","","","","","","","",2,0,0,0,0,0,1,3,Minor (likely < $1 million),-99,A vehicle was damaged in this attack.,0,"","","","","","","","","","","","","","","","","\"\"\"Mayor",police officer killed by armed men in southern Mexico,"\"\" New Straits Times",March 25,"2013.\"","\"\"\"Mayor",police officer of south Mexican town killed in ambush,"\"\" Xinhua News Agency",March 24
201304170036,2013,4,17,"",0,"",130,1,North America,Jalisco,Zapopan,20.647162,-103.414493,1,0,The incident took place in the Jardines del Sol area of the city.,"04/17/2013: Two explosive devices detonated at the office of the Mural newspaper in the Jardines del Sol area of Zapopan city, Jalisco state, Mexico. There were no reported casualties, but the building was damaged. No group claimed responsibility for this attack.",0,1,1,1,2,Other Crime Type,0,1,0,3,Bombing/Explosion,"","","","",10,Journalists & Media,53,Newspaper Journalist/Staff/Facility,Mural Newspaper,Office,130,Mexico,"","","","","","","","","","","","","","","","",Unknown,"","","","","","",0,"","",0,-99,0,0,"","","","","","","","","",6,Explosives,17,Other Explosive Type,"","","","","","","","","","","","",Homemade bombs were used in the attack.,0,0,0,0,0,0,1,4,Unknown,-99,The office was damaged in this attack.,0,"","","","","","","","","","","","","","","","There is doubt that this incident meets terrorism-related criteria. Given the context of the drug trade in Mexico, it is unclear whether the attack was carried out by a criminal gang.","\"\"\"Newspaper Attacked in Western Mexico","\"\" Latin American Herald Tribune",April 17,"2013.\"","","",START Primary Collection,-9,-9
201401060095,2014,1,6,"",0,"",130,1,North America,Federal,Mexico City,19.371887,-99.086624,1,0,"","01/06/2014: Assailants threw Molotov cocktails at a Department of Communications and Transportation office in Mexico City, Federal, Mexico. There were no reported casualties, although several vehicles at a neighboring car dealership were damaged in the attack. No group claimed responsibility for the incident; however, two Canadian citizens, identified as Amelie Pelletier and Fallon Rouiller Poisson, and a Mexican national, identified as Carlos Lopez Marin, were arrested in connection with the attack, and sources indicated that they were anarchists.",1,1,1,0,"","",0,1,0,7,Facility/Infrastructure Attack,"","","","",2,Government (General),21,Government Building/Facility/Office,Secretariat of Communications and Transportation,Office,130,Mexico,"","","","","","","","","","","","","","","","",Anarchists,"","","","","","",0,"","",0,3,3,0,"","","","","","","","","",8,Incendiary,19,Molotov Cocktail/Petrol Bomb,"","","","","","","","","","","","",Molotov cocktails were used in the attack.,0,0,0,0,0,0,1,3,Minor (likely < $1 million),-99,Several vehicles were damaged in this attack.,0,"","","","","","","","","","","","","","","","","\"\"\"2 Canadian women arrested in Mexico firebombing","\"\" CBC",January 7,"2014.\"","\"\"\"Mexico: Anarchists Amelie",Fallon and Carlos sentenced on local charges,"\"\" Anarchistnews.org",November 8,"2014.\""
201402050008,2014,2,5,"",1,"",130,1,North America,Veracruz,Allende,18.154171,-94.3937,1,0,"","02/05/2014: Assailants kidnapped Gregorio Jimenez de la Cruz, a police reporter, near his home in Allende area, Veracruz state, Mexico. Jimenez's body was found buried in Las Choapas town, Veracruz state on February 11, 2014. No group claimed responsibility for the incident.",0,1,1,1,2,Other Crime Type,0,1,0,6,Hostage Taking (Kidnapping),"","","","",10,Journalists & Media,53,Newspaper Journalist/Staff/Facility,Notisur; Liberal del Sur,Journalist: Gregorio Jimenez de la Cruz,130,Mexico,"","","","","","","","","","","","","","","","",Unknown,"","","","","","",0,"","",0,-99,0,0,"","","","","","","","","",5,Firearms,5,Unknown Gun Type,"","","","","","","","","","","","","",1,0,0,0,0,0,0,"","","","",1,1,0,"",6,"","",0,"","","","","",4,Hostage(s) killed (not during rescue attempt),0,"There is doubt this incident meets terrorism-related criteria. While police speculated that the motive for the attack was personal, journalists suspected that the motives were political because the victim's body had been found buried alongside union leaders.","\"\"\"Mexico missing journalist found dead","\"\" BBC",February 12,"2014.\"","\"\"\"Police reporter kidnapped in southern Mexico","\"\" Associated Press International",February 6,"2014.\"","\"\"\"Colleagues deeply skeptical of state officials' explanation for Mexican reporter's killing"
201404290085,2014,4,27,2014-04-27 00:00:00,1,"",130,1,North America,Chiapas,Ocosingo district,16.51649,-91.163615,3,0,The incident occurred in the Lacondon jungle.,"04/27/2014: Assailants abducted Julia Carabias in the Lacandon Jungle in Ocosingo district, Chiapas state, Mexico. Carabias, a member of Natura Y Ecosistemas Mexicanos A.C., was released two days later. No group claimed responsibility for the attack.",1,1,1,0,"","",0,1,0,6,Hostage Taking (Kidnapping),"","","","",12,NGO,61,Domestic NGO,Natura Y Ecosistemas Mexicanos A.C.,Member: Julia Carabias,130,Mexico,"","","","","","","","","","","","","","","","",Unknown,"","","","","","The specific motive is unknown; however, the victim, Julia Carabias, speculated that the attack was connected to her work as an environmentalist promoting jungle conservation in the area.",0,"","",0,-99,0,0,"","","","","","","","","",13,Unknown,"","","","","","","","","","","","","","","",0,0,0,0,0,0,0,"","","","",1,1,0,"",2,"","",0,"","","","","",2,Hostage(s) released by perpetrators,1,"","\"\"\"Environmentalists kidnapped",freed in Mexico,"\"\" Associated Press",May 27,"2014.\"","\"\"\"*Environmentalists kidnapped",freed in Mexico,"\"\" Saudi Press Agency",May 27
201405250056,2014,5,25,"",0,"",130,1,North America,Chiapas,Ocosingo district,16.516343,-91.163625,3,0,The incident occurred in the Lacandon jungle in the district.,"05/25/2014: Assailants surrounded a vehicle and held the four occupants hostage, including two Mexican environmentalists and two tourists from the United States, in the Lacandon Jungle in Ocosingo district, Chiapas state, Mexico. The victims were freed approximately 20 hours later, on May 26, 2014. No group claimed responsibility for the attack.",1,1,1,0,"","",0,1,0,6,Hostage Taking (Kidnapping),"","","","",12,NGO,62,International NGO,Na Bolom Cultural Association,Activists,130,Mexico,18,Tourists,97,Tourist,Not Applicable,United States Tourists,217,United States,"","","","","","","","",Unknown,"","","","","","The specific motive is unknown; however, sources speculated that victims were targeted because of their support for the Lacandon natives.",0,"","",0,-99,0,0,"","","","","","","","","",8,Incendiary,18,Arson/Fire,"","","","","","","","","","","","","",0,0,0,0,0,0,0,"","","","",1,4,2,20,"","","",0,"","","","","",2,Hostage(s) released by perpetrators,4,"","\"\"\"Environmentalists kidnapped",freed in Mexico,"\"\" Associated Press",May 27,"2014.\"","\"\"\"*Environmentalists kidnapped",freed in Mexico,"\"\" Saudi Press Agency",May 27
