200109270003,2001,9,27,"",0,"",199,8,Western Europe,Zug,Zug,47.174589,8.513854,1,0,"","09/27/2001: Fourteen people were killed and another 18 were injured when a Swiss man disguised as a policeman opened fire with an assault rifle during a session of the Canton of Zug�s local assembly in Zug, Switzerland. A bomb may have been detonated near the assembly building as well. The man also died and no group claimed to be connected to the incident.",1,1,1,1,2,Other Crime Type,0,1,0,2,Armed Assault,"","","","",2,Government (General),21,Government Building/Facility/Office,Zug Canton,Zug Canton Assembly building,199,Switzerland,"","","","","","","","","","","","","","","","",Unknown,"","","","","",The perpetrator demanded that an appeal he had recently filed be reviewed by the parliament.,0,"","",0,1,0,0,"","","","","","","","","",5,Firearms,5,Unknown Gun Type,"","","","","","","","","","","","","",14,0,1,18,0,0,0,"","","","",0,"","","","","","","","","","","","","","","","","\"\"\"Swiss Gunman Reportedly Dead",Eight Critically Injured in Assembly Shooting,� Swiss Radio International,September 27,"2001.\"","","",CETIS,-9
197002210002,1970,2,21,"",0,"",199,8,Western Europe,Zurich,Zurich,47.36865,8.539182,1,0,"","",1,1,1,0,"","",0,1,0,3,Bombing/Explosion,"","","","",6,Airports & Aircraft,42,Aircraft (not at an airport),"",Swiss Air DC-9,199,Switzerland,"","","","","","","","","","","","","","","","","Popular Front for the Liberation of Palestine, Gen Cmd (PFLP-GC)","","","","","","",0,"","",0,"","","","","","","","","","","","",6,Explosives,16,Unknown Explosive Type,"","","","","","","","","","","","",Explosive,47,"","",0,"","",1,2,Major (likely >= $1 million but < $1 billion),3000000,"",0,"","","","","","",0,"","","","","","","","","","","","",PGIS,1,1,0,1,""
200305260001,2003,5,26,"",0,"",199,8,Western Europe,Bern,Berne,46.947922,7.444608,1,0,"","\"05/26/2003: Suspected anti-globalization protesters bombed a government building that housed the federal mint and defense ministry offices in Berne, Switzerland. The bombing caused damage to the building but no casualties. In a fax sent to Swiss media, an anonymous group claimed responsibility for the attack. The group claimed the blast was designed to draw attention to the \"\"security strategy\"\" of the Swiss authorities during the upcoming G8 summit",due to start on June 1,"2003.\"",1,1,1,0,"","",0,1,0,3,Bombing/Explosion,"","","","",2,Government (General),21,Government Building/Facility/Office,Swiss Federal Mint,"A building that houses the federal mint and defense ministry offices in Berne, Switzerland",199,Switzerland,2,Government (General),21,Government Building/Facility/Office,Swiss Ministry of Defense,"A building that houses the federal mint and defense ministry offices in Berne, Switzerland",199,Switzerland,"","","","","","","","",Unknown,"","","","","","\"The blast was designed to draw attention to the \"\"security strategy\"\" of the Swiss authorities during the upcoming G8 summit.\"",1,"","",0,"","",1,9,Other,"","","","","","",-9,6,Explosives,16,Unknown Explosive Type,"","","","","","","","","","","","","",0,0,0,0,0,0,1,3,Minor (likely < $1 million),"",Unspecified minor damage was done to a building.,0,"","","","","","","","","","","","","","","","The incident came just days ahead of the G8 summit in the French resort of Evian, on the shores of Lake Geneva.","\"\"\"Bomb targets Swiss government building","\"\" Swiss Info",May 26,"2003.\"","","",CETIS
197005120001,1970,5,12,"",0,"",199,8,Western Europe,Geneva,Geneva,46.198392,6.142296,1,0,"","",1,1,1,0,"","",0,1,0,3,Bombing/Explosion,"","","","",6,Airports & Aircraft,42,Aircraft (not at an airport),"",Iberia Airlines Aircraft,185,Spain,"","","","","","","","","","","","","","","","",1st of May Group,"","","","","","",0,"","",0,"","","","","","","","","","","","",6,Explosives,16,Unknown Explosive Type,"","","","","","","","","","","","",Explosive,"","","","","","",1,"","","","",0,"","","","","","",0,"","","","","","","","","","","","",PGIS,0,1,1,1,""
200706050029,2007,6,5,"",0,"",199,8,Western Europe,Zurich,Zurich,47.36865,8.539182,1,0,"","06/05/2007: No casualties were reported but approximately $160,000 worth of Mercedes vehicles were damaged when left-wing perpetrators firebombed a Mercedes car dealership in the early morning in Zurich, Zurich District, Zurich Canton, Switzerland.  No claim of responsibility was reported.",1,1,1,0,"","",0,1,0,7,Facility/Infrastructure Attack,"","","","",1,Business,4,Multinational Corporation,Mercedes,Mercedes car dealership in Zurich,75,Germany,"","","","","","","","","","","","","","","","",Unknown,"","","","","",Unknown,0,"","",0,"","",1,1,Letter,"","","","","","",-9,8,Incendiary,19,Molotov Cocktail/Petrol Bomb,"","","","","","","","","","","","",Firebomb.,0,0,0,0,0,0,1,3,Minor (likely < $1 million),"",A Mercedes car dealership was firebombed.,0,"","","","","","","","","","","","","","","",The attack came amidst massive street demonstrations and riots outside the concurrent G-8 summit and the unspecified perpetrators claimed responsibility in a statement faxed to the Associated Press and other media organizations on June 5.,"�G-8 protestors firebomb Mercedes dealership in Zurich,� Associated Press Worldstream, June 5, 2007.","�Protestors firebomb Mercedes dealership,� Turkish Daily News, June 6, 2007.","",CETIS,-9,-9,1,1,""
197009060002,1970,9,6,"",1,9/12/1970,199,8,Western Europe,Zurich,Zurich,47.36865,8.539182,1,0,"","",1,1,1,0,"","",1,1,0,4,Hijacking,"","","","",6,Airports & Aircraft,42,Aircraft (not at an airport),Swiss Air,Flight 100 DC-8,199,Switzerland,"","","","","","","","","","","","","","","","",Popular Front for the Liberation of Palestine (PFLP),"","","","","","",0,"","",0,2,"","","","","","","","","","","",13,Unknown,"","","","","","","","","","","","","","","",0,0,0,0,0,0,1,"","","","",1,155,0,"","",Jordan,Jordan,0,"","","","","",2,Hostage(s) released by perpetrators,155,"","","","",Hijacking DB,0,1,0,1,"197009060001, 197009060002, 197009060003, 197009060004"
200711120016,2007,11,12,"",0,"",199,8,Western Europe,Vaud,Crissier,46.556212,6.5763,1,0,"","11/12/2007: A Muslim Swiss citizen opened fire in the Islamic center in Crissier, Switzerland, where he wounded one person.",1,1,1,0,"","",0,1,0,2,Armed Assault,"","","","",14,Private Citizens & Property,69,Religion Identified,Swiss Islamic Center,Worshippers,199,Switzerland,"","","","","","","","","","","","","","","","",Muslim extremists,"","","","","",Unknown,0,"","",0,1,0,0,"","","","","","","","","",5,Firearms,5,Unknown Gun Type,"","","","","","","","","","","","","",0,0,0,1,0,0,0,"","","","",0,"","","","","","","","","","","","","","","","","\"\"\"Muslim Gunman Wounds One in Attack on Swiss Islamic Center","\"\" Agence France Presse",November 12,"2007.\"","","",CETIS,-9,-9
197112150002,1971,12,15,"",0,"",199,8,Western Europe,Geneva,Geneva,46.198392,6.142296,1,0,"","",1,1,1,0,"","",0,0,0,1,Assassination,"","","","",7,Government (Diplomatic),45,"Diplomatic Personnel (outside of embassy, consulate)",Jordanian Govt,"Employees, Jordanian Mission to U.N. in Geneva",102,Jordan,"","","","","","","","","","","","","","","","",Black September,"","","","","","",0,"","",0,"","","","","","","","","","","","",6,Explosives,9,Letter Bomb,"","","","","","","","","","","","",Letter bomb,0,"","",3,"","",0,"","","","",0,"","","","","","",0,"","","","","","","","","","","","",PGIS,1,1,1,1,""
197209190013,1972,9,19,"",0,"",199,8,Western Europe,Geneva,Geneva,46.223717,6.148185,1,0,"","09/19/1972: A letter bomb addressed to Shabtal Rosenne, the Israeli Ambassador, was discovered and defused at the Israeli Mission in Geneva, Switzerland. This was one of 74 letter bombs that were mailed from Amsterdam and were discovered or detonated between September 19, 1972 and September 28, 1972. Black September claimed responsibility for the incidents.",1,1,1,0,"","",1,0,0,1,Assassination,"","","","",7,Government (Diplomatic),46,Embassy/Consulate,Israeli Ministry of Foreign Affairs,Ambassador: Shabtal Rosenne,97,Israel,"","","","","","","","","","","","","","","","",Black September,"","","","","","",0,"","",0,-99,-99,1,5,Note left at scene,"","","","","","","",6,Explosives,9,Letter Bomb,"","","","","","","","","","","","",An explosives-laden letter was used.,0,0,0,0,0,0,0,"","","","",0,"","","","","","","","","","","","","","","","",http://news.bbc.co.uk/onthisday/hi/dates/stories/september/19/newsid_2523000/2523027.stm,"\"\"\"Attempts in Geneva and Paris foiled","\"\" The Jerusalem Post",September 20,"1972.\"","",UMD Miscellaneous,1,1
197209190014,1972,9,19,"",0,"",199,8,Western Europe,Geneva,Geneva,46.223717,6.148185,1,0,"","09/19/1972: A letter bomb addressed to Moshe Melamed, the First Secretary, was discovered and defused at the Israeli Mission in Geneva, Switzerland. This was one of 74 letter bombs that were mailed from Amsterdam and were discovered or detonated between September 19, 1972 and September 28, 1972. Black September claimed responsibility for the incidents.",1,1,1,0,"","",1,0,0,1,Assassination,"","","","",7,Government (Diplomatic),46,Embassy/Consulate,Israeli Ministry of Foreign Affairs,First Secretary: Moshe Melamed,97,Israel,"","","","","","","","","","","","","","","","",Black September,"","","","","","",0,"","",0,-99,-99,1,5,Note left at scene,"","","","","","","",6,Explosives,9,Letter Bomb,"","","","","","","","","","","","",An explosives-laden letter was used.,0,0,0,0,0,0,0,"","","","",0,"","","","","","","","","","","","","","","","",http://news.bbc.co.uk/onthisday/hi/dates/stories/september/19/newsid_2523000/2523027.stm,"\"\"\"Attempts in Geneva and Paris foiled","\"\" The Jerusalem Post",September 20,"1972.\"","",UMD Miscellaneous,1,1
197209190015,1972,9,19,"",0,"",199,8,Western Europe,Geneva,Geneva,46.198073,6.142436,1,0,"","09/19/1972: A letter bomb addressed to a diplomat was discovered and defused at the Israeli Mission in Geneva, Switzerland. This was one of 74 letter bombs that were mailed from Amsterdam and were discovered or detonated between September 19, 1972 and September 28, 1972. Black September claimed responsibility for the incidents.",1,1,1,0,"","",1,0,0,1,Assassination,"","","","",7,Government (Diplomatic),46,Embassy/Consulate,Israeli Ministry of Foreign Affairs,Diplomat,97,Israel,"","","","","","","","","","","","","","","","",Black September,"","","","","","",0,"","",0,-99,-99,1,5,Note left at scene,"","","","","","","",6,Explosives,9,Letter Bomb,"","","","","","","","","","","","",An explosives-laden letter was used.,0,0,0,0,0,0,0,"","","","",0,"","","","","","","","","","","","","","","","",http://news.bbc.co.uk/onthisday/hi/dates/stories/september/19/newsid_2523000/2523027.stm,"\"\"\"26 more bombs sent to Israelis here",abroad,"\"\" The Jerusalem Post",September 21,"1972.\"","",UMD Miscellaneous,1
197309160001,1973,9,16,"",0,"",199,8,Western Europe,Zurich,Zurich,47.36865,8.539182,1,0,"","",1,1,1,-9,"","",0,1,0,3,Bombing/Explosion,"","","","",1,Business,4,Multinational Corporation,"",ITT Facility,199,Switzerland,"","","","","","","","","","","","","","","","",Unknown,"","","","","","",0,"","",0,"","","","","","","","","","","","",6,Explosives,16,Unknown Explosive Type,"","","","","","","","","","","","",Explosive,"","","","","","",1,"","","","",0,"","","","","","",0,"","","","","","","","","","","","",PGIS,-9,-9,0,-9,""
197312310004,1973,12,31,"",0,"",199,8,Western Europe,Zurich,Zurich,47.36865,8.539182,1,0,"","",1,1,1,0,"","",0,1,0,3,Bombing/Explosion,"","","","",2,Government (General),21,Government Building/Facility/Office,"",Post office beneath spanish Consulate General,199,Switzerland,"","","","","","","","","","","","","","","","",Iberian Liberation Movement (MIL),"","","","","","",0,"","",0,"","","","","","","","","","","","",6,Explosives,16,Unknown Explosive Type,"","","","","","","","","","","","",Explosive,0,"","",0,"","",1,"","","","",0,"","","","","","",0,"","","","","","","","","","","","",PGIS,1,1,0,1,""
197401110002,1974,1,11,"",0,"",199,8,Western Europe,Zurich,Zurich,47.36865,8.539182,1,0,"","",1,1,1,0,"","",0,1,0,3,Bombing/Explosion,"","","","",7,Government (Diplomatic),46,Embassy/Consulate,"",Spanish Consulate,185,Spain,"","","","","","","","","","","","","","","","",Iberian Liberation Movement (MIL),"","","","","","",0,"","",0,"","","","","","","","","","","","",6,Explosives,16,Unknown Explosive Type,"","","","","","","","","","","","",Explosive,0,"","",0,"","",1,3,Minor (likely < $1 million),50000,"",0,"","","","","","",0,"","","","","","","","","","","","",PGIS,1,0,1,1,""
197406000001,1974,6,0,"",0,"",199,8,Western Europe,Bern,Bern,46.947922,7.444608,1,0,"","",1,1,1,0,"","",0,1,0,3,Bombing/Explosion,"","","","",7,Government (Diplomatic),46,Embassy/Consulate,"",Spainish Embassy,185,Spain,"","","","","","","","","","","","","","","","",Krause Group,"","","","","","",0,"","",0,"","","","","","","","","","","","",6,Explosives,16,Unknown Explosive Type,"","","","","","","","","","","","",Explosive,"","","","","","",1,"","","","",0,"","","","","","",0,"","","","","","","","","","","","",PGIS,1,1,1,1,""
197406180001,1974,6,18,"",0,"",199,8,Western Europe,Zurich,Zurich,47.36865,8.539182,1,0,"","",1,1,1,0,"","",0,1,0,3,Bombing/Explosion,"","","","",1,Business,3,Bank/Commerce,"",Manufacturers Hanover Trust,217,United States,"","","","","","","","","","","","","","","","",Krause Group,"","","","","","",0,"","",0,"","","","","","","","","","","","",6,Explosives,16,Unknown Explosive Type,"","","","","","","","","","","","",Explosive,0,"","",0,"","",1,3,Minor (likely < $1 million),10000,"",0,"","","","","","",0,"","","","","","","","","","","","",PGIS,1,1,1,1,""
197501050002,1975,1,5,"",0,"",199,8,Western Europe,Vaud,Rougemont,46.4892,7.21237,1,0,"","",1,1,1,0,"","",0,1,0,1,Assassination,"","","","",10,Journalists & Media,53,Newspaper Journalist/Staff/Facility,"",Chalet of Axel Springer,75,Germany,"","","","","","","","","","","","","","","","",Baader-Meinhof Group,"","","","","","",0,"","",0,"","","","","","","","","","","","",8,Incendiary,"","","","","","","","","","","","","","",Incendiary,0,"","",0,"","",1,3,Minor (likely < $1 million),15000,"",0,"","","","","","",0,"","","","","","","","","","","","",PGIS,1,0,1,1,""
197502090003,1975,2,9,"",0,"",199,8,Western Europe,Geneva,Geneva,46.198392,6.142296,1,0,"","",1,1,1,0,"","",0,1,0,3,Bombing/Explosion,"","","","",7,Government (Diplomatic),"","","",FRG mission to U.N.,75,Germany,"","","","","","","","","","","","","","","","",Unknown,"","","","","","",0,"","",0,"","","","","","","","","","","","",6,Explosives,16,Unknown Explosive Type,"","","","","","","","","","","","",Explosive,0,"","",0,"","",1,"","","","",0,"","","","","","",0,"","","","","","","","","","","","",PGIS,-9,-9,1,1,""
197509250005,1975,9,25,"",0,"",199,8,Western Europe,Geneva,Geneva,46.198392,6.142296,1,0,"","",1,1,1,0,"","",0,1,0,3,Bombing/Explosion,"","","","",7,Government (Diplomatic),46,Embassy/Consulate,"",Spanish Consulate,185,Spain,"","","","","","","","","","","","","","","","",International Revolutionary Action Group (GARI),"","","","","","",0,"","",0,"","","","","","","","","","","","",6,Explosives,16,Unknown Explosive Type,"","","","","","","","","","","","",Explosive,0,"","",0,"","",1,"","","","",0,"","","","","","",0,"","","","","","","","","","","","",PGIS,0,1,1,1,""
197605280001,1976,5,28,"",0,"",199,8,Western Europe,Zurich,Zurich,47.36865,8.539182,1,0,"","",1,1,1,0,"","",0,1,0,3,Bombing/Explosion,"","","","",7,Government (Diplomatic),46,Embassy/Consulate,"",Turkish Consulate,209,Turkey,"","","","","","","","","","","","","","","","",Unknown,"","","","","","",0,"","",0,"","","","","","","","","","","","",6,Explosives,16,Unknown Explosive Type,"","","","","","","","","","","","",Explosive,0,"","",0,"","",1,"","","","Damages: explosion, damaged facility (consulate)",0,"","","","","","",0,"","","","","","","","","","","","",PGIS,-9,-9,1,1,""
197605280002,1976,5,28,"",0,"",199,8,Western Europe,Zurich,Zurich,47.36865,8.539182,1,0,"","",1,1,1,0,"","",0,1,0,3,Bombing/Explosion,"","","","",1,Business,3,Bank/Commerce,"",Turkish bank,209,Turkey,"","","","","","","","","","","","","","","","",Justice Commandos for the Armenian Genocide,"","","","","","",1,"","",0,"","","","","","","","","","","","",6,Explosives,16,Unknown Explosive Type,"","","","","","","","","","","","",Explosive,0,"","",0,"","",1,"","","","",0,"","","","","","",0,"","","","","","","","","","","","",PGIS,1,1,1,1,""
197610080001,1976,10,8,"",0,"",199,8,Western Europe,Bern,Bern,46.947922,7.444608,1,0,"","",1,1,1,-9,"","",0,1,0,7,Facility/Infrastructure Attack,"","","","",7,Government (Diplomatic),46,Embassy/Consulate,"",FRG Embassy,75,Germany,"","","","","","","","","","","","","","","","",Unknown,"","","","","","",0,"","",0,"","","","","","","","","","","","",8,Incendiary,"","","","","","","","","","","","","","",Incendiary,"","","","","","",1,4,Unknown,"","",0,"","","","","","",0,"","","","","","","","","","","","",PGIS,-9,-9,1,1,""
197610080002,1976,10,8,"",0,"",199,8,Western Europe,Bern,Bern,46.947922,7.444608,1,0,"","",1,1,1,-9,"","",0,1,0,7,Facility/Infrastructure Attack,"","","","",7,Government (Diplomatic),46,Embassy/Consulate,"",Spanish Embassy,185,Spain,"","","","","","","","","","","","","","","","",Unknown,"","","","","","",0,"","",0,"","","","","","","","","","","","",8,Incendiary,"","","","","","","","","","","","","","",Incendiary,"","","","","","",1,4,Unknown,"","",0,"","","","","","",0,"","","","","","","","","","","","",PGIS,-9,-9,1,1,""
197701050001,1977,1,5,"",0,"",199,8,Western Europe,Basel-Stadt,Basel,47.557421,7.592573,1,0,"","",1,1,1,-9,"","",0,0,0,9,Unknown,"","","","",2,Government (General),18,"Government Personnel (excluding police, military)",Customs Service,"Unk, Customs Inspector",199,Switzerland,"","","","","","","","","","","","","","","","",Unknown,"","","","","","",0,"","",0,"","","","","","","","","","","","",13,Unknown,"","","","","","","","","","","","","","","",0,"","",1,"","",0,"","","","",0,"","","","","","",0,"","","","","","","","","","","","",PGIS,-9,-9,0,-9,""
197706060008,1977,6,6,"",0,"",199,8,Western Europe,Zurich,Zurich,47.36865,8.539182,1,0,"","",1,1,1,-9,"","",0,1,0,3,Bombing/Explosion,"","","","",1,Business,7,Retail/Grocery/Bakery,store,"",209,Turkey,"","","","","","","","","","","","","","","","",Unknown,"","","","","","",0,"","",0,"","","","","","","","","","","","",6,Explosives,16,Unknown Explosive Type,"","","","","","","","","","","","",Bomb,"","","","","","",1,"","","","",0,"","","","","","",0,"","","","","","","","","","","","",Armenian Website,-9,-9,1,1,""
197707110002,1977,7,11,"",0,"",199,8,Western Europe,Zurich,Zurich,47.36865,8.539182,1,0,"","",1,1,1,-9,"","",0,1,0,7,Facility/Infrastructure Attack,"","","","",6,Airports & Aircraft,43,Airline Officer/Personnel,"",Iran Airlines office,94,Iran,"","","","","","","","","","","","","","","","",Unknown,"","","","","","",0,"","",0,"","","","","","","","","","","","",8,Incendiary,"","","","","","","","","","","","","","",Incendiary,0,"","",0,"","",1,3,Minor (likely < $1 million),100000,"",0,"","","","","","",0,"","","","","","","","","","","","",PGIS,-9,-9,1,1,""
197712200001,1977,12,20,"",0,"",199,8,Western Europe,Jura,Porrentruy,47.417394,7.075287,1,0,"","",1,1,1,0,"","",0,0,0,1,Assassination,"","","","",3,Police,25,Police Security Forces/Officers,Swiss Govt,border guards(customs),199,Switzerland,"","","","","","","","","","","","","","","","",Red Army Faction (RAF),"","","","","","",0,"","",0,2,"","","","","","","","","","","",5,Firearms,3,Handgun,"","","","","","","","","","","","",Pistols,0,"","",2,"","",0,"","","","",0,"","","","","","",0,"","","","","","","","","","","","",PGIS,1,1,0,1,""
197807030005,1978,7,3,"",0,"",199,8,Western Europe,Geneva,Geneva,46.198392,6.142296,1,0,"","",1,1,1,0,"","",0,1,0,3,Bombing/Explosion,"","","","",21,Utilities,107,Electricity,"",Nuclear plant equipment under constuction,199,Switzerland,"","","","","","","","","","","","","","","","",Unknown,"","","","","","",0,"","",0,"","","","","","","","","","","","",6,Explosives,16,Unknown Explosive Type,"","","","","","","","","","","","",Explosive,0,"","",0,"","",1,3,Minor (likely < $1 million),10000,"",0,"","","","","","",0,"","","","","","","","","","","","",PGIS,-9,-9,0,-9,""
197812000002,1978,12,0,"",0,"",199,8,Western Europe,Geneva,Geneva,46.198392,6.142296,1,0,"","",1,1,1,0,"","",0,1,0,3,Bombing/Explosion,"","","","",7,Government (Diplomatic),46,Embassy/Consulate,"",Consulate,209,Turkey,"","","","","","","","","","","","","","","","",New Armenian Resistance,"","","","","","",0,"","",0,"","","","","","","","","","","","",6,Explosives,16,Unknown Explosive Type,"","","","","","","","","","","","",Explosive,0,"","",0,"","",1,3,Minor (likely < $1 million),70000,"",0,"","","","","","",0,"","","","","","","","","","","","",PGIS,1,1,1,1,""
197812120005,1978,12,12,"",0,"",199,8,Western Europe,Geneva,Geneva,46.198392,6.142296,1,0,"","",1,1,1,0,"","",0,1,0,3,Bombing/Explosion,"","","","",6,Airports & Aircraft,43,Airline Officer/Personnel,"",turkish airlines office,209,Turkey,"","","","","","","","","","","","","","","","",Armenian Secret Army for the Liberation of Armenia,"","","","","","",0,"","",0,"","","","","","","","","","","","",6,Explosives,16,Unknown Explosive Type,"","","","","","","","","","","","",Bomb,"","","","","","",1,"","","","",0,"","","","","","",0,"","","","","","","","","","","","",Hyland,1,1,1,1,""
197902150012,1979,2,15,"",0,"",199,8,Western Europe,Aargau,Kaiseraugst,47.538016,7.727026,1,0,"","",1,1,1,0,"","",0,1,0,3,Bombing/Explosion,"","","","",21,Utilities,107,Electricity,Kaiser Augat Plant,Nuclear Installation,199,Switzerland,"","","","","","","","","","","","","","","","",Unknown,"","","","","","",0,"","",0,"","","","","","","","","","","","",6,Explosives,16,Unknown Explosive Type,"","","","","","","","","","","","",Bomb,0,0,0,0,0,0,1,3,Minor (likely < $1 million),528000,"",0,"","","","","","",0,"","","","","","","","","","","","",CBRN Global Chronology,-9,-9,0,-9,""
197902250002,1979,2,25,"",0,"",199,8,Western Europe,Aargau,Leibstadt,47.58953,8.17571,1,0,"","",1,1,1,0,"","",0,1,0,3,Bombing/Explosion,"","","","",21,Utilities,107,Electricity,"",Nuclear Power Plant construction site,199,Switzerland,"","","","","","","","","","","","","","","","",Unknown,"","","","","","",0,"","",0,"","","","","","","","","","","","",6,Explosives,16,Unknown Explosive Type,"","","","","","","","","","","","",Explosive,0,"","",0,"","",1,"","","","",0,"","","","","","",0,"","","","","","","","","","","","",PGIS,-9,-9,0,-9,""
197908200006,1979,8,20,"",0,"",199,8,Western Europe,Geneva,Geneva,46.198392,6.142296,1,0,"","",1,1,1,0,"","",0,0,0,1,Assassination,"","","","",7,Government (Diplomatic),45,"Diplomatic Personnel (outside of embassy, consulate)","",turkish consul,209,Turkey,"","","","","","","","","","","","","","","","",Armenian Secret Army for the Liberation of Armenia,"","","","","","",1,"","",0,"","","","","","","","","","","","",13,Unknown,"","","","","","","","","","","","","","","",0,"","",0,"","",0,"","","","",0,"","","","","","",0,"","","","","","","","","","","","",Hyland,1,1,1,1,""
197908220004,1979,8,22,"",0,"",199,8,Western Europe,Geneva,Geneva,46.198392,6.142296,1,0,"","",1,1,1,0,"","",0,1,0,3,Bombing/Explosion,"","","","",7,Government (Diplomatic),45,"Diplomatic Personnel (outside of embassy, consulate)","",Vehicle of Turkish Vice Counsel,209,Turkey,"","","","","","","","","","","","","","","","",Armenian Secret Army for the Liberation of Armenia,"","","","","","",0,"","",0,"","","","","","","","","","","","",6,Explosives,16,Unknown Explosive Type,"","","","","","","","","","","","",Explosive,0,"","",2,"","",1,3,Minor (likely < $1 million),2000,"",0,"","","","","","",0,"","","","","","","","","","","","",PGIS,1,1,1,1,""
197911020006,1979,11,2,"",0,"",199,8,Western Europe,Zurich,Zurich,47.36865,8.539182,1,0,"","",1,1,1,-9,"","",0,0,0,2,Armed Assault,"","","","",1,Business,3,Bank/Commerce,"",Bank (Volsbank),199,Switzerland,"","","","","","","","","","","","","","","","",Unknown,"","","","","","",0,"","",0,5,"","","","","","","","","","","",5,Firearms,3,Handgun,"","","","","","","","","","","","",Pistols,1,"","",3,"","",1,3,Minor (likely < $1 million),200000,"Damages: stole $200,000 from bank, later recovered",0,"","","","","","",0,"","","","","","","","","","","","",PGIS,-9,-9,0,-9,""
197911050003,1979,11,5,"",0,"",199,8,Western Europe,Solothurn,Daniken,47.366111,7.965844,1,0,"","",1,1,1,0,"","",0,1,0,3,Bombing/Explosion,"","","","",21,Utilities,107,Electricity,Goesgen Reactor,Nuclear Power Facility,199,Switzerland,"","","","","","","","","","","","","","","","",Unknown,"","","","","","",0,"","",0,"","","","","","","","","","","","",6,Explosives,16,Unknown Explosive Type,"","","","","","","","","","","","",Bomb,0,0,0,0,0,0,1,"","","","",0,"","","","","","",0,"","","","","","","","","","","","",CBRN Global Chronology,-9,-9,0,-9,""
198002060004,1980,2,6,"",0,"",199,8,Western Europe,Bern,Bern,46.947922,7.444608,1,0,"","",1,1,1,0,"","",0,0,0,1,Assassination,"","","","",7,Government (Diplomatic),45,"Diplomatic Personnel (outside of embassy, consulate)",Embassy,Ambassador Dogan Turkmen,209,Turkey,"","","","","","","","","","","","","","","","",Justice Commandos for the Armenian Genocide,"","","","","","",0,"","",0,"","","","","","","","","","","","",5,Firearms,3,Handgun,"","","","","","","","","","","","",Pistol,0,"","",1,"","",0,"","","","",0,"","","","","","",0,"","","","","","","","","","","","",PGIS,1,1,1,1,""
198004240007,1980,4,24,"",0,"",199,8,Western Europe,Zurich,Zurich,47.36865,8.539182,1,0,"","",1,1,1,0,"","",0,0,0,3,Bombing/Explosion,"","","","",6,Airports & Aircraft,42,Aircraft (not at an airport),"","El AL Flight 364, Zurich-Tel Aviv",97,Israel,"","","","","","","","","","","","","","","","",Palestine Liberation Organization (PLO),"","","","","","",0,"","",0,"","","","","","","","","","","","",6,Explosives,16,Unknown Explosive Type,"","","","","","","","","","","","",Explosive,0,"","",0,"","",0,"","","","Damages: explosion/barometric bomb, device deactivated before detonation (El AL Flight 364)",0,"","","","","","",0,"","","","","","","","","","","","",PGIS,1,1,1,1,""
198010030009,1980,10,3,"",0,"",199,8,Western Europe,Geneva,Geneva,46.198392,6.142296,1,0,"","",1,1,1,0,"","",0,1,0,3,Bombing/Explosion,"","","","",14,Private Citizens & Property,76,House/Apartment/Residence,hotel room,"Ara Alek Yenikomchian, Suzy Mahseredjian",209,Turkey,"","","","","","","","","","","","","","","","",Armenian Secret Army for the Liberation of Armenia,"","","","","","",0,"","",0,"","","","","","","","","","","","",6,Explosives,16,Unknown Explosive Type,"","","","","","","","","","","","",Bomb,0,"","",2,"",1,1,"","","","",0,"","","","","","",0,"","","","","","","","","","","","",Hyland,1,1,1,1,""
198010200004,1980,10,20,"",0,"",199,8,Western Europe,Bern,Interlaken,46.685985,7.867319,1,0,"","",1,1,1,0,"","",0,0,0,3,Bombing/Explosion,"","","","",19,Transportation,100,Train/Train Tracks/Trolley,"",Express Train,199,Switzerland,"","","","","","","","","","","","","","","","",Armenian Secret Army for the Liberation of Armenia,October 3 Movement,"","","","","",0,"","",0,"","","","","","","","","","","","",6,Explosives,16,Unknown Explosive Type,"","","","","","","","","","","","",Explosive,0,"","",0,"","",0,"","","","",0,"","","","","","",0,"","","","","","","","","","","","",PGIS,1,1,0,1,""
198011250001,1980,11,25,"",0,"",199,8,Western Europe,Geneva,Geneva,46.198392,6.142296,1,0,"","",1,1,1,0,"","",0,1,0,3,Bombing/Explosion,"","","","",1,Business,3,Bank/Commerce,"",Main Branch of Union Bank of Switzerland,199,Switzerland,"","","","","","","","","","","","","","","","",Armenian Secret Army for the Liberation of Armenia,"","","","","","",0,"","",0,"","","","","","","","","","","","",6,Explosives,16,Unknown Explosive Type,"","","","","","","","","","","","",Explosive,0,"","",0,"","",1,4,Unknown,"","",0,"","","","","","",0,"","","","","","","","","","","","",PGIS,1,1,0,1,""
198011250009,1980,11,25,"",0,"",199,8,Western Europe,Zurich,Zurich,47.36865,8.539182,1,0,"","",1,1,1,0,"","",0,0,0,3,Bombing/Explosion,"","","","",6,Airports & Aircraft,44,Airport,airport,Kloten Airport,199,Switzerland,"","","","","","","","","","","","","","","","",Armenian Secret Army for the Liberation of Armenia,October 3 Movement,"","","","","",0,"","",0,"","","","","","","","","","","","",13,Unknown,"","","","","","","","","","","","","","","",0,"","",0,"","",1,"","","","",0,"","","","","","",0,"","","","","","","","","","","","",Armenian Website,1,1,0,1,""
198012050001,1980,12,5,"",0,"",199,8,Western Europe,Zurich,Zurich,47.36865,8.539182,1,0,"","",1,1,0,1,1,Insurgency/Guerilla Action,0,1,0,7,Facility/Infrastructure Attack,"","","","",4,Military,27,Military Barracks/Base/Headquarters/Checkpost,"",Military Barracks (unoccupied),199,Switzerland,"","","","","","","","","","","","","","","","",Unknown,"","","","","","",0,"","",0,"","","","","","","","","","","","",8,Incendiary,"","","","","","","","","","","","","","",Incendiary,0,"","",0,"","",1,"","","","Damages: arson/petrol, damaged facility, estimated at thousands of dollars (military barracks)",0,"","","","","","",0,"","","","","","","","","","","","",PGIS,-9,-9,0,-9,""
198101170002,1981,1,17,"",0,"",199,8,Western Europe,Geneva,Geneva,46.198392,6.142296,1,0,"","",1,1,1,0,"","",0,1,0,3,Bombing/Explosion,"","","","",14,Private Citizens & Property,73,Vehicles/Transportation,parked cars,"",199,Switzerland,"","","","","","","","","","","","","","","","",Ninth of June Organization,"","","","","","",0,"","",0,"","","","","","","","","","","","",13,Unknown,"","","","","","","","","","","","","","","","","","","","","",1,"","","","",0,"","","","","","",0,"","","","","","","","","","","","",Armenian Website,1,1,0,1,""
198105040008,1981,5,4,"",0,"",199,8,Western Europe,Zurich,Zurich,47.36865,8.539182,1,0,"","",1,1,1,0,"","",0,1,0,7,Facility/Infrastructure Attack,"","","","",1,Business,7,Retail/Grocery/Bakery,"",Showroom of importer of British Cars,216,Great Britain,"","","","","","","","","","","","","","","","",Irish Republican Army (IRA),"","","","","","",0,"","",0,"","","","","","","","","","","","",8,Incendiary,"","","","","","","","","","","","","","",Incendiary,0,"","",0,"","",1,4,Unknown,"","",0,"","","","","","",0,"","","","","","","","","","","","",PGIS,1,0,1,1,""
198106030008,1981,6,3,"",0,"",199,8,Western Europe,Zurich,Zurich,47.36865,8.539182,1,0,"","",1,1,1,-9,"","",0,1,0,7,Facility/Infrastructure Attack,"","","","",6,Airports & Aircraft,43,Airline Officer/Personnel,"",Main Swiss office of Lufthansa Airline,75,Germany,"","","","","","","","","","","","","","","","",Unknown,"","","","","","",0,"","",0,"","","","","","","","","","","","",8,Incendiary,"","","","","","","","","","","","","","",Incendiary,0,"","",0,"","",1,3,Minor (likely < $1 million),50000,"",0,"","","","","","",0,"","","","","","","","","","","","",PGIS,-9,-9,1,1,""
198106030009,1981,6,3,"",0,"",199,8,Western Europe,Zurich,Zurich,47.36865,8.539182,1,0,"","",1,1,1,-9,"","",0,1,0,7,Facility/Infrastructure Attack,"","","","",14,Private Citizens & Property,81,Museum/Cultural Center/Cultural House,"",Pestalozzianum (Cultural and Educational Institute),199,Switzerland,"","","","","","","","","","","","","","","","",Unknown,"","","","","","",0,"","",0,"","","","","","","","","","","","",8,Incendiary,"","","","","","","","","","","","","","",Incendiary,0,"","",0,"","",1,3,Minor (likely < $1 million),10000,"",0,"","","","","","",0,"","","","","","","","","","","","",PGIS,-9,-9,0,-9,""
198106090006,1981,6,9,"",0,"",199,8,Western Europe,Geneva,Geneva,46.198392,6.142296,1,0,"","",1,1,1,0,"","",0,1,0,1,Assassination,"","","","",7,Government (Diplomatic),45,"Diplomatic Personnel (outside of embassy, consulate)",Turkish Consulate,"Mehmet Yerguz (37), secretary",209,Turkey,"","","","","","","","","","","","","","","","",Armenian Secret Army for the Liberation of Armenia,"","","","","","",0,"","",0,1,"","","","","","","","","","","",5,Firearms,3,Handgun,"","","","","","","","","","","","",Pistol - 9 mm caliber,1,"","",0,"","",0,"","","","",0,"","","","","","",0,"","","","","","","","","","","","",PGIS,1,1,1,1,""
198107190005,1981,7,19,"",0,"",199,8,Western Europe,Bern,Bern,46.947922,7.444608,1,0,"","",1,1,1,0,"","",0,1,0,3,Bombing/Explosion,"","","","",2,Government (General),21,Government Building/Facility/Office,"",Swiss Parliament Building,199,Switzerland,"","","","","","","","","","","","","","","","",Armenian Secret Army for the Liberation of Armenia,"","","","","","",0,"","",0,"","","","","","","","","","","","",6,Explosives,16,Unknown Explosive Type,"","","","","","","","","","","","",Explosive,0,"","",0,"","",1,"","","","",0,"","","","","","",0,"","","","","","","","","","","","",PGIS,1,1,0,1,""
198107200004,1981,7,20,"",0,"",199,8,Western Europe,Zurich,Zurich,47.36865,8.539182,1,0,"","",1,1,1,0,"","",0,1,0,3,Bombing/Explosion,"","","","",6,Airports & Aircraft,44,Airport,"",International Airport (Kloten),199,Switzerland,"","","","","","","","","","","","","","","","",Armenian Secret Army for the Liberation of Armenia,"","","","","","",0,"","",0,"","","","","","","","","","","","",6,Explosives,16,Unknown Explosive Type,"","","","","","","","","","","","",Explosive,0,"","",5,"","",1,3,Minor (likely < $1 million),150000,"",0,"","","","","","",0,"","","","","","","","","","","","",PGIS,1,1,0,1,""
198107210006,1981,7,21,"",0,"",199,8,Western Europe,Vaud,Lausanne,46.519962,6.633597,1,0,"","",1,1,1,0,"","",0,1,0,3,Bombing/Explosion,"","","","",1,Business,7,Retail/Grocery/Bakery,"",Department Store,199,Switzerland,"","","","","","","","","","","","","","","","",Armenian Secret Army for the Liberation of Armenia,"","","","","","",0,"","",0,"","","","","","","","","","","","",6,Explosives,16,Unknown Explosive Type,"","","","","","","","","","","","",Explosive,0,"","",20,"","",1,"","","","",0,"","","","","","",0,"","","","","","","","","","","","",PGIS,1,1,0,1,""
198107220009,1981,7,22,"",0,"",199,8,Western Europe,Geneva,Geneva,46.198392,6.142296,1,0,"","",1,1,1,0,"","",0,1,0,3,Bombing/Explosion,"","","","",19,Transportation,100,Train/Train Tracks/Trolley,"",railway station,199,Switzerland,"","","","","","","","","","","","","","","","",Armenian Secret Army for the Liberation of Armenia,"","","","","","",0,"","",0,"","","","","","","","","","","","",6,Explosives,16,Unknown Explosive Type,"","","","","","","","","","","","",Explosive,1,"","",4,"","",1,4,Unknown,"","",0,"","","","","","",0,"","","","","","","","","","","","",PGIS,1,1,0,1,""
198110030003,1981,10,3,"",0,"",199,8,Western Europe,Geneva,Geneva,46.198392,6.142296,1,0,"","",1,1,1,0,"","",0,1,0,3,Bombing/Explosion,"","","","",2,Government (General),14,Judge/Attorney/Court,"",Law courts,199,Switzerland,"","","","","","","","","","","","","","","","",Armenian Secret Army for the Liberation of Armenia,"","","","","","",0,"","",0,"","","","","","","","","","","","",13,Unknown,"","","","","","","","","","","","","","","",0,"","",0,"","",1,"","","","",0,"","","","","","",0,"","","","","","","","","","","","",PGIS,1,1,0,1,""
198110030004,1981,10,3,"",0,"",199,8,Western Europe,Geneva,Geneva,46.198392,6.142296,1,0,"","",1,1,1,0,"","",0,1,0,3,Bombing/Explosion,"","","","",2,Government (General),21,Government Building/Facility/Office,"",Central Post office,199,Switzerland,"","","","","","","","","","","","","","","","",Armenian Secret Army for the Liberation of Armenia,"","","","","","",0,"","",0,"","","","","","","","","","","","",13,Unknown,"","","","","","","","","","","","","","","",0,"","",1,"","",1,"","","","Damages: broken windows, damaged building and walls (post office)",0,"","","","","","",0,"","","","","","","","","","","","",PGIS,1,1,0,1,""
198110290003,1981,10,29,"",0,"",199,8,Western Europe,Geneva,Geneva,46.198392,6.142296,1,0,"","",1,1,1,0,"","",0,0,0,3,Bombing/Explosion,7,Facility/Infrastructure Attack,"","",1,Business,3,Bank/Commerce,"",bank,199,Switzerland,"","","","","","","","","","","","","","","","",Ninth of June Organization,"","","","","","",0,"","",0,"","","","","","","","","","","","",6,Explosives,16,Unknown Explosive Type,8,Incendiary,"","","","","","","","","","",Explosive; Incendiary,0,"","",0,"","",0,"","","","",0,"","","","","","",0,"","","","","","","","","","","","",PGIS,1,1,0,1,""
198112070019,1981,12,7,"",1,12/8/1981,199,8,Western Europe,Zurich,Zurich,47.36865,8.539182,1,0,"","",1,1,1,-9,"","",0,1,0,4,Hijacking,"","","","",6,Airports & Aircraft,42,Aircraft (not at an airport),Libyan Arab Airlines,B-727,113,Libya,"","","","","","","","","","","","","","","","",Shia Muslim extremists,"","","","","","",0,"","",0,3,"","","","","","","","","","","",5,Firearms,3,Handgun,6,Explosives,7,Grenade,"","","","","","","","",Pistols; Grenades,0,0,0,1,"",0,0,"","","","",1,263,0,0,1,Lebanon,Lebanon,0,"","","","","",2,Hostage(s) released by perpetrators,"","","","","",Hijacking DB,-9,-9,1,1,""
198201120012,1982,1,12,"",0,"",199,8,Western Europe,Vaud,Nyon,46.388182,6.234062,1,0,"","",1,1,1,0,"","",0,1,0,3,Bombing/Explosion,"","","","",1,Business,5,Industrial/Textiles/Factory,"",match factory,199,Switzerland,"","","","","","","","","","","","","","","","",Armenian Secret Army for the Liberation of Armenia,"","","","","","",0,"","",0,"","","","","","","","","","","","",6,Explosives,16,Unknown Explosive Type,"","","","","","","","","","","","",Explosive,"","","","","","",1,"","","","",0,"","","","","","",0,"","","","","","","","","","","","",Hyland,1,1,0,1,""
198204140006,1982,4,14,"",0,"",199,8,Western Europe,Geneva,Geneva,46.198392,6.142296,1,0,"","",1,1,1,0,"","",0,1,0,7,Facility/Infrastructure Attack,"","","","",7,Government (Diplomatic),46,Embassy/Consulate,"",Iranian Consulate,94,Iran,"","","","","","","","","","","","","","","","",Peykar,"","","","","","",0,"","",0,18,"","","","","","","","","","","",12,Other,"","",13,Unknown,"","","","","","","","","","",Looting; No arms,0,"","",0,"","",1,4,Unknown,"",No damage details given,1,6,0,2,0,"","",0,"","","","","",2,Hostage(s) released by perpetrators,6,"","","","",PGIS,1,0,1,1,""
198205100017,1982,5,10,"",0,"",199,8,Western Europe,Geneva,Geneva,46.198392,6.142296,1,0,"","",1,1,1,0,"","",0,1,0,3,Bombing/Explosion,"","","","",1,Business,3,Bank/Commerce,banks,"",199,Switzerland,"","","","","","","","","","","","","","","","",World Punishment Organization,"","","","","","",0,"","",0,"","","","","","","","","","","","",13,Unknown,"","","","","","","","","","","","","","","","","","","","","",1,"","","","",0,"","","","","","",0,"","","","","","","","","","","","",Armenian Website,1,1,0,1,""
198206080001,1982,6,8,"",0,"",199,8,Western Europe,Zurich,Zurich,47.36865,8.539182,1,0,"","",1,1,1,0,"","",0,1,0,3,Bombing/Explosion,"","","","",7,Government (Diplomatic),46,Embassy/Consulate,"",Building housing American Consulate,217,United States,"","","","","","","","","","","","","","","","",Unknown,"","","","","","",0,"","",0,"","","","","","","","","","","","",6,Explosives,16,Unknown Explosive Type,"","","","","","","","","","","","",Explosive,0,"","",0,"","",1,3,Minor (likely < $1 million),50000,"",0,"","","","","","",0,"","","","","","","","","","","","",PGIS,-9,-9,1,1,""
198206080002,1982,6,8,"",0,"",199,8,Western Europe,Zurich,Zurich,47.36865,8.539182,1,0,"","",1,1,1,0,"","",0,1,0,3,Bombing/Explosion,"","","","",7,Government (Diplomatic),46,Embassy/Consulate,"",Building housing Israeli Consulate,97,Israel,"","","","","","","","","","","","","","","","",Unknown,"","","","","","",0,"","",0,"","","","","","","","","","","","",6,Explosives,16,Unknown Explosive Type,"","","","","","","","","","","","",Explosive,0,"","",0,"","",1,"","","","",0,"","","","","","",0,"","","","","","","","","","","","",PGIS,-9,-9,1,1,""
198209060006,1982,9,6,"",1,9/9/1982,199,8,Western Europe,Bern,Bern,46.947922,7.444608,1,0,"","",1,1,1,0,"","",0,1,0,5,Hostage Taking (Barricade Incident),"","","","",7,Government (Diplomatic),46,Embassy/Consulate,"",Polish Embassy,161,Poland,"","","","","","","","","","","","","","","","",Polish Revolutionary Home Army,"","","","","","",0,"","",0,"","","","","","","","","","","","",6,Explosives,28,Dynamite/TNT,5,Firearms,2,Automatic or Semi-Automatic Rifle,"","","","","","","","",Dynamite; Automatic firearms,0,"","",0,"","",0,"","","","",1,13,0,0,3,"","",1,999,"","","","",7,Unknown,8,"","","","",PGIS,1,0,1,1,""
198302010001,1983,2,1,"",0,"",199,8,Western Europe,Bern,Bern,46.947922,7.444608,1,0,"","",1,1,1,0,"","",0,0,0,3,Bombing/Explosion,"","","","",2,Government (General),15,Politician or Political Party Movement/Meeting/Rally,"",Several Parliment Members,199,Switzerland,"","","","","","","","","","","","","","","","",Unknown,"","","","","","",0,"","",0,"","","","","","","","","","","","",6,Explosives,16,Unknown Explosive Type,"","","","","","","","","","","","",Explosive,0,"","",0,"","",0,"","","","",0,"","","","","","",0,"","","","","","","","","","","","",PGIS,-9,-9,0,-9,""
198303140001,1983,3,14,"",0,"",199,8,Western Europe,Bern,Bern,46.947922,7.444608,1,0,"","",1,1,1,0,"","",0,1,0,3,Bombing/Explosion,"","","","",2,Government (General),21,Government Building/Facility/Office,"",Bern's City Hall,199,Switzerland,"","","","","","","","","","","","","","","","",Unknown,"","","","","","",0,"","",0,"","","","","","","","","","","","",6,Explosives,31,Pipe Bomb,6,Explosives,16,Unknown Explosive Type,"","","","","","","","",Explosive; Pipe bomb,0,"","",0,"","",1,"","","","",0,"","","","","","",0,"","","","","","","","","","","","",PGIS,-9,-9,0,-9,""
198309250001,1983,9,25,"",0,"",199,8,Western Europe,Aargau,Wolflinswil,47.4618,7.99822,1,0,"","",1,1,1,0,"","",0,1,0,3,Bombing/Explosion,"","","","",21,Utilities,107,Electricity,"",Electrical tower,199,Switzerland,"","","","","","","","","","","","","","","","",Coordination of Anti-atomic Power Plant Saboteurs,"","","","","","",1,"","",0,"","","","","","","","","","","","",6,Explosives,16,Unknown Explosive Type,"","","","","","","","","","","","",Explosive,"","","","","","",1,"","","","Damages: explosion, damaged electrical tower",0,"","","","","","",0,"","","","","","","","","","","","",PGIS,0,0,0,0,""
198408060003,1984,8,6,"",0,"",199,8,Western Europe,Zurich,Zurich,47.36865,8.539182,1,0,"","",1,1,1,0,"","",0,1,0,1,Assassination,"","","","",2,Government (General),15,Politician or Political Party Movement/Meeting/Rally,"",Home of Justice Minister  (Rudolf Friedrich),199,Switzerland,"","","","","","","","","","","","","","","","",Unknown,"","","","","","",0,"","",0,"","","","","","","","","","","","",6,Explosives,16,Unknown Explosive Type,"","","","","","","","","","","","",Explosive,0,"","",0,"","",1,"","","","",0,"","","","","","",0,"","","","","","","","","","","","",PGIS,-9,-9,0,-9,""
198503190001,1985,3,19,"",0,"",199,8,Western Europe,Valais,Martigny-Ville,46.102595,7.077055,1,0,"","",1,1,1,0,"","",0,1,0,3,Bombing/Explosion,"","","","",1,Business,5,Industrial/Textiles/Factory,Martigny Aluminium Works,Aluminium Factory,199,Switzerland,"","","","","","","","","","","","","","","","",Valais Group Against Hydro-Rhone,"","","","","","",0,"","",0,"","","","","","","","","","","","",6,Explosives,16,Unknown Explosive Type,"","","","","","","","","","","","",Explosive,0,"","",0,"","",1,2,Major (likely >= $1 million but < $1 billion),5400000,"",0,"","","","","","",0,"","","","","","","","","","","","",PGIS,0,0,0,0,""
198504260002,1985,4,26,"",0,"",199,8,Western Europe,Geneva,Geneva,46.198392,6.142296,1,0,"","",1,1,1,0,"","",0,0,0,1,Assassination,"","","","",7,Government (Diplomatic),45,"Diplomatic Personnel (outside of embassy, consulate)",U.N.,"Ahmad Saqr, charge d'affaires (acting ambassador)",200,Syria,"","","","","","","","","","","","","","","","",Unknown,"","","","","","",0,"","",0,"","","","","","","","","","","","",6,Explosives,15,Vehicle,"","","","","","","","","","","","",Car bomb,0,"","",1,"","",0,"","","","",0,"","","","","","",0,"","","","","","","","","","","","",PGIS,-9,-9,1,1,""
198504270001,1985,4,27,"",0,"",199,8,Western Europe,Geneva,Geneva,46.198392,6.142296,1,0,"","",1,1,1,0,"","",1,1,0,3,Bombing/Explosion,"","","","",7,Government (Diplomatic),45,"Diplomatic Personnel (outside of embassy, consulate)","",Diplomat,200,Syria,6,Airports & Aircraft,43,Airline Officer/Personnel,"",Libyan Arab Airlines Office,113,Libya,"","","","","","","","",Unknown,"","","","","","",0,"","",0,"","","","","","","","","","","","",6,Explosives,15,Vehicle,"","","","","","","","","","","","",Explosive,0,"","",3,"","",1,"","","","",0,"","","","","","",0,"","","","","","","","","","","","",PGIS,-9,-9,1,1,"198504270001, 198504270002, 198504270003"
198504270002,1985,4,27,"",0,"",199,8,Western Europe,Geneva,Geneva,46.198392,6.142296,1,0,"","",1,1,1,0,"","",1,1,0,3,Bombing/Explosion,"","","","",7,Government (Diplomatic),45,"Diplomatic Personnel (outside of embassy, consulate)","",Diplomat,200,Syria,6,Airports & Aircraft,43,Airline Officer/Personnel,"",Libyan Arab Airlines Office,113,Libya,"","","","","","","","",Unknown,"","","","","","",0,"","",0,"","","","","","","","","","","","",6,Explosives,16,Unknown Explosive Type,"","","","","","","","","","","","",Explosive,0,"","",3,"","",1,"","","","",0,"","","","","","",0,"","","","","","","","","","","","",PGIS,-9,-9,1,1,"198504270001, 198504270002, 198504270003"
198504270003,1985,4,27,"",0,"",199,8,Western Europe,Geneva,Geneva,46.198392,6.142296,1,0,"","",1,1,1,0,"","",1,1,0,3,Bombing/Explosion,"","","","",7,Government (Diplomatic),45,"Diplomatic Personnel (outside of embassy, consulate)","",Diplomat,200,Syria,6,Airports & Aircraft,43,Airline Officer/Personnel,"",Libyan Arab Airlines Office,113,Libya,"","","","","","","","",Unknown,"","","","","","",0,"","",0,"","","","","","","","","","","","",6,Explosives,16,Unknown Explosive Type,"","","","","","","","","","","","",Explosive,0,"","",3,"","",1,"","","","",0,"","","","","","",0,"","","","","","","","","","","","",PGIS,-9,-9,1,1,"198504270001, 198504270002, 198504270003"
198506020001,1985,6,2,"",0,"",199,8,Western Europe,Geneva,Geneva,46.198392,6.142296,1,0,"","",1,1,1,0,"","",0,1,0,3,Bombing/Explosion,"","","","",19,Transportation,100,Train/Train Tracks/Trolley,"",Main Train Station,199,Switzerland,"","","","","","","","","","","","","","","","",Martyrs of Tell Al-Zaltar,"","","","","","",0,"","",0,"","","","","","","","","","","","",6,Explosives,16,Unknown Explosive Type,"","","","","","","","","","","","",Explosive,0,"","",0,"","",1,"","","","",0,"","","","","","",0,"","","","","","","","","","","","",PGIS,1,1,0,1,""
198509290001,1985,9,29,"",0,"",199,8,Western Europe,Bern,Bern,46.947922,7.444608,1,0,"","",1,1,1,0,"","",0,1,0,3,Bombing/Explosion,"","","","",2,Government (General),14,Judge/Attorney/Court,"",Courthouse,199,Switzerland,"","","","","","","","","","","","","","","","",Unknown,"","","","","","",0,"","",0,"","","","","","","","","","","","",6,Explosives,16,Unknown Explosive Type,"","","","","","","","","","","","",Explosive,0,"","",0,"","",1,"","","","",0,"","","","","","",0,"","","","","","","","","","","","",PGIS,-9,-9,0,-9,""
198707240008,1987,7,24,"",0,"",199,8,Western Europe,Geneva,Geneva,46.198392,6.142296,1,0,"","",1,1,1,-9,"","",0,1,0,4,Hijacking,"","","","",6,Airports & Aircraft,42,Aircraft (not at an airport),Air Afrique,DC - 10 Aircraft,99,Ivory Coast,"","","","","","","","","","","","","","","","",Shia Muslim extremists,"","","","","","",0,"","",0,1,"","","","","","","","","","","",5,Firearms,3,Handgun,"","","","","","","","","","","","",Pistol,1,"","",0,"","",0,"","","","",0,"","","","","",Switzerland,0,"","","","","","","","","","","","",PGIS,-9,-9,1,1,""
198803150006,1988,3,15,"",0,"",199,8,Western Europe,Bern,Bern,46.947922,7.444608,1,0,"","",1,1,1,0,"","",0,0,0,3,Bombing/Explosion,"","","","",7,Government (Diplomatic),46,Embassy/Consulate,Yugoslav State Dept,Embassy,235,Yugoslavia,"","","","","","","","","","","","","","","","",Unknown,"","","","","","",0,"","",0,"","","","","","","","","","","","",6,Explosives,16,Unknown Explosive Type,"","","","","","","","","","","","",Explosive,0,"","",0,"","",1,"","","","",0,"","","","","","",0,"","","","","","","","","","","","",PGIS,-9,-9,1,1,""
198811180006,1988,11,18,"",0,"",199,8,Western Europe,Geneva,Geneva,46.198392,6.142296,1,0,"","",1,1,1,0,"","",0,1,0,3,Bombing/Explosion,"","","","",6,Airports & Aircraft,43,Airline Officer/Personnel,Aeroplot,Office,359,Soviet Union,"","","","","","","","","","","","","","","","",Socialist-Nationalist Front (SNF),"","","","","","",0,"","",0,"","","","","","","","","","","","",6,Explosives,16,Unknown Explosive Type,"","","","","","","","","","","","",Explosive,0,"","",5,2,"",1,"","","","",0,"","","","","","",0,"","","","","","","","","","","","",PGIS,0,1,1,1,""
198812250003,1988,12,25,"",0,"",199,8,Western Europe,Zurich,Zurich,47.36865,8.539182,1,0,"","",1,1,1,-9,"","",0,0,0,7,Facility/Infrastructure Attack,"","","","",1,Business,7,Retail/Grocery/Bakery,"",Second Hand Car Lot,199,Switzerland,"","","","","","","","","","","","","","","","",Unknown,"","","","","","",0,"","",0,"","","","","","","","","","","","",8,Incendiary,"","","","","","","","","","","","","","",Incendiary - discovered,0,"","",0,"","",1,"","","","",0,"","","","","","",0,"","","","","","","","","","","","",PGIS,-9,-9,0,-9,""
198812270004,1988,12,27,"",1,12/31/1988,199,8,Western Europe,Geneva,Geneva,46.198392,6.142296,1,0,"","",1,1,1,0,"","",0,1,0,6,Hostage Taking (Kidnapping),"","","","",1,Business,"","",Own Firm *,Mehmet Reyhan,209,Turkey,"","","","","","","","","","","","","","","","",Kurdistan Workers' Party (PKK),"","","","","","",0,"","",0,2,"","","","","","","","","","","",9,Melee,23,Knife or Other Sharp Object,5,Firearms,3,Handgun,"","","","","","","","",Knife; Pistol,0,"","",0,"","",0,"","","","",1,1,0,0,4,"",Switzerland,1,3300000,"",0,"","","","","","","","","",PGIS,1,0,1,1,""
199004240001,1990,4,24,"",0,"",199,8,Western Europe,Vaud,Coppet,46.3172,6.19385,1,0,"","",1,1,1,0,"","",0,1,0,1,Assassination,"","","","",17,Terrorists/Non-State Militia,93,Terrorist,Mujahideen Khalo *,Kazem Rajavi **,94,Iran,"","","","","","","","","","","","","","","","",Unknown,"","","","","","",0,"","",0,2,"","","","","","","","","","","",5,Firearms,3,Handgun,"","","","","","","","","","","","",Pistol,1,"","",0,"","",0,"","","","",0,"","","","","","",0,"","","","","","","","","","","","",PGIS,-9,-9,1,1,""
199104160002,1991,4,16,"",0,"",199,8,Western Europe,Zurich,Zurich,47.36865,8.539182,1,0,"","",1,1,1,-9,"","",0,1,0,7,Facility/Infrastructure Attack,"","","","",19,Transportation,100,Train/Train Tracks/Trolley,Railway,Zurich Commuter Train,199,Switzerland,"","","","","","","","","","","","","","","","",Unknown,"","","","","","",0,"","",0,"","","","","","","","","","","","",8,Incendiary,"","","","","","","","","","","","","","",Incendiary,0,"","",4,"","",1,2,Major (likely >= $1 million but < $1 billion),8000000,"",0,"","","","","","",0,"","","","","","","","","","","","",PGIS,-9,-9,0,-9,""
199107130011,1991,7,13,"",0,"",199,8,Western Europe,Bern,Bern,46.947922,7.444608,1,0,"","",1,1,1,-9,"","",0,1,0,7,Facility/Infrastructure Attack,"","","","",7,Government (Diplomatic),46,Embassy/Consulate,Turkey State Department,Turkish Embassy,209,Turkey,"","","","","","","","","","","","","","","","",Kurdish Sympathizers,"","","","","","",0,"","",0,"","","","","","","","","","","","",8,Incendiary,"","","","","","","","","","","","","","",Incendiary,0,"","",0,"","",1,"","","","",0,"","","","","","",0,"","","","","","","","","","","","",PGIS,-9,-9,1,1,""
199203040002,1992,3,4,"",0,"",199,8,Western Europe,Ticino,Origlio,46.052582,8.946849,1,0,"","",0,1,1,1,2,Other Crime Type,0,0,0,1,Assassination,"","","","",14,Private Citizens & Property,67,Unnamed Civilian/Unspecified,"",Local Resident,199,Switzerland,"","","","","","","","","","","","","","","","",Unknown,"","","","","","",0,"","",0,1,"","","","","","","","","","","",5,Firearms,2,Automatic or Semi-Automatic Rifle,"","","","","","","","","","","","",AK-47,0,"","",1,"","",0,"","","","",0,"","","","","","",0,"","","","","","","","","","","","",PGIS,-9,-9,0,-9,""
199203040003,1992,3,4,"",0,"",199,8,Western Europe,Ticino,Rivera-Bironico,46.116667,8.933333,1,0,"","",1,1,1,-9,"","",0,1,0,1,Assassination,"","","","",14,Private Citizens & Property,67,Unnamed Civilian/Unspecified,"",Local Residents,199,Switzerland,"","","","","","","","","","","","","","","","",Unknown,"","","","","","",0,"","",0,1,"","","","","","","","","","","",5,Firearms,2,Automatic or Semi-Automatic Rifle,"","","","","","","","","","","","",AK-47,3,"","",4,"","",0,"","","","",0,"","","","","","",0,"","","","","","","","","","","","",PGIS,-9,-9,0,-9,""
199203040004,1992,3,4,"",0,"",199,8,Western Europe,Ticino,Rivera-Bironico,46.116667,8.933333,1,0,"","",1,1,1,-9,"","",0,1,0,1,Assassination,"","","","",14,Private Citizens & Property,67,Unnamed Civilian/Unspecified,"",Local Residents,199,Switzerland,"","","","","","","","","","","","","","","","",Unknown,"","","","","","",0,"","",0,1,"","","","","","","","","","","",5,Firearms,2,Automatic or Semi-Automatic Rifle,"","","","","","","","","","","","",AK-47,3,"","",0,"","",0,"","","","",0,"","","","","","",0,"","","","","","","","","","","","",PGIS,-9,-9,0,-9,""
199203040005,1992,3,4,"",0,"",199,8,Western Europe,Ticino,Massagno,46.013485,8.943198,1,0,"","",0,1,1,1,2,Other Crime Type,0,0,0,2,Armed Assault,"","","","",14,Private Citizens & Property,67,Unnamed Civilian/Unspecified,"",Local Residents,199,Switzerland,"","","","","","","","","","","","","","","","",Unknown,"","","","","","",0,"","",0,1,"","","","","","","","","","","",5,Firearms,2,Automatic or Semi-Automatic Rifle,"","","","","","","","","","","","",AK-47,0,"","",1,"","",0,"","","","",0,"","","","","","",0,"","","","","","","","","","","","",PGIS,-9,-9,0,-9,""
199203150009,1992,3,15,"",0,"",199,8,Western Europe,Geneva,Geneva,46.198392,6.142296,1,0,"","",1,1,1,0,"","",0,1,0,3,Bombing/Explosion,"","","","",9,Food or Water Supply,52,Water Supply,Utility,Sewage Pumping Station,199,Switzerland,"","","","","","","","","","","","","","","","",Unknown,"","","","","","",0,"","",0,"","","","","","","","","","","","",6,Explosives,16,Unknown Explosive Type,"","","","","","","","","","","","",Explosive,0,"","",0,"","",1,"","","","",0,"","","","","","",0,"","","","","","","","","","","","",PGIS,-9,-9,0,-9,""
199204050014,1992,4,5,"",0,"",199,8,Western Europe,Bern,Bern,46.947922,7.444608,1,0,"","",1,1,1,-9,"","",0,1,0,9,Unknown,"","","","",7,Government (Diplomatic),46,Embassy/Consulate,Iran State Dept.,Iranian embassy,94,Iran,"","","","","","","","","","","","","","","","",Anti-Iran Government Exiles,"","","","","","",0,"","",0,24,"","","","","","","","","","","",13,Unknown,"","","","","","","","","","","","","","","",0,"","",0,"","",1,"","","","",0,"","","","","","",0,"","","","","","","","","","","","",PGIS,-9,-9,1,1,""
199503180001,1995,3,18,"",0,"",199,8,Western Europe,Saint Gallen,St. Gallen,47.4241,9.37088,1,0,"","",1,1,1,-9,"","",0,1,0,7,Facility/Infrastructure Attack,"","","","",1,Business,11,Entertainment/Cultural/Stadium/Casino,Unk,Turk Tvl Agency,209,Turkey,"","","","","","","","","","","","","","","","",Unknown,"","","","","","",0,"","",0,"","","","","","","","","","","","",8,Incendiary,"","","","","","","","","","","","","","",Incendiary,0,"","",0,"","",1,"","","","",0,"","","","","","",0,"","","","","","","","","","","","",PGIS,-9,-9,1,1,""
199503180002,1995,3,18,"",0,"",199,8,Western Europe,Aargau,Aarau,47.39066,8.04592,1,0,"","",1,1,1,-9,"","",0,1,0,7,Facility/Infrastructure Attack,"","","","",1,Business,11,Entertainment/Cultural/Stadium/Casino,Unk,Turk Tvl Agency,209,Turkey,"","","","","","","","","","","","","","","","",Unknown,"","","","","","",0,"","",0,"","","","","","","","","","","","",8,Incendiary,"","","","","","","","","","","","","","",Incendiary,0,"","",0,"","",1,"","","","",0,"","","","","","",0,"","","","","","","","","","","","",PGIS,-9,-9,1,1,""
199507150005,1995,7,15,"",0,"",199,8,Western Europe,Bern,Bern,46.947922,7.444608,1,0,"","",1,1,1,-9,"","",0,1,0,2,Armed Assault,"","","","",19,Transportation,100,Train/Train Tracks/Trolley,"",French Train,69,France,"","","","","","","","","","","","","","","","",Unknown,"","","","","","",0,"","",0,"","","","","","","","","","","","",8,Incendiary,"","","","","","","","","","","","","","",Incendiary,0,"","",0,"","",1,"","","","",0,"","","","","","",0,"","","","","","","","","","","","",PGIS,-9,-9,1,1,""
199508130014,1995,8,13,"",0,"",199,8,Western Europe,Bern,Bern,46.947922,7.444608,1,0,"","",1,1,1,-9,"","",0,1,0,2,Armed Assault,"","","","",19,Transportation,100,Train/Train Tracks/Trolley,"",French Train,69,France,"","","","","","","","","","","","","","","","",Unknown,"","","","","","",0,"","",0,"","","","","","","","","","","","",8,Incendiary,"","","","","","","","","","","","","","",Incendiary,0,"","",0,"","",1,"","","","",0,"","","","","","",0,"","","","","","","","","","","","",PGIS,-9,-9,1,1,""
199511130006,1995,11,13,"",0,"",199,8,Western Europe,Geneva,Geneva,46.198392,6.142296,1,0,"","",1,1,1,0,"","",0,1,0,1,Assassination,"","","","",7,Government (Diplomatic),45,"Diplomatic Personnel (outside of embassy, consulate)","",Diplomat,60,Egypt,"","","","","","","","","","","","","","","","",International Justice Group (Gama'a al-Adela al-Alamiya),"","","","","","",0,"","",0,"","","","","","","","","","","","",5,Firearms,5,Unknown Gun Type,"","","","","","","","","","","","",Small caliber,1,"","",0,"","",0,"","","","",0,"","","","","","",0,"","","","","","","","","","","","",PGIS,0,1,1,1,""
199607130001,1996,7,13,"",0,"",199,8,Western Europe,Basel-Stadt,Basel,47.557421,7.592573,1,0,"","",1,1,1,-9,"","",0,1,0,7,Facility/Infrastructure Attack,"","","","",1,Business,11,Entertainment/Cultural/Stadium/Casino,"",Turkish Travel Agency,209,Turkey,"","","","","","","","","","","","","","","","",Unknown,"","","","","","",0,"","",0,"","","","","","","","","","","","",8,Incendiary,"","","","","","","","","","","","","","",Incendiary,0,"","",0,"","",1,"","","","",0,"","","","","","",0,"","","","","","","","","","","","",PGIS,-9,-9,1,1,""
199607240002,1996,7,24,"",0,"",199,8,Western Europe,Saint Gallen,Rapperswil,47.226417,8.822621,1,0,"","",1,1,1,0,"","",0,1,0,3,Bombing/Explosion,"","","","",20,Unknown,"","",Unk,U/I Couple,186,Sri Lanka,"","","","","","","","","","","","","","","","",Unknown,"","","","","","",0,"","",0,"","","","","","","","","","","","",6,Explosives,16,Unknown Explosive Type,"","","","","","","","","","","","",Explosive,0,"","",2,"","",1,"","","","",0,"","","","","","",0,"","","","","","","","","","","","",PGIS,-9,-9,1,1,""
199611150001,1996,11,15,"",0,"",199,8,Western Europe,Saint Gallen,Buschs,47.16554,9.470859,1,0,"","",1,1,1,-9,"","",0,1,0,3,Bombing/Explosion,"","","","",14,Private Citizens & Property,67,Unnamed Civilian/Unspecified,"",Unknown ( Girl Killed by Letter Bomb),199,Switzerland,"","","","","","","","","","","","","","","","",Unknown,"","","","","","",0,"","",0,"","","","","","","","","","","","",6,Explosives,16,Unknown Explosive Type,"","","","","","","","","","","","",Explosive,1,"","",1,"","",1,"","","","",0,"","","","","","",0,"","","","","","","","","","","","",PGIS,-9,-9,0,-9,""
199611150002,1996,11,15,"",0,"",199,8,Western Europe,Saint Gallen,Flawil,47.413811,9.185824,1,0,"","",1,1,1,-9,"","",0,1,0,3,Bombing/Explosion,"","","","",1,Business,7,Retail/Grocery/Bakery,Unk,Grocery Store,199,Switzerland,"","","","","","","","","","","","","","","","",Unknown,"","","","","","",0,"","",0,"","","","","","","","","","","","",6,Explosives,16,Unknown Explosive Type,"","","","","","","","","","","","",Explosive,0,"","",0,"","",1,"","","","",0,"","","","","","",0,"","","","","","","","","","","","",PGIS,-9,-9,0,-9,""
199708310005,1997,8,31,"",0,"",199,8,Western Europe,Basel-Stadt,Basel,47.557421,7.592573,1,0,"","",1,1,1,0,"","",0,1,0,3,Bombing/Explosion,"","","","",20,Unknown,"","","",Unk,199,Switzerland,"","","","","","","","","","","","","","","","",Unknown,"","","","","","",0,"","",0,"","","","","","","","","","","","",6,Explosives,31,Pipe Bomb,"","","","","","","","","","","","","",0,"","",0,"","",1,"","","","",0,"","","","","","",0,"","","","","","","","","","","","",PGIS,-9,-9,0,-9,""
199810130002,1998,10,13,"",0,"",199,8,Western Europe,Saint Gallen,Bronschhofen,47.475889,9.036473,1,0,"","10/13/1998: A military building that was housing refugees from Kosovo was bombed in Bronschhofen, Switzerland. There were no casualties and only minor damage. No one was suspected or claimed responsibility for this attack.",1,1,1,0,"","",0,1,0,3,Bombing/Explosion,"","","","",4,Military,27,Military Barracks/Base/Headquarters/Checkpost,Swiss Military,"Military building housing Kosovo refugees in Bronschhofen, Switzerland",199,Switzerland,14,Private Citizens & Property,"","",Refugees,Refugees from Kosovo housed at the Swiss Military building,999,Multinational,"","","","","","","","",Unknown,"","","","","",Unknown,0,"","",0,"",0,0,"","","","","","","","","",6,Explosives,16,Unknown Explosive Type,"","","","","","","","","","","","","",0,0,0,0,0,0,1,3,Minor (likely < $1 million),1500,"Damage was estimated at 2,000 Swiss francs ($1,500) and consisted mainly of broken glass.",0,"","","","","","","","","","","","","","","","","\"\"\"Bomb Explodes in Barracks Earmarked for Kosovar Refugees",� Agence France Presse,October 14,"1998.\"","","",CETIS,-9,-9
199902160009,1999,2,16,"",1,"",199,8,Western Europe,Geneva,Geneva,46.198392,6.142296,1,0,"","02/16/1999: Twelve hostages were taken when 30 Kurdish protestors attacked the Swiss Socialist Party headquarters in Geneva, Switzerland. One of the hostages, Erik Grobet, asked police by phone not to intervene and to keep away from party headquarters. No further information was provided regarding the resolution of this attack.",1,1,1,0,"","",0,1,0,6,Hostage Taking (Kidnapping),"","","","",2,Government (General),15,Politician or Political Party Movement/Meeting/Rally,Swiss Socialist Party,"Swiss Socialist Party headquarters in Geneva, Switzerland",199,Switzerland,"","","","","","","","","","","","","","","","",Unknown,"","","","","",Unknown,0,"","",0,30,0,0,"","","","","","","","","",5,Firearms,5,Unknown Gun Type,"","","","","","","","","","","","","",0,0,0,0,0,0,0,"","","","",1,12,0,"",-99,"","",0,"","","","","",7,Unknown,-99,"Following the capture of Abdullah �calan, who was the leader of the Kurdistan Workers' Party (PKK), many such similar incidents of break-in and hostage-taking were perpetrated by angry Kurds, targeting diplomatic missions and UN organizations.","\"\"\"Swiss Socialist Party Members Held Hostage by Kurds",� Agence France Presse,February 16,"1999.\"","\"\"\"'Kurdish Militants' Take 'Dozen' Swiss Socialists Hostage",� Agence France Presse,February 16,"1999.\"",""
199902190001,1999,2,19,"",1,"",199,8,Western Europe,Bern,Berne,46.947922,7.444608,1,0,"","02/19/1999: The Swiss Radical-Democratic Party (PRD) in central Berne, Switzerland, was stormed by some 30 to 40 Kurdish men from the Kurdistan Workers' Party (PKK), armed with jerry cans. Two hostages were taken and eventually released unharmed. Twelve Kurds were subsequently arrested, but reports did not indicate whether they were charged with any crime.",1,1,1,0,"","",0,1,0,5,Hostage Taking (Barricade Incident),2,Armed Assault,"","",2,Government (General),15,Politician or Political Party Movement/Meeting/Rally,Swiss Radical-Democratic Party (PRD),"Swiss Radical-Democratic Party (PRD) in central Berne, Switzerland",199,Switzerland,"","","","","","","","","","","","","","","","",Kurdistan Workers' Party (PKK),"","","","","",Unknown,0,"","",0,30,12,0,"","","","","","","","","",8,Incendiary,18,Arson/Fire,"","","","","","","","","","","","",The protestors used Jerry cans.,0,0,0,0,0,0,1,3,Minor (likely < $1 million),"","",1,2,0,-99,"","","",0,"","","","","",2,Hostage(s) released by perpetrators,2,"Following the capture of Abdullah �calan, who was the leader of the Kurdistan Workers' Party (PKK), many such similar incidents of break-in and hostage-taking were perpetrated by angry Kurds, targeting diplomatic missions and UN organizations.","\"\"\"Kurds Storm Berne PRD Headquarters",Take Two Hostages,� Agence France Presse,February 19,"1999.\"","","",CETIS,1
200001150001,2000,1,15,"",0,"",199,8,Western Europe,Graubunden,Davos,46.80012,9.83089,1,0,"","01/15/2000: Two rockets were fired at the international congress center in Davos, Switzerland, where the World Economic Forum was scheduled for January 27-February 1, 2000. An anonymous message was faxed to a number of media outlets by opponents of the World Trade Organization and globalization.",1,1,1,0,"","",0,1,0,3,Bombing/Explosion,"","","","",14,Private Citizens & Property,81,Museum/Cultural Center/Cultural House,World Economic Forum,The international conference center where the World Economic Forum was held a week after the event,199,Switzerland,"","","","","","","","","","","","","","","","",Unknown,"","","","","",An anonymous message was sent by opponents of the World Trade Organization and globalization.,0,"","",0,"",0,0,"","","","","","","","","",6,Explosives,11,"Projectile (rockets, mortars, RPGs, etc.)","","","","","","","","","","","","","",0,0,0,0,0,0,-9,"","","","",0,"","","","","","","","","","","","","","","","","Konstantin Pribytkov, �TASS Reports Rocket Attack on Davos Congress Center,� ITAR-TASS, January 16, 2000.","","",CETIS,-9,-9,0,-9,""
200004250002,2000,4,25,"",0,"",199,8,Western Europe,Bern,Berne,46.947922,7.444608,1,0,The home of the intelligence coordinator in Bern,"4/25/2000: Members of the Revolutionary Perspective detonated a small bomb at the home of the intelligence coordinator, Jacques Pitteloud, in Bern, Switzerland.  No one was injured, but the explosion caused minor damage to the building.  The assailants sent a letter to the police stating that the attack was in response to a Swiss Army exhibition opening in Basel the same week.  The attack was paired with another bombing that happened at the offices of the defense minister in Bern.",1,1,1,0,"","",1,1,0,3,Bombing/Explosion,"","","","",2,Government (General),20,Intelligence,Swiss intelligence,"Jacques Pitteloud, the Swiss intelligence coordinator",199,Switzerland,"","","","","","","","","","","","","","","","",Revolutionary Perspective,"","","","","",The assailants sent a letter to the police stating that the attack was in response to a Swiss Army exhibition opening in Basel the same week.,0,"","",0,-99,0,1,1,Letter,"","","","","","",0,6,Explosives,16,Unknown Explosive Type,"","","","","","","","","","","","","",0,0,0,0,0,0,1,4,Unknown,"",Minor damage to the building,0,"","","","","","","","","","","","","","","","","\"\"\"Swiss police investigate into bomb attacks in Bern","\"\" Xinhua News Agency",April 25,"2000.\"","\"\"\"Anti-militarists set off two bombs in Berne","\"\" Deutsche Presse-Agentur",April 25,"2000.\"",""
200004250004,2000,4,25,"",0,"",199,8,Western Europe,Bern,Berne,46.947922,7.444608,1,0,"","4/25/2000: Members of the Revolutionary Perspective detonated a small bomb at the offices of the defense minister in Bern, Switzerland.  No one was injured, but the explosion caused minor damage to the building.  The assailants sent a letter to the police stating that the attack was in response to a Swiss Army exhibition opening in Basel the same week.  The attack was paired with another bombing that happened at the home of the intelligence coordinator, Jacques Pitteloud, in Bern.",1,1,1,0,"","",1,1,0,3,Bombing/Explosion,"","","","",2,Government (General),21,Government Building/Facility/Office,Defense ministry,The offices and staff of the Swiss defense ministry,199,Switzerland,"","","","","","","","","","","","","","","","",Revolutionary Perspective,"","","","","",The assailants sent a letter to the police stating that the attack was in response to a Swiss Army exhibition opening in Basel the same week.,0,"","",0,-99,0,1,1,Letter,"","","","","","",0,6,Explosives,16,Unknown Explosive Type,"","","","","","","","","","","","","",0,0,0,0,0,0,1,4,Unknown,"",Minor damage to the building,0,"","","","","","","","","","","","","","","","","\"\"\"Swiss police investigate into bomb attacks in Bern","\"\" Xinhua News Agency",April 25,"2000.\"","\"\"\"Anti-militarists set off two bombs in Berne","\"\" Deutsche Presse-Agentur",April 25,"2000.\"",""
200011200004,2000,11,20,"",0,"",199,8,Western Europe,Zurich,Zurich,47.36865,8.539182,1,0,"","11/20/2000: An explosive device was hurled at the entrance to the French Consulate in Zurich, Switzerland. No one was injured in the attack, which caused minimal damage to the Consulate. Revolutionary Perspective claimed responsibility for the attack and expressed solidarity with members of the Spanish underground organization, Grapo, who were imprisoned in France.",1,1,1,0,"","",0,1,0,3,Bombing/Explosion,"","","","",7,Government (Diplomatic),46,Embassy/Consulate,French Ministry of Foreign Affairs,The French Consulate in Zurich,69,France,"","","","","","","","","","","","","","","","",Revolutionary Perspective,"","","","","","The attack was an expression of solidarity with the Spanish underground organization, Grapo.",0,"","",0,"",0,1,2,Call (post-incident),"","","","","","",-9,6,Explosives,16,Unknown Explosive Type,"","","","","","","","","","","","","",0,0,0,0,0,0,1,3,Minor (likely < $1 million),"","",0,"","","","","","","","","","","","","","","",The claim of responsibility was made to Radio Z.,"\"\"\"Switzerland: Bomb Attack on French Consulate in Zurich",� Swiss Info,November 20,"2000.\"","","",CETIS,1,1
200101030002,2001,1,3,"",0,"",199,8,Western Europe,Zurich,Zurich,47.36865,8.539182,1,0,"","\"01/03/2001: Members of a group calling itself \"\"For a Revolutionary Perspective\"\" placed an explosive device in front of the offices of the El-Al Airlines in Zurich",Switzerland. No injuries were reported,but the explosion seriously damaged the facility,causing $5,"500 in damage.\"",1,1,1,0,"","",0,1,0,3,Bombing/Explosion,"","","","",6,Airports & Aircraft,43,Airline Officer/Personnel,El-Al Airline,The Zurich offices of El-Al Airlines,97,Israel,"","","","","","","","","","","","","","","","",Revolutionary Perspective,"","","","","","\"The organization said the attack was designed to halt \"\"massacres\"\" in Turkey","Kurdish areas and Palestine.\"",0,"","",0,"","",1,9,Other,"","","","","","",-9,6,Explosives,14,Time Fuse,"","","","","","","","","","","","","",0,0,0,0,0,0,1,3,Minor (likely < $1 million),5500,"Reports of the incident noted that the cost of repairing the damage was estimated to be around $5,500 US dollars.",0,"","","","","","","","","","","","","","","","\"For a Revolutionary Perspective claimed responsibility with a fax to the Swiss news agency ATS. Five days after this attack, the group published a manifesto, titled \"\"Communiqu� from Militants in Switzerland.\"\"\"","\"\"\"Blast Damages Israeli Airline Office in Zurich",� Agence France Presse,January 3,"2001.\""
